DATAFLOW,FREQ,ADJUSTMENT,REF_AREA,SECTOR,COUNTERPART_SECTOR,TRANSACTION,INSTR_ASSET,ACTIVITY,EXPENDITURE,UNIT_MEASURE,PRICE_BASE,TRANSFORMATION,TABLE_IDENTIFIER,TIME_PERIOD,OBS_VALUE,REF_YEAR_PRICE,BASE_PER,CONF_STATUS,DECIMALS,OBS_STATUS,UNIT_MULT,CURRENCY
OECD.SDD.NAD:DSD_NAMAIN1@DF_QNA_INC_SAV(1.1),Q,Y,AUS,S1,S1,B6N,_Z,_Z,_Z,XDC,V,N,T0107,2023-Q1,510316,,,F,1,A,6,AUD
OECD.SDD.NAD:DSD_NAMAIN1@DF_QNA_INC_SAV(1.1),Q,Y,AUS,S1,S1,B6N,_Z,_Z,_Z,XDC,V,N,T0107,2007-Q2,223718,,,F,1,A,6,AUD
OECD.SDD.NAD:DSD_NAMAIN1@DF_QNA_INC_SAV(1.1),Q,Y,AUS,S1,S1,B6N,_Z,_Z,_Z,XDC,V,N,T0107,2025-Q2,558592,,,F,1,A,6,AUD
OECD.SDD.NAD:DSD_NAMAIN1@DF_QNA_INC_SAV(1.1),Q,Y,AUS,S1,S1,B6N,_Z,_Z,_Z,XDC,V,N,T0107,2015-Q3,329555,,,F,1,A,6,AUD
OECD.SDD.NAD:DSD_NAMAIN1@DF_QNA_INC_SAV(1.1),Q,N,AUS,S1,S1,B6G,_Z,_Z,_Z,XDC,V,N,T0107,2005-Q2,224147,,,F,1,A,6,AUD
OECD.SDD.NAD:DSD_NAMAIN1@DF_QNA_INC_SAV(1.1),Q,N,AUS,S1,S1,B6G,_Z,_Z,_Z,XDC,V,N,T0107,2005-Q1,217391,,,F,1,A,6,AUD
OECD.SDD.NAD:DSD_NAMAIN1@DF_QNA_INC_SAV(1.1),Q,N,AUS,S1,S1,B6G,_Z,_Z,_Z,XDC,V,N,T0107,2004-Q4,232664,,,F,1,A,6,AUD
OECD.SDD.NAD:DSD_NAMAIN1@DF_QNA_INC_SAV(1.1),Q,N,AUS,S1,S1,B6G,_Z,_Z,_Z,XDC,V,N,T0107,2004-Q3,217446,,,F,1,A,6,AUD
OECD.SDD.NAD:DSD_NAMAIN1@DF_QNA_INC_SAV(1.1),Q,N,AUS,S1,S1,B6G,_Z,_Z,_Z,XDC,V,N,T0107,2004-Q2,212048,,,F,1,A,6,AUD
OECD.SDD.NAD:DSD_NAMAIN1@DF_QNA_INC_SAV(1.1),Q,N,AUS,S1,S1,B6G,_Z,_Z,_Z,XDC,V,N,T0107,2004-Q1,204478,,,F,1,A,6,AUD
OECD.SDD.NAD:DSD_NAMAIN1@DF_QNA_INC_SAV(1.1),Q,N,AUS,S1,S1,B6G,_Z,_Z,_Z,XDC,V,N,T0107,2003-Q4,221002,,,F,1,A,6,AUD
OECD.SDD.NAD:DSD_NAMAIN1@DF_QNA_INC_SAV(1.1),Q,N,AUS,S1,S1,B6G,_Z,_Z,_Z,XDC,V,N,T0107,2003-Q3,203887,,,F,1,A,6,AUD
OECD.SDD.NAD:DSD_NAMAIN1@DF_QNA_INC_SAV(1.1),Q,N,AUS,S1,S1,B6G,_Z,_Z,_Z,XDC,V,N,T0107,2001-Q4,193315,,,F,1,A,6,AUD
OECD.SDD.NAD:DSD_NAMAIN1@DF_QNA_INC_SAV(1.1),Q,N,AUS,S1,S1,B6G,_Z,_Z,_Z,XDC,V,N,T0107,2001-Q3,178292,,,F,1,A,6,AUD
OECD.SDD.NAD:DSD_NAMAIN1@DF_QNA_INC_SAV(1.1),Q,N,AUS,S1,S1,B6G,_Z,_Z,_Z,XDC,V,N,T0107,2001-Q2,171399,,,F,1,A,6,AUD
OECD.SDD.NAD:DSD_NAMAIN1@DF_QNA_INC_SAV(1.1),Q,N,AUS,S1,S1,B6G,_Z,_Z,_Z,XDC,V,N,T0107,2001-Q1,168917,,,F,1,A,6,AUD
OECD.SDD.NAD:DSD_NAMAIN1@DF_QNA_INC_SAV(1.1),Q,N,AUS,S1,S1,B6G,_Z,_Z,_Z,XDC,V,N,T0107,2000-Q4,178719,,,F,1,A,6,AUD
OECD.SDD.NAD:DSD_NAMAIN1@DF_QNA_INC_SAV(1.1),Q,N,AUS,S1,S1,B6G,_Z,_Z,_Z,XDC,V,N,T0107,2000-Q3,169536,,,F,1,A,6,AUD
OECD.SDD.NAD:DSD_NAMAIN1@DF_QNA_INC_SAV(1.1),Q,N,AUS,S1,S1,B6G,_Z,_Z,_Z,XDC,V,N,T0107,2000-Q2,163326,,,F,1,A,6,AUD
OECD.SDD.NAD:DSD_NAMAIN1@DF_QNA_INC_SAV(1.1),Q,N,AUS,S1,S1,B6G,_Z,_Z,_Z,XDC,V,N,T0107,2000-Q1,159704,,,F,1,A,6,AUD
OECD.SDD.NAD:DSD_NAMAIN1@DF_QNA_INC_SAV(1.1),Q,N,AUS,S1,S1,B6G,_Z,_Z,_Z,XDC,V,N,T0107,2023-Q1,596393,,,F,1,A,6,AUD
OECD.SDD.NAD:DSD_NAMAIN1@DF_QNA_INC_SAV(1.1),Q,N,AUS,S1,S1,B6G,_Z,_Z,_Z,XDC,V,N,T0107,2007-Q3,273113,,,F,1,A,6,AUD
OECD.SDD.NAD:DSD_NAMAIN1@DF_QNA_INC_SAV(1.1),Q,N,AUS,S1,S1,B6G,_Z,_Z,_Z,XDC,V,N,T0107,2007-Q2,266260,,,F,1,A,6,AUD
OECD.SDD.NAD:DSD_NAMAIN1@DF_QNA_INC_SAV(1.1),Q,N,AUS,S1,S1,B6G,_Z,_Z,_Z,XDC,V,N,T0107,2007-Q1,253798,,,F,1,A,6,AUD
OECD.SDD.NAD:DSD_NAMAIN1@DF_QNA_INC_SAV(1.1),Q,N,AUS,S1,S1,B6G,_Z,_Z,_Z,XDC,V,N,T0107,2006-Q4,270077,,,F,1,A,6,AUD
OECD.SDD.NAD:DSD_NAMAIN1@DF_QNA_INC_SAV(1.1),Q,N,AUS,S1,S1,B6G,_Z,_Z,_Z,XDC,V,N,T0107,2006-Q3,251870,,,F,1,A,6,AUD
OECD.SDD.NAD:DSD_NAMAIN1@DF_QNA_INC_SAV(1.1),Q,N,AUS,S1,S1,B6G,_Z,_Z,_Z,XDC,V,N,T0107,2006-Q2,240629,,,F,1,A,6,AUD
OECD.SDD.NAD:DSD_NAMAIN1@DF_QNA_INC_SAV(1.1),Q,N,AUS,S1,S1,B6G,_Z,_Z,_Z,XDC,V,N,T0107,2006-Q1,234144,,,F,1,A,6,AUD
OECD.SDD.NAD:DSD_NAMAIN1@DF_QNA_INC_SAV(1.1),Q,N,AUS,S1,S1,B6G,_Z,_Z,_Z,XDC,V,N,T0107,2005-Q4,251750,,,F,1,A,6,AUD
OECD.SDD.NAD:DSD_NAMAIN1@DF_QNA_INC_SAV(1.1),Q,N,AUS,S1,S1,B6G,_Z,_Z,_Z,XDC,V,N,T0107,2005-Q3,234954,,,F,1,A,6,AUD
OECD.SDD.NAD:DSD_NAMAIN1@DF_QNA_INC_SAV(1.1),Q,N,AUS,S1,S1,B6G,_Z,_Z,_Z,XDC,V,N,T0107,2020-Q1,476470,,,F,1,A,6,AUD
OECD.SDD.NAD:DSD_NAMAIN1@DF_QNA_INC_SAV(1.1),Q,N,AUS,S1,S1,B6G,_Z,_Z,_Z,XDC,V,N,T0107,2019-Q4,511693,,,F,1,A,6,AUD
OECD.SDD.NAD:DSD_NAMAIN1@DF_QNA_INC_SAV(1.1),Q,N,AUS,S1,S1,B6G,_Z,_Z,_Z,XDC,V,N,T0107,2019-Q3,492215,,,F,1,A,6,AUD
OECD.SDD.NAD:DSD_NAMAIN1@DF_QNA_INC_SAV(1.1),Q,N,AUS,S1,S1,B6G,_Z,_Z,_Z,XDC,V,N,T0107,2019-Q2,482301,,,F,1,A,6,AUD
OECD.SDD.NAD:DSD_NAMAIN1@DF_QNA_INC_SAV(1.1),Q,N,AUS,S1,S1,B6G,_Z,_Z,_Z,XDC,V,N,T0107,2014-Q3,395601,,,F,1,A,6,AUD
OECD.SDD.NAD:DSD_NAMAIN1@DF_QNA_INC_SAV(1.1),Q,N,AUS,S1,S1,B6G,_Z,_Z,_Z,XDC,V,N,T0107,2014-Q2,393662,,,F,1,A,6,AUD
OECD.SDD.NAD:DSD_NAMAIN1@DF_QNA_INC_SAV(1.1),Q,N,AUS,S1,S1,B6G,_Z,_Z,_Z,XDC,V,N,T0107,2014-Q1,375465,,,F,1,A,6,AUD
OECD.SDD.NAD:DSD_NAMAIN1@DF_QNA_INC_SAV(1.1),Q,N,AUS,S1,S1,B6G,_Z,_Z,_Z,XDC,V,N,T0107,2009-Q1,294740,,,F,1,A,6,AUD
OECD.SDD.NAD:DSD_NAMAIN1@DF_QNA_INC_SAV(1.1),Q,N,AUS,S1,S1,B6G,_Z,_Z,_Z,XDC,V,N,T0107,2008-Q4,320873,,,F,1,A,6,AUD
OECD.SDD.NAD:DSD_NAMAIN1@DF_QNA_INC_SAV(1.1),Q,N,AUS,S1,S1,B6G,_Z,_Z,_Z,XDC,V,N,T0107,2008-Q3,306562,,,F,1,A,6,AUD
OECD.SDD.NAD:DSD_NAMAIN1@DF_QNA_INC_SAV(1.1),Q,N,AUS,S1,S1,B6N,_Z,_Z,_Z,XDC,V,N,T0107,2024-Q2,532824,,,F,1,A,6,AUD
OECD.SDD.NAD:DSD_NAMAIN1@DF_QNA_INC_SAV(1.1),Q,N,AUS,S1,S1,B6G,_Z,_Z,_Z,XDC,V,N,T0107,2022-Q1,543192,,,F,1,A,6,AUD
OECD.SDD.NAD:DSD_NAMAIN1@DF_QNA_INC_SAV(1.1),Q,N,AUS,S1,S1,B6G,_Z,_Z,_Z,XDC,V,N,T0107,2021-Q3,532799,,,F,1,A,6,AUD
OECD.SDD.NAD:DSD_NAMAIN1@DF_QNA_INC_SAV(1.1),Q,N,AUS,S1,S1,B6G,_Z,_Z,_Z,XDC,V,N,T0107,2007-Q4,294217,,,F,1,A,6,AUD
OECD.SDD.NAD:DSD_NAMAIN1@DF_QNA_INC_SAV(1.1),Q,N,AUS,S1,S1,B6G,_Z,_Z,_Z,XDC,V,N,T0107,2018-Q4,486875,,,F,1,A,6,AUD
OECD.SDD.NAD:DSD_NAMAIN1@DF_QNA_INC_SAV(1.1),Q,N,AUS,S1,S1,B6G,_Z,_Z,_Z,XDC,V,N,T0107,2018-Q3,461837,,,F,1,A,6,AUD
OECD.SDD.NAD:DSD_NAMAIN1@DF_QNA_INC_SAV(1.1),Q,N,AUS,S1,S1,B6G,_Z,_Z,_Z,XDC,V,N,T0107,2018-Q2,456247,,,F,1,A,6,AUD
OECD.SDD.NAD:DSD_NAMAIN1@DF_QNA_INC_SAV(1.1),Q,N,AUS,S1,S1,B6G,_Z,_Z,_Z,XDC,V,N,T0107,2018-Q1,434560,,,F,1,A,6,AUD
OECD.SDD.NAD:DSD_NAMAIN1@DF_QNA_INC_SAV(1.1),Q,N,AUS,S1,S1,B6G,_Z,_Z,_Z,XDC,V,N,T0107,2017-Q4,459330,,,F,1,A,6,AUD
OECD.SDD.NAD:DSD_NAMAIN1@DF_QNA_INC_SAV(1.1),Q,N,AUS,S1,S1,B6G,_Z,_Z,_Z,XDC,V,N,T0107,2017-Q3,439431,,,F,1,A,6,AUD
OECD.SDD.NAD:DSD_NAMAIN1@DF_QNA_INC_SAV(1.1),Q,N,AUS,S1,S1,B6G,_Z,_Z,_Z,XDC,V,N,T0107,2017-Q2,435915,,,F,1,A,6,AUD
OECD.SDD.NAD:DSD_NAMAIN1@DF_QNA_INC_SAV(1.1),Q,N,AUS,S1,S1,B6G,_Z,_Z,_Z,XDC,V,N,T0107,2017-Q1,419179,,,F,1,A,6,AUD
OECD.SDD.NAD:DSD_NAMAIN1@DF_QNA_INC_SAV(1.1),Q,N,AUS,S1,S1,B6G,_Z,_Z,_Z,XDC,V,N,T0107,2016-Q4,444078,,,F,1,A,6,AUD
OECD.SDD.NAD:DSD_NAMAIN1@DF_QNA_INC_SAV(1.1),Q,N,AUS,S1,S1,B6G,_Z,_Z,_Z,XDC,V,N,T0107,2016-Q3,415955,,,F,1,A,6,AUD
OECD.SDD.NAD:DSD_NAMAIN1@DF_QNA_INC_SAV(1.1),Q,N,AUS,S1,S1,B6G,_Z,_Z,_Z,XDC,V,N,T0107,2016-Q2,409530,,,F,1,A,6,AUD
OECD.SDD.NAD:DSD_NAMAIN1@DF_QNA_INC_SAV(1.1),Q,N,AUS,S1,S1,B6G,_Z,_Z,_Z,XDC,V,N,T0107,2016-Q1,390655,,,F,1,A,6,AUD
OECD.SDD.NAD:DSD_NAMAIN1@DF_QNA_INC_SAV(1.1),Q,N,AUS,S1,S1,B6G,_Z,_Z,_Z,XDC,V,N,T0107,2015-Q4,419396,,,F,1,A,6,AUD
OECD.SDD.NAD:DSD_NAMAIN1@DF_QNA_INC_SAV(1.1),Q,N,AUS,S1,S1,B6G,_Z,_Z,_Z,XDC,V,N,T0107,2015-Q3,404900,,,F,1,A,6,AUD
OECD.SDD.NAD:DSD_NAMAIN1@DF_QNA_INC_SAV(1.1),Q,N,AUS,S1,S1,B6G,_Z,_Z,_Z,XDC,V,N,T0107,2015-Q2,399490,,,F,1,A,6,AUD
OECD.SDD.NAD:DSD_NAMAIN1@DF_QNA_INC_SAV(1.1),Q,N,AUS,S1,S1,B6G,_Z,_Z,_Z,XDC,V,N,T0107,2015-Q1,385382,,,F,1,A,6,AUD
OECD.SDD.NAD:DSD_NAMAIN1@DF_QNA_INC_SAV(1.1),Q,N,AUS,S1,S1,B6G,_Z,_Z,_Z,XDC,V,N,T0107,2014-Q4,414296,,,F,1,A,6,AUD
OECD.SDD.NAD:DSD_NAMAIN1@DF_QNA_INC_SAV(1.1),Q,N,AUS,S1,S1,B6G,_Z,_Z,_Z,XDC,V,N,T0107,2003-Q2,196736,,,F,1,A,6,AUD
OECD.SDD.NAD:DSD_NAMAIN1@DF_QNA_INC_SAV(1.1),Q,N,AUS,S1,S1,B6G,_Z,_Z,_Z,XDC,V,N,T0107,2003-Q1,189145,,,F,1,A,6,AUD
OECD.SDD.NAD:DSD_NAMAIN1@DF_QNA_INC_SAV(1.1),Q,N,AUS,S1,S1,B6G,_Z,_Z,_Z,XDC,V,N,T0107,2002-Q4,204117,,,F,1,A,6,AUD
OECD.SDD.NAD:DSD_NAMAIN1@DF_QNA_INC_SAV(1.1),Q,N,AUS,S1,S1,B6G,_Z,_Z,_Z,XDC,V,N,T0107,2002-Q3,191981,,,F,1,A,6,AUD
OECD.SDD.NAD:DSD_NAMAIN1@DF_QNA_INC_SAV(1.1),Q,N,AUS,S1,S1,B6G,_Z,_Z,_Z,XDC,V,N,T0107,2002-Q2,186550,,,F,1,A,6,AUD
OECD.SDD.NAD:DSD_NAMAIN1@DF_QNA_INC_SAV(1.1),Q,N,AUS,S1,S1,B6G,_Z,_Z,_Z,XDC,V,N,T0107,2002-Q1,179324,,,F,1,A,6,AUD
OECD.SDD.NAD:DSD_NAMAIN1@DF_QNA_INC_SAV(1.1),Q,N,AUS,S1,S1,B6N,_Z,_Z,_Z,XDC,V,N,T0107,2019-Q4,424229,,,F,1,A,6,AUD
OECD.SDD.NAD:DSD_NAMAIN1@DF_QNA_INC_SAV(1.1),Q,N,AUS,S1,S1,B6N,_Z,_Z,_Z,XDC,V,N,T0107,2019-Q3,405623,,,F,1,A,6,AUD
OECD.SDD.NAD:DSD_NAMAIN1@DF_QNA_INC_SAV(1.1),Q,N,AUS,S1,S1,B6N,_Z,_Z,_Z,XDC,V,N,T0107,2019-Q2,396655,,,F,1,A,6,AUD
OECD.SDD.NAD:DSD_NAMAIN1@DF_QNA_INC_SAV(1.1),Q,N,AUS,S1,S1,B6N,_Z,_Z,_Z,XDC,V,N,T0107,2019-Q1,372062,,,F,1,A,6,AUD
OECD.SDD.NAD:DSD_NAMAIN1@DF_QNA_INC_SAV(1.1),Q,N,AUS,S1,S1,B6N,_Z,_Z,_Z,XDC,V,N,T0107,2018-Q4,402963,,,F,1,A,6,AUD
OECD.SDD.NAD:DSD_NAMAIN1@DF_QNA_INC_SAV(1.1),Q,N,AUS,S1,S1,B6N,_Z,_Z,_Z,XDC,V,N,T0107,2018-Q3,378778,,,F,1,A,6,AUD
OECD.SDD.NAD:DSD_NAMAIN1@DF_QNA_INC_SAV(1.1),Q,N,AUS,S1,S1,B6N,_Z,_Z,_Z,XDC,V,N,T0107,2018-Q2,374048,,,F,1,A,6,AUD
OECD.SDD.NAD:DSD_NAMAIN1@DF_QNA_INC_SAV(1.1),Q,N,AUS,S1,S1,B6N,_Z,_Z,_Z,XDC,V,N,T0107,2018-Q1,353214,,,F,1,A,6,AUD
OECD.SDD.NAD:DSD_NAMAIN1@DF_QNA_INC_SAV(1.1),Q,N,AUS,S1,S1,B6N,_Z,_Z,_Z,XDC,V,N,T0107,2017-Q4,378818,,,F,1,A,6,AUD
OECD.SDD.NAD:DSD_NAMAIN1@DF_QNA_INC_SAV(1.1),Q,N,AUS,S1,S1,B6N,_Z,_Z,_Z,XDC,V,N,T0107,2017-Q3,359736,,,F,1,A,6,AUD
OECD.SDD.NAD:DSD_NAMAIN1@DF_QNA_INC_SAV(1.1),Q,N,AUS,S1,S1,B6N,_Z,_Z,_Z,XDC,V,N,T0107,2017-Q2,357174,,,F,1,A,6,AUD
OECD.SDD.NAD:DSD_NAMAIN1@DF_QNA_INC_SAV(1.1),Q,N,AUS,S1,S1,B6N,_Z,_Z,_Z,XDC,V,N,T0107,2017-Q1,341255,,,F,1,A,6,AUD
OECD.SDD.NAD:DSD_NAMAIN1@DF_QNA_INC_SAV(1.1),Q,N,AUS,S1,S1,B6N,_Z,_Z,_Z,XDC,V,N,T0107,2016-Q4,366816,,,F,1,A,6,AUD
OECD.SDD.NAD:DSD_NAMAIN1@DF_QNA_INC_SAV(1.1),Q,N,AUS,S1,S1,B6N,_Z,_Z,_Z,XDC,V,N,T0107,2016-Q3,339202,,,F,1,A,6,AUD
OECD.SDD.NAD:DSD_NAMAIN1@DF_QNA_INC_SAV(1.1),Q,N,AUS,S1,S1,B6N,_Z,_Z,_Z,XDC,V,N,T0107,2016-Q2,332898,,,F,1,A,6,AUD
OECD.SDD.NAD:DSD_NAMAIN1@DF_QNA_INC_SAV(1.1),Q,N,AUS,S1,S1,B6N,_Z,_Z,_Z,XDC,V,N,T0107,2016-Q1,314532,,,F,1,A,6,AUD
OECD.SDD.NAD:DSD_NAMAIN1@DF_QNA_INC_SAV(1.1),Q,N,AUS,S1,S1,B6N,_Z,_Z,_Z,XDC,V,N,T0107,2015-Q4,344016,,,F,1,A,6,AUD
OECD.SDD.NAD:DSD_NAMAIN1@DF_QNA_INC_SAV(1.1),Q,N,AUS,S1,S1,B6N,_Z,_Z,_Z,XDC,V,N,T0107,2015-Q3,330496,,,F,1,A,6,AUD
OECD.SDD.NAD:DSD_NAMAIN1@DF_QNA_INC_SAV(1.1),Q,N,AUS,S1,S1,B6N,_Z,_Z,_Z,XDC,V,N,T0107,2015-Q2,326202,,,F,1,A,6,AUD
OECD.SDD.NAD:DSD_NAMAIN1@DF_QNA_INC_SAV(1.1),Q,N,AUS,S1,S1,B6N,_Z,_Z,_Z,XDC,V,N,T0107,2015-Q1,313071,,,F,1,A,6,AUD
OECD.SDD.NAD:DSD_NAMAIN1@DF_QNA_INC_SAV(1.1),Q,N,AUS,S1,S1,B6N,_Z,_Z,_Z,XDC,V,N,T0107,2014-Q4,343056,,,F,1,A,6,AUD
OECD.SDD.NAD:DSD_NAMAIN1@DF_QNA_INC_SAV(1.1),Q,N,AUS,S1,S1,B6N,_Z,_Z,_Z,XDC,V,N,T0107,2014-Q3,325527,,,F,1,A,6,AUD
OECD.SDD.NAD:DSD_NAMAIN1@DF_QNA_INC_SAV(1.1),Q,N,AUS,S1,S1,B6N,_Z,_Z,_Z,XDC,V,N,T0107,2014-Q2,324878,,,F,1,A,6,AUD
OECD.SDD.NAD:DSD_NAMAIN1@DF_QNA_INC_SAV(1.1),Q,N,AUS,S1,S1,B6N,_Z,_Z,_Z,XDC,V,N,T0107,2014-Q1,307846,,,F,1,A,6,AUD
OECD.SDD.NAD:DSD_NAMAIN1@DF_QNA_INC_SAV(1.1),Q,N,AUS,S1,S1,B6N,_Z,_Z,_Z,XDC,V,N,T0107,2013-Q4,340920,,,F,1,A,6,AUD
OECD.SDD.NAD:DSD_NAMAIN1@DF_QNA_INC_SAV(1.1),Q,N,AUS,S1,S1,B6N,_Z,_Z,_Z,XDC,V,N,T0107,2013-Q3,319326,,,F,1,A,6,AUD
OECD.SDD.NAD:DSD_NAMAIN1@DF_QNA_INC_SAV(1.1),Q,N,AUS,S1,S1,B6N,_Z,_Z,_Z,XDC,V,N,T0107,2013-Q2,316346,,,F,1,A,6,AUD
OECD.SDD.NAD:DSD_NAMAIN1@DF_QNA_INC_SAV(1.1),Q,N,AUS,S1,S1,B6N,_Z,_Z,_Z,XDC,V,N,T0107,2013-Q1,298413,,,F,1,A,6,AUD
OECD.SDD.NAD:DSD_NAMAIN1@DF_QNA_INC_SAV(1.1),Q,N,AUS,S1,S1,B6N,_Z,_Z,_Z,XDC,V,N,T0107,2012-Q4,326565,,,F,1,A,6,AUD
OECD.SDD.NAD:DSD_NAMAIN1@DF_QNA_INC_SAV(1.1),Q,N,AUS,S1,S1,B6N,_Z,_Z,_Z,XDC,V,N,T0107,2012-Q3,310222,,,F,1,A,6,AUD
OECD.SDD.NAD:DSD_NAMAIN1@DF_QNA_INC_SAV(1.1),Q,N,AUS,S1,S1,B6N,_Z,_Z,_Z,XDC,V,N,T0107,2012-Q2,306714,,,F,1,A,6,AUD
OECD.SDD.NAD:DSD_NAMAIN1@DF_QNA_INC_SAV(1.1),Q,N,AUS,S1,S1,B6N,_Z,_Z,_Z,XDC,V,N,T0107,2012-Q1,289473,,,F,1,A,6,AUD
OECD.SDD.NAD:DSD_NAMAIN1@DF_QNA_INC_SAV(1.1),Q,N,AUS,S1,S1,B6N,_Z,_Z,_Z,XDC,V,N,T0107,2011-Q4,319606,,,F,1,A,6,AUD
OECD.SDD.NAD:DSD_NAMAIN1@DF_QNA_INC_SAV(1.1),Q,N,AUS,S1,S1,B6G,_Z,_Z,_Z,XDC,V,N,T0107,2012-Q4,388647,,,F,1,A,6,AUD
OECD.SDD.NAD:DSD_NAMAIN1@DF_QNA_INC_SAV(1.1),Q,N,AUS,S1,S1,B6G,_Z,_Z,_Z,XDC,V,N,T0107,2012-Q3,371467,,,F,1,A,6,AUD
OECD.SDD.NAD:DSD_NAMAIN1@DF_QNA_INC_SAV(1.1),Q,N,AUS,S1,S1,B6G,_Z,_Z,_Z,XDC,V,N,T0107,2012-Q2,367152,,,F,1,A,6,AUD
OECD.SDD.NAD:DSD_NAMAIN1@DF_QNA_INC_SAV(1.1),Q,N,AUS,S1,S1,B6G,_Z,_Z,_Z,XDC,V,N,T0107,2012-Q1,349074,,,F,1,A,6,AUD
OECD.SDD.NAD:DSD_NAMAIN1@DF_QNA_INC_SAV(1.1),Q,N,AUS,S1,S1,B6G,_Z,_Z,_Z,XDC,V,N,T0107,2011-Q4,378475,,,F,1,A,6,AUD
OECD.SDD.NAD:DSD_NAMAIN1@DF_QNA_INC_SAV(1.1),Q,N,AUS,S1,S1,B6G,_Z,_Z,_Z,XDC,V,N,T0107,2011-Q3,362358,,,F,1,A,6,AUD
OECD.SDD.NAD:DSD_NAMAIN1@DF_QNA_INC_SAV(1.1),Q,N,AUS,S1,S1,B6G,_Z,_Z,_Z,XDC,V,N,T0107,2011-Q2,348551,,,F,1,A,6,AUD
OECD.SDD.NAD:DSD_NAMAIN1@DF_QNA_INC_SAV(1.1),Q,N,AUS,S1,S1,B6G,_Z,_Z,_Z,XDC,V,N,T0107,2011-Q1,325969,,,F,1,A,6,AUD
OECD.SDD.NAD:DSD_NAMAIN1@DF_QNA_INC_SAV(1.1),Q,N,AUS,S1,S1,B6G,_Z,_Z,_Z,XDC,V,N,T0107,2010-Q4,354133,,,F,1,A,6,AUD
OECD.SDD.NAD:DSD_NAMAIN1@DF_QNA_INC_SAV(1.1),Q,N,AUS,S1,S1,B6G,_Z,_Z,_Z,XDC,V,N,T0107,2010-Q3,334303,,,F,1,A,6,AUD
OECD.SDD.NAD:DSD_NAMAIN1@DF_QNA_INC_SAV(1.1),Q,N,AUS,S1,S1,B6G,_Z,_Z,_Z,XDC,V,N,T0107,2010-Q2,326661,,,F,1,A,6,AUD
OECD.SDD.NAD:DSD_NAMAIN1@DF_QNA_INC_SAV(1.1),Q,N,AUS,S1,S1,B6G,_Z,_Z,_Z,XDC,V,N,T0107,2013-Q4,407402,,,F,1,A,6,AUD
OECD.SDD.NAD:DSD_NAMAIN1@DF_QNA_INC_SAV(1.1),Q,N,AUS,S1,S1,B6G,_Z,_Z,_Z,XDC,V,N,T0107,2013-Q3,384701,,,F,1,A,6,AUD
OECD.SDD.NAD:DSD_NAMAIN1@DF_QNA_INC_SAV(1.1),Q,N,AUS,S1,S1,B6G,_Z,_Z,_Z,XDC,V,N,T0107,2013-Q2,380507,,,F,1,A,6,AUD
OECD.SDD.NAD:DSD_NAMAIN1@DF_QNA_INC_SAV(1.1),Q,N,AUS,S1,S1,B6G,_Z,_Z,_Z,XDC,V,N,T0107,2013-Q1,361467,,,F,1,A,6,AUD
OECD.SDD.NAD:DSD_NAMAIN1@DF_QNA_INC_SAV(1.1),Q,N,AUS,S1,S1,B6G,_Z,_Z,_Z,XDC,V,N,T0107,2010-Q1,301350,,,F,1,A,6,AUD
OECD.SDD.NAD:DSD_NAMAIN1@DF_QNA_INC_SAV(1.1),Q,N,AUS,S1,S1,B6G,_Z,_Z,_Z,XDC,V,N,T0107,2009-Q4,322804,,,F,1,A,6,AUD
OECD.SDD.NAD:DSD_NAMAIN1@DF_QNA_INC_SAV(1.1),Q,N,AUS,S1,S1,B6G,_Z,_Z,_Z,XDC,V,N,T0107,2009-Q3,304940,,,F,1,A,6,AUD
OECD.SDD.NAD:DSD_NAMAIN1@DF_QNA_INC_SAV(1.1),Q,N,AUS,S1,S1,B6G,_Z,_Z,_Z,XDC,V,N,T0107,2009-Q2,297387,,,F,1,A,6,AUD
OECD.SDD.NAD:DSD_NAMAIN1@DF_QNA_INC_SAV(1.1),Q,N,AUS,S1,S1,B6G,_Z,_Z,_Z,XDC,V,N,T0107,2024-Q1,625459,,,F,1,A,6,AUD
OECD.SDD.NAD:DSD_NAMAIN1@DF_QNA_INC_SAV(1.1),Q,N,AUS,S1,S1,B6G,_Z,_Z,_Z,XDC,V,N,T0107,2023-Q4,671000,,,F,1,A,6,AUD
OECD.SDD.NAD:DSD_NAMAIN1@DF_QNA_INC_SAV(1.1),Q,N,AUS,S1,S1,B6G,_Z,_Z,_Z,XDC,V,N,T0107,2023-Q3,634714,,,F,1,A,6,AUD
OECD.SDD.NAD:DSD_NAMAIN1@DF_QNA_INC_SAV(1.1),Q,N,AUS,S1,S1,B6G,_Z,_Z,_Z,XDC,V,N,T0107,2023-Q2,626645,,,F,1,A,6,AUD
OECD.SDD.NAD:DSD_NAMAIN1@DF_QNA_INC_SAV(1.1),Q,N,AUS,S1,S1,B6G,_Z,_Z,_Z,XDC,V,N,T0107,2022-Q4,641762,,,F,1,A,6,AUD
OECD.SDD.NAD:DSD_NAMAIN1@DF_QNA_INC_SAV(1.1),Q,N,AUS,S1,S1,B6G,_Z,_Z,_Z,XDC,V,N,T0107,2022-Q3,597606,,,F,1,A,6,AUD
OECD.SDD.NAD:DSD_NAMAIN1@DF_QNA_INC_SAV(1.1),Q,N,AUS,S1,S1,B6G,_Z,_Z,_Z,XDC,V,N,T0107,2022-Q2,593526,,,F,1,A,6,AUD
OECD.SDD.NAD:DSD_NAMAIN1@DF_QNA_INC_SAV(1.1),Q,N,AUS,S1,S1,B6G,_Z,_Z,_Z,XDC,V,N,T0107,2021-Q4,572782,,,F,1,A,6,AUD
OECD.SDD.NAD:DSD_NAMAIN1@DF_QNA_INC_SAV(1.1),Q,N,AUS,S1,S1,B6G,_Z,_Z,_Z,XDC,V,N,T0107,2026-Q1,685205,,,F,1,A,6,AUD
OECD.SDD.NAD:DSD_NAMAIN1@DF_QNA_INC_SAV(1.1),Q,N,AUS,S1,S1,B6G,_Z,_Z,_Z,XDC,V,N,T0107,2025-Q4,736341,,,F,1,A,6,AUD
OECD.SDD.NAD:DSD_NAMAIN1@DF_QNA_INC_SAV(1.1),Q,N,AUS,S1,S1,B6G,_Z,_Z,_Z,XDC,V,N,T0107,2025-Q3,697377,,,F,1,A,6,AUD
OECD.SDD.NAD:DSD_NAMAIN1@DF_QNA_INC_SAV(1.1),Q,N,AUS,S1,S1,B6G,_Z,_Z,_Z,XDC,V,N,T0107,2025-Q2,686124,,,F,1,A,6,AUD
OECD.SDD.NAD:DSD_NAMAIN1@DF_QNA_INC_SAV(1.1),Q,N,AUS,S1,S1,B6G,_Z,_Z,_Z,XDC,V,N,T0107,2025-Q1,653446,,,F,1,A,6,AUD
OECD.SDD.NAD:DSD_NAMAIN1@DF_QNA_INC_SAV(1.1),Q,N,AUS,S1,S1,B6G,_Z,_Z,_Z,XDC,V,N,T0107,2024-Q4,693980,,,F,1,A,6,AUD
OECD.SDD.NAD:DSD_NAMAIN1@DF_QNA_INC_SAV(1.1),Q,N,AUS,S1,S1,B6G,_Z,_Z,_Z,XDC,V,N,T0107,2024-Q3,661881,,,F,1,A,6,AUD
OECD.SDD.NAD:DSD_NAMAIN1@DF_QNA_INC_SAV(1.1),Q,N,AUS,S1,S1,B6G,_Z,_Z,_Z,XDC,V,N,T0107,2024-Q2,654519,,,F,1,A,6,AUD
OECD.SDD.NAD:DSD_NAMAIN1@DF_QNA_INC_SAV(1.1),Q,N,AUS,S1,S1,B6G,_Z,_Z,_Z,XDC,V,N,T0107,2021-Q2,540828,,,F,1,A,6,AUD
OECD.SDD.NAD:DSD_NAMAIN1@DF_QNA_INC_SAV(1.1),Q,N,AUS,S1,S1,B6G,_Z,_Z,_Z,XDC,V,N,T0107,2021-Q1,503823,,,F,1,A,6,AUD
OECD.SDD.NAD:DSD_NAMAIN1@DF_QNA_INC_SAV(1.1),Q,N,AUS,S1,S1,B6G,_Z,_Z,_Z,XDC,V,N,T0107,2008-Q2,291517,,,F,1,A,6,AUD
OECD.SDD.NAD:DSD_NAMAIN1@DF_QNA_INC_SAV(1.1),Q,N,AUS,S1,S1,B6G,_Z,_Z,_Z,XDC,V,N,T0107,2008-Q1,274493,,,F,1,A,6,AUD
OECD.SDD.NAD:DSD_NAMAIN1@DF_QNA_INC_SAV(1.1),Q,N,AUS,S1,S1,B6G,_Z,_Z,_Z,XDC,V,N,T0107,2019-Q1,456836,,,F,1,A,6,AUD
OECD.SDD.NAD:DSD_NAMAIN1@DF_QNA_INC_SAV(1.1),Q,N,AUS,S1,S1,B6G,_Z,_Z,_Z,XDC,V,N,T0107,2020-Q4,528458,,,F,1,A,6,AUD
OECD.SDD.NAD:DSD_NAMAIN1@DF_QNA_INC_SAV(1.1),Q,N,AUS,S1,S1,B6G,_Z,_Z,_Z,XDC,V,N,T0107,2020-Q3,486950,,,F,1,A,6,AUD
OECD.SDD.NAD:DSD_NAMAIN1@DF_QNA_INC_SAV(1.1),Q,N,AUS,S1,S1,B6G,_Z,_Z,_Z,XDC,V,N,T0107,2020-Q2,460053,,,F,1,A,6,AUD
OECD.SDD.NAD:DSD_NAMAIN1@DF_QNA_INC_SAV(1.1),Q,Y,AUS,S1,S1,B6G,_Z,_Z,_Z,XDC,V,N,T0107,2018-Q2,455221,,,F,1,A,6,AUD
OECD.SDD.NAD:DSD_NAMAIN1@DF_QNA_INC_SAV(1.1),Q,Y,AUS,S1,S1,B6G,_Z,_Z,_Z,XDC,V,N,T0107,2018-Q1,452673,,,F,1,A,6,AUD
OECD.SDD.NAD:DSD_NAMAIN1@DF_QNA_INC_SAV(1.1),Q,Y,AUS,S1,S1,B6G,_Z,_Z,_Z,XDC,V,N,T0107,2017-Q4,443258,,,F,1,A,6,AUD
OECD.SDD.NAD:DSD_NAMAIN1@DF_QNA_INC_SAV(1.1),Q,Y,AUS,S1,S1,B6G,_Z,_Z,_Z,XDC,V,N,T0107,2017-Q3,438919,,,F,1,A,6,AUD
OECD.SDD.NAD:DSD_NAMAIN1@DF_QNA_INC_SAV(1.1),Q,Y,AUS,S1,S1,B6G,_Z,_Z,_Z,XDC,V,N,T0107,2017-Q2,435339,,,F,1,A,6,AUD
OECD.SDD.NAD:DSD_NAMAIN1@DF_QNA_INC_SAV(1.1),Q,Y,AUS,S1,S1,B6G,_Z,_Z,_Z,XDC,V,N,T0107,2017-Q1,436714,,,F,1,A,6,AUD
OECD.SDD.NAD:DSD_NAMAIN1@DF_QNA_INC_SAV(1.1),Q,Y,AUS,S1,S1,B6G,_Z,_Z,_Z,XDC,V,N,T0107,2016-Q4,428055,,,F,1,A,6,AUD
OECD.SDD.NAD:DSD_NAMAIN1@DF_QNA_INC_SAV(1.1),Q,Y,AUS,S1,S1,B6G,_Z,_Z,_Z,XDC,V,N,T0107,2016-Q3,415604,,,F,1,A,6,AUD
OECD.SDD.NAD:DSD_NAMAIN1@DF_QNA_INC_SAV(1.1),Q,Y,AUS,S1,S1,B6G,_Z,_Z,_Z,XDC,V,N,T0107,2016-Q2,409421,,,F,1,A,6,AUD
OECD.SDD.NAD:DSD_NAMAIN1@DF_QNA_INC_SAV(1.1),Q,Y,AUS,S1,S1,B6G,_Z,_Z,_Z,XDC,V,N,T0107,2016-Q1,405992,,,F,1,A,6,AUD
OECD.SDD.NAD:DSD_NAMAIN1@DF_QNA_INC_SAV(1.1),Q,Y,AUS,S1,S1,B6G,_Z,_Z,_Z,XDC,V,N,T0107,2015-Q4,404398,,,F,1,A,6,AUD
OECD.SDD.NAD:DSD_NAMAIN1@DF_QNA_INC_SAV(1.1),Q,Y,AUS,S1,S1,B6G,_Z,_Z,_Z,XDC,V,N,T0107,2015-Q3,403959,,,F,1,A,6,AUD
OECD.SDD.NAD:DSD_NAMAIN1@DF_QNA_INC_SAV(1.1),Q,N,AUS,S1,S1,B6N,_Z,_Z,_Z,XDC,V,N,T0107,2025-Q2,557773,,,F,1,A,6,AUD
OECD.SDD.NAD:DSD_NAMAIN1@DF_QNA_INC_SAV(1.1),Q,N,AUS,S1,S1,B6N,_Z,_Z,_Z,XDC,V,N,T0107,2025-Q1,526996,,,F,1,A,6,AUD
OECD.SDD.NAD:DSD_NAMAIN1@DF_QNA_INC_SAV(1.1),Q,N,AUS,S1,S1,B6N,_Z,_Z,_Z,XDC,V,N,T0107,2024-Q4,569296,,,F,1,A,6,AUD
OECD.SDD.NAD:DSD_NAMAIN1@DF_QNA_INC_SAV(1.1),Q,Y,AUS,S1,S1,B6N,_Z,_Z,_Z,XDC,V,N,T0107,2021-Q2,448173,,,F,1,A,6,AUD
OECD.SDD.NAD:DSD_NAMAIN1@DF_QNA_INC_SAV(1.1),Q,Y,AUS,S1,S1,B6N,_Z,_Z,_Z,XDC,V,N,T0107,2021-Q1,435281,,,F,1,A,6,AUD
OECD.SDD.NAD:DSD_NAMAIN1@DF_QNA_INC_SAV(1.1),Q,Y,AUS,S1,S1,B6G,_Z,_Z,_Z,XDC,V,N,T0107,2010-Q4,338958,,,F,1,A,6,AUD
OECD.SDD.NAD:DSD_NAMAIN1@DF_QNA_INC_SAV(1.1),Q,Y,AUS,S1,S1,B6G,_Z,_Z,_Z,XDC,V,N,T0107,2006-Q1,243194,,,F,1,A,6,AUD
OECD.SDD.NAD:DSD_NAMAIN1@DF_QNA_INC_SAV(1.1),Q,Y,AUS,S1,S1,B6G,_Z,_Z,_Z,XDC,V,N,T0107,2005-Q4,239092,,,F,1,A,6,AUD
OECD.SDD.NAD:DSD_NAMAIN1@DF_QNA_INC_SAV(1.1),Q,Y,AUS,S1,S1,B6G,_Z,_Z,_Z,XDC,V,N,T0107,2003-Q1,195931,,,F,1,A,6,AUD
OECD.SDD.NAD:DSD_NAMAIN1@DF_QNA_INC_SAV(1.1),Q,Y,AUS,S1,S1,B6G,_Z,_Z,_Z,XDC,V,N,T0107,2002-Q4,194498,,,F,1,A,6,AUD
OECD.SDD.NAD:DSD_NAMAIN1@DF_QNA_INC_SAV(1.1),Q,Y,AUS,S1,S1,B6G,_Z,_Z,_Z,XDC,V,N,T0107,2002-Q3,192117,,,F,1,A,6,AUD
OECD.SDD.NAD:DSD_NAMAIN1@DF_QNA_INC_SAV(1.1),Q,Y,AUS,S1,S1,B6G,_Z,_Z,_Z,XDC,V,N,T0107,2005-Q3,234875,,,F,1,A,6,AUD
OECD.SDD.NAD:DSD_NAMAIN1@DF_QNA_INC_SAV(1.1),Q,Y,AUS,S1,S1,B6G,_Z,_Z,_Z,XDC,V,N,T0107,2005-Q2,227850,,,F,1,A,6,AUD
OECD.SDD.NAD:DSD_NAMAIN1@DF_QNA_INC_SAV(1.1),Q,Y,AUS,S1,S1,B6G,_Z,_Z,_Z,XDC,V,N,T0107,2005-Q1,225704,,,F,1,A,6,AUD
OECD.SDD.NAD:DSD_NAMAIN1@DF_QNA_INC_SAV(1.1),Q,Y,AUS,S1,S1,B6G,_Z,_Z,_Z,XDC,V,N,T0107,2004-Q4,221191,,,F,1,A,6,AUD
OECD.SDD.NAD:DSD_NAMAIN1@DF_QNA_INC_SAV(1.1),Q,N,AUS,S1,S1,B6N,_Z,_Z,_Z,XDC,V,N,T0107,2006-Q1,192792,,,F,1,A,6,AUD
OECD.SDD.NAD:DSD_NAMAIN1@DF_QNA_INC_SAV(1.1),Q,N,AUS,S1,S1,B6N,_Z,_Z,_Z,XDC,V,N,T0107,2005-Q4,211248,,,F,1,A,6,AUD
OECD.SDD.NAD:DSD_NAMAIN1@DF_QNA_INC_SAV(1.1),Q,N,AUS,S1,S1,B6N,_Z,_Z,_Z,XDC,V,N,T0107,2005-Q3,195244,,,F,1,A,6,AUD
OECD.SDD.NAD:DSD_NAMAIN1@DF_QNA_INC_SAV(1.1),Q,N,AUS,S1,S1,B6N,_Z,_Z,_Z,XDC,V,N,T0107,2005-Q2,185214,,,F,1,A,6,AUD
OECD.SDD.NAD:DSD_NAMAIN1@DF_QNA_INC_SAV(1.1),Q,N,AUS,S1,S1,B6N,_Z,_Z,_Z,XDC,V,N,T0107,2005-Q1,179249,,,F,1,A,6,AUD
OECD.SDD.NAD:DSD_NAMAIN1@DF_QNA_INC_SAV(1.1),Q,N,AUS,S1,S1,B6N,_Z,_Z,_Z,XDC,V,N,T0107,2004-Q4,195271,,,F,1,A,6,AUD
OECD.SDD.NAD:DSD_NAMAIN1@DF_QNA_INC_SAV(1.1),Q,N,AUS,S1,S1,B6N,_Z,_Z,_Z,XDC,V,N,T0107,2004-Q3,180757,,,F,1,A,6,AUD
OECD.SDD.NAD:DSD_NAMAIN1@DF_QNA_INC_SAV(1.1),Q,N,AUS,S1,S1,B6N,_Z,_Z,_Z,XDC,V,N,T0107,2023-Q1,483570,,,F,1,A,6,AUD
OECD.SDD.NAD:DSD_NAMAIN1@DF_QNA_INC_SAV(1.1),Q,N,AUS,S1,S1,B6N,_Z,_Z,_Z,XDC,V,N,T0107,2022-Q1,441608,,,F,1,A,6,AUD
OECD.SDD.NAD:DSD_NAMAIN1@DF_QNA_INC_SAV(1.1),Q,N,AUS,S1,S1,B6N,_Z,_Z,_Z,XDC,V,N,T0107,2021-Q3,436187,,,F,1,A,6,AUD
OECD.SDD.NAD:DSD_NAMAIN1@DF_QNA_INC_SAV(1.1),Q,N,AUS,S1,S1,B6N,_Z,_Z,_Z,XDC,V,N,T0107,2004-Q2,176128,,,F,1,A,6,AUD
OECD.SDD.NAD:DSD_NAMAIN1@DF_QNA_INC_SAV(1.1),Q,N,AUS,S1,S1,B6N,_Z,_Z,_Z,XDC,V,N,T0107,2004-Q1,169262,,,F,1,A,6,AUD
OECD.SDD.NAD:DSD_NAMAIN1@DF_QNA_INC_SAV(1.1),Q,N,AUS,S1,S1,B6N,_Z,_Z,_Z,XDC,V,N,T0107,2003-Q4,186382,,,F,1,A,6,AUD
OECD.SDD.NAD:DSD_NAMAIN1@DF_QNA_INC_SAV(1.1),Q,N,AUS,S1,S1,B6N,_Z,_Z,_Z,XDC,V,N,T0107,2003-Q3,169754,,,F,1,A,6,AUD
OECD.SDD.NAD:DSD_NAMAIN1@DF_QNA_INC_SAV(1.1),Q,N,AUS,S1,S1,B6N,_Z,_Z,_Z,XDC,V,N,T0107,2003-Q2,163017,,,F,1,A,6,AUD
OECD.SDD.NAD:DSD_NAMAIN1@DF_QNA_INC_SAV(1.1),Q,N,AUS,S1,S1,B6N,_Z,_Z,_Z,XDC,V,N,T0107,2003-Q1,155913,,,F,1,A,6,AUD
OECD.SDD.NAD:DSD_NAMAIN1@DF_QNA_INC_SAV(1.1),Q,N,AUS,S1,S1,B6N,_Z,_Z,_Z,XDC,V,N,T0107,2002-Q4,171338,,,F,1,A,6,AUD
OECD.SDD.NAD:DSD_NAMAIN1@DF_QNA_INC_SAV(1.1),Q,N,AUS,S1,S1,B6N,_Z,_Z,_Z,XDC,V,N,T0107,2002-Q3,159620,,,F,1,A,6,AUD
OECD.SDD.NAD:DSD_NAMAIN1@DF_QNA_INC_SAV(1.1),Q,N,AUS,S1,S1,B6N,_Z,_Z,_Z,XDC,V,N,T0107,2002-Q2,154559,,,F,1,A,6,AUD
OECD.SDD.NAD:DSD_NAMAIN1@DF_QNA_INC_SAV(1.1),Q,N,AUS,S1,S1,B6N,_Z,_Z,_Z,XDC,V,N,T0107,2002-Q1,147750,,,F,1,A,6,AUD
OECD.SDD.NAD:DSD_NAMAIN1@DF_QNA_INC_SAV(1.1),Q,N,AUS,S1,S1,B6N,_Z,_Z,_Z,XDC,V,N,T0107,2001-Q4,162173,,,F,1,A,6,AUD
OECD.SDD.NAD:DSD_NAMAIN1@DF_QNA_INC_SAV(1.1),Q,N,AUS,S1,S1,B6N,_Z,_Z,_Z,XDC,V,N,T0107,2001-Q3,147594,,,F,1,A,6,AUD
OECD.SDD.NAD:DSD_NAMAIN1@DF_QNA_INC_SAV(1.1),Q,N,AUS,S1,S1,B6N,_Z,_Z,_Z,XDC,V,N,T0107,2001-Q2,141075,,,F,1,A,6,AUD
OECD.SDD.NAD:DSD_NAMAIN1@DF_QNA_INC_SAV(1.1),Q,N,AUS,S1,S1,B6N,_Z,_Z,_Z,XDC,V,N,T0107,2001-Q1,139037,,,F,1,A,6,AUD
OECD.SDD.NAD:DSD_NAMAIN1@DF_QNA_INC_SAV(1.1),Q,N,AUS,S1,S1,B6N,_Z,_Z,_Z,XDC,V,N,T0107,2000-Q4,149368,,,F,1,A,6,AUD
OECD.SDD.NAD:DSD_NAMAIN1@DF_QNA_INC_SAV(1.1),Q,N,AUS,S1,S1,B6N,_Z,_Z,_Z,XDC,V,N,T0107,2000-Q3,140798,,,F,1,A,6,AUD
OECD.SDD.NAD:DSD_NAMAIN1@DF_QNA_INC_SAV(1.1),Q,N,AUS,S1,S1,B6N,_Z,_Z,_Z,XDC,V,N,T0107,2000-Q2,135401,,,F,1,A,6,AUD
OECD.SDD.NAD:DSD_NAMAIN1@DF_QNA_INC_SAV(1.1),Q,N,AUS,S1,S1,B6N,_Z,_Z,_Z,XDC,V,N,T0107,2000-Q1,132392,,,F,1,A,6,AUD
OECD.SDD.NAD:DSD_NAMAIN1@DF_QNA_INC_SAV(1.1),Q,N,AUS,S1,S1,B6N,_Z,_Z,_Z,XDC,V,N,T0107,2007-Q3,226489,,,F,1,A,6,AUD
OECD.SDD.NAD:DSD_NAMAIN1@DF_QNA_INC_SAV(1.1),Q,N,AUS,S1,S1,B6N,_Z,_Z,_Z,XDC,V,N,T0107,2007-Q2,220381,,,F,1,A,6,AUD
OECD.SDD.NAD:DSD_NAMAIN1@DF_QNA_INC_SAV(1.1),Q,N,AUS,S1,S1,B6N,_Z,_Z,_Z,XDC,V,N,T0107,2007-Q1,208751,,,F,1,A,6,AUD
OECD.SDD.NAD:DSD_NAMAIN1@DF_QNA_INC_SAV(1.1),Q,N,AUS,S1,S1,B6N,_Z,_Z,_Z,XDC,V,N,T0107,2006-Q4,225900,,,F,1,A,6,AUD
OECD.SDD.NAD:DSD_NAMAIN1@DF_QNA_INC_SAV(1.1),Q,N,AUS,S1,S1,B6N,_Z,_Z,_Z,XDC,V,N,T0107,2006-Q3,208602,,,F,1,A,6,AUD
OECD.SDD.NAD:DSD_NAMAIN1@DF_QNA_INC_SAV(1.1),Q,N,AUS,S1,S1,B6N,_Z,_Z,_Z,XDC,V,N,T0107,2006-Q2,198368,,,F,1,A,6,AUD
OECD.SDD.NAD:DSD_NAMAIN1@DF_QNA_INC_SAV(1.1),Q,N,AUS,S1,S1,B6N,_Z,_Z,_Z,XDC,V,N,T0107,2021-Q2,447250,,,F,1,A,6,AUD
OECD.SDD.NAD:DSD_NAMAIN1@DF_QNA_INC_SAV(1.1),Q,N,AUS,S1,S1,B6N,_Z,_Z,_Z,XDC,V,N,T0107,2021-Q1,412639,,,F,1,A,6,AUD
OECD.SDD.NAD:DSD_NAMAIN1@DF_QNA_INC_SAV(1.1),Q,N,AUS,S1,S1,B6N,_Z,_Z,_Z,XDC,V,N,T0107,2011-Q3,304116,,,F,1,A,6,AUD
OECD.SDD.NAD:DSD_NAMAIN1@DF_QNA_INC_SAV(1.1),Q,N,AUS,S1,S1,B6N,_Z,_Z,_Z,XDC,V,N,T0107,2011-Q2,290809,,,F,1,A,6,AUD
OECD.SDD.NAD:DSD_NAMAIN1@DF_QNA_INC_SAV(1.1),Q,N,AUS,S1,S1,B6N,_Z,_Z,_Z,XDC,V,N,T0107,2011-Q1,268853,,,F,1,A,6,AUD
OECD.SDD.NAD:DSD_NAMAIN1@DF_QNA_INC_SAV(1.1),Q,N,AUS,S1,S1,B6N,_Z,_Z,_Z,XDC,V,N,T0107,2010-Q4,297665,,,F,1,A,6,AUD
OECD.SDD.NAD:DSD_NAMAIN1@DF_QNA_INC_SAV(1.1),Q,N,AUS,S1,S1,B6N,_Z,_Z,_Z,XDC,V,N,T0107,2010-Q3,278503,,,F,1,A,6,AUD
OECD.SDD.NAD:DSD_NAMAIN1@DF_QNA_INC_SAV(1.1),Q,N,AUS,S1,S1,B6N,_Z,_Z,_Z,XDC,V,N,T0107,2010-Q2,271576,,,F,1,A,6,AUD
OECD.SDD.NAD:DSD_NAMAIN1@DF_QNA_INC_SAV(1.1),Q,N,AUS,S1,S1,B6N,_Z,_Z,_Z,XDC,V,N,T0107,2010-Q1,246933,,,F,1,A,6,AUD
OECD.SDD.NAD:DSD_NAMAIN1@DF_QNA_INC_SAV(1.1),Q,N,AUS,S1,S1,B6N,_Z,_Z,_Z,XDC,V,N,T0107,2009-Q4,269030,,,F,1,A,6,AUD
OECD.SDD.NAD:DSD_NAMAIN1@DF_QNA_INC_SAV(1.1),Q,N,AUS,S1,S1,B6N,_Z,_Z,_Z,XDC,V,N,T0107,2009-Q3,251783,,,F,1,A,6,AUD
OECD.SDD.NAD:DSD_NAMAIN1@DF_QNA_INC_SAV(1.1),Q,N,AUS,S1,S1,B6N,_Z,_Z,_Z,XDC,V,N,T0107,2009-Q2,244666,,,F,1,A,6,AUD
OECD.SDD.NAD:DSD_NAMAIN1@DF_QNA_INC_SAV(1.1),Q,N,AUS,S1,S1,B6N,_Z,_Z,_Z,XDC,V,N,T0107,2009-Q1,242637,,,F,1,A,6,AUD
OECD.SDD.NAD:DSD_NAMAIN1@DF_QNA_INC_SAV(1.1),Q,N,AUS,S1,S1,B6N,_Z,_Z,_Z,XDC,V,N,T0107,2008-Q4,269543,,,F,1,A,6,AUD
OECD.SDD.NAD:DSD_NAMAIN1@DF_QNA_INC_SAV(1.1),Q,N,AUS,S1,S1,B6N,_Z,_Z,_Z,XDC,V,N,T0107,2008-Q3,256162,,,F,1,A,6,AUD
OECD.SDD.NAD:DSD_NAMAIN1@DF_QNA_INC_SAV(1.1),Q,N,AUS,S1,S1,B6N,_Z,_Z,_Z,XDC,V,N,T0107,2008-Q2,242251,,,F,1,A,6,AUD
OECD.SDD.NAD:DSD_NAMAIN1@DF_QNA_INC_SAV(1.1),Q,N,AUS,S1,S1,B6N,_Z,_Z,_Z,XDC,V,N,T0107,2008-Q1,226157,,,F,1,A,6,AUD
OECD.SDD.NAD:DSD_NAMAIN1@DF_QNA_INC_SAV(1.1),Q,N,AUS,S1,S1,B6N,_Z,_Z,_Z,XDC,V,N,T0107,2007-Q4,246761,,,F,1,A,6,AUD
OECD.SDD.NAD:DSD_NAMAIN1@DF_QNA_INC_SAV(1.1),Q,N,AUS,S1,S1,B6N,_Z,_Z,_Z,XDC,V,N,T0107,2020-Q4,438843,,,F,1,A,6,AUD
OECD.SDD.NAD:DSD_NAMAIN1@DF_QNA_INC_SAV(1.1),Q,N,AUS,S1,S1,B6N,_Z,_Z,_Z,XDC,V,N,T0107,2020-Q3,398079,,,F,1,A,6,AUD
OECD.SDD.NAD:DSD_NAMAIN1@DF_QNA_INC_SAV(1.1),Q,N,AUS,S1,S1,B6N,_Z,_Z,_Z,XDC,V,N,T0107,2020-Q2,371037,,,F,1,A,6,AUD
OECD.SDD.NAD:DSD_NAMAIN1@DF_QNA_INC_SAV(1.1),Q,N,AUS,S1,S1,B6N,_Z,_Z,_Z,XDC,V,N,T0107,2020-Q1,388198,,,F,1,A,6,AUD
OECD.SDD.NAD:DSD_NAMAIN1@DF_QNA_INC_SAV(1.1),Q,Y,AUS,S1,S1,B6G,_Z,_Z,_Z,XDC,V,N,T0107,2012-Q3,370315,,,F,1,A,6,AUD
OECD.SDD.NAD:DSD_NAMAIN1@DF_QNA_INC_SAV(1.1),Q,Y,AUS,S1,S1,B6G,_Z,_Z,_Z,XDC,V,N,T0107,2012-Q2,368264,,,F,1,A,6,AUD
OECD.SDD.NAD:DSD_NAMAIN1@DF_QNA_INC_SAV(1.1),Q,Y,AUS,S1,S1,B6G,_Z,_Z,_Z,XDC,V,N,T0107,2012-Q1,364716,,,F,1,A,6,AUD
OECD.SDD.NAD:DSD_NAMAIN1@DF_QNA_INC_SAV(1.1),Q,Y,AUS,S1,S1,B6G,_Z,_Z,_Z,XDC,V,N,T0107,2011-Q4,363026,,,F,1,A,6,AUD
OECD.SDD.NAD:DSD_NAMAIN1@DF_QNA_INC_SAV(1.1),Q,Y,AUS,S1,S1,B6G,_Z,_Z,_Z,XDC,V,N,T0107,2011-Q3,360350,,,F,1,A,6,AUD
OECD.SDD.NAD:DSD_NAMAIN1@DF_QNA_INC_SAV(1.1),Q,Y,AUS,S1,S1,B6G,_Z,_Z,_Z,XDC,V,N,T0107,2011-Q2,350189,,,F,1,A,6,AUD
OECD.SDD.NAD:DSD_NAMAIN1@DF_QNA_INC_SAV(1.1),Q,Y,AUS,S1,S1,B6G,_Z,_Z,_Z,XDC,V,N,T0107,2011-Q1,341198,,,F,1,A,6,AUD
OECD.SDD.NAD:DSD_NAMAIN1@DF_QNA_INC_SAV(1.1),Q,Y,AUS,S1,S1,B6G,_Z,_Z,_Z,XDC,V,N,T0107,2010-Q2,329319,,,F,1,A,6,AUD
OECD.SDD.NAD:DSD_NAMAIN1@DF_QNA_INC_SAV(1.1),Q,Y,AUS,S1,S1,B6G,_Z,_Z,_Z,XDC,V,N,T0107,2009-Q4,309061,,,F,1,A,6,AUD
OECD.SDD.NAD:DSD_NAMAIN1@DF_QNA_INC_SAV(1.1),Q,Y,AUS,S1,S1,B6G,_Z,_Z,_Z,XDC,V,N,T0107,2007-Q3,272901,,,F,1,A,6,AUD
OECD.SDD.NAD:DSD_NAMAIN1@DF_QNA_INC_SAV(1.1),Q,Y,AUS,S1,S1,B6G,_Z,_Z,_Z,XDC,V,N,T0107,2024-Q4,667376,,,F,1,A,6,AUD
OECD.SDD.NAD:DSD_NAMAIN1@DF_QNA_INC_SAV(1.1),Q,Y,AUS,S1,S1,B6G,_Z,_Z,_Z,XDC,V,N,T0107,2024-Q3,661835,,,F,1,A,6,AUD
OECD.SDD.NAD:DSD_NAMAIN1@DF_QNA_INC_SAV(1.1),Q,Y,AUS,S1,S1,B6G,_Z,_Z,_Z,XDC,V,N,T0107,2024-Q2,655611,,,F,1,A,6,AUD
OECD.SDD.NAD:DSD_NAMAIN1@DF_QNA_INC_SAV(1.1),Q,Y,AUS,S1,S1,B6G,_Z,_Z,_Z,XDC,V,N,T0107,2024-Q1,652202,,,F,1,A,6,AUD
OECD.SDD.NAD:DSD_NAMAIN1@DF_QNA_INC_SAV(1.1),Q,Y,AUS,S1,S1,B6G,_Z,_Z,_Z,XDC,V,N,T0107,2023-Q4,643723,,,F,1,A,6,AUD
OECD.SDD.NAD:DSD_NAMAIN1@DF_QNA_INC_SAV(1.1),Q,N,AUS,S1,S1,B6N,_Z,_Z,_Z,XDC,V,N,T0107,2024-Q1,505397,,,F,1,A,6,AUD
OECD.SDD.NAD:DSD_NAMAIN1@DF_QNA_INC_SAV(1.1),Q,N,AUS,S1,S1,B6N,_Z,_Z,_Z,XDC,V,N,T0107,2023-Q4,552712,,,F,1,A,6,AUD
OECD.SDD.NAD:DSD_NAMAIN1@DF_QNA_INC_SAV(1.1),Q,N,AUS,S1,S1,B6N,_Z,_Z,_Z,XDC,V,N,T0107,2023-Q3,518341,,,F,1,A,6,AUD
OECD.SDD.NAD:DSD_NAMAIN1@DF_QNA_INC_SAV(1.1),Q,N,AUS,S1,S1,B6N,_Z,_Z,_Z,XDC,V,N,T0107,2023-Q2,511906,,,F,1,A,6,AUD
OECD.SDD.NAD:DSD_NAMAIN1@DF_QNA_INC_SAV(1.1),Q,N,AUS,S1,S1,B6N,_Z,_Z,_Z,XDC,V,N,T0107,2022-Q4,531278,,,F,1,A,6,AUD
OECD.SDD.NAD:DSD_NAMAIN1@DF_QNA_INC_SAV(1.1),Q,N,AUS,S1,S1,B6N,_Z,_Z,_Z,XDC,V,N,T0107,2022-Q3,489886,,,F,1,A,6,AUD
OECD.SDD.NAD:DSD_NAMAIN1@DF_QNA_INC_SAV(1.1),Q,N,AUS,S1,S1,B6N,_Z,_Z,_Z,XDC,V,N,T0107,2022-Q2,489178,,,F,1,A,6,AUD
OECD.SDD.NAD:DSD_NAMAIN1@DF_QNA_INC_SAV(1.1),Q,N,AUS,S1,S1,B6N,_Z,_Z,_Z,XDC,V,N,T0107,2021-Q4,473777,,,F,1,A,6,AUD
OECD.SDD.NAD:DSD_NAMAIN1@DF_QNA_INC_SAV(1.1),Q,N,AUS,S1,S1,B6N,_Z,_Z,_Z,XDC,V,N,T0107,2026-Q1,551216,,,F,1,A,6,AUD
OECD.SDD.NAD:DSD_NAMAIN1@DF_QNA_INC_SAV(1.1),Q,N,AUS,S1,S1,B6N,_Z,_Z,_Z,XDC,V,N,T0107,2025-Q4,604271,,,F,1,A,6,AUD
OECD.SDD.NAD:DSD_NAMAIN1@DF_QNA_INC_SAV(1.1),Q,N,AUS,S1,S1,B6N,_Z,_Z,_Z,XDC,V,N,T0107,2025-Q3,567199,,,F,1,A,6,AUD
OECD.SDD.NAD:DSD_NAMAIN1@DF_QNA_INC_SAV(1.1),Q,Y,AUS,S1,S1,B6G,_Z,_Z,_Z,XDC,V,N,T0107,2026-Q1,711749,,,F,1,A,6,AUD
OECD.SDD.NAD:DSD_NAMAIN1@DF_QNA_INC_SAV(1.1),Q,Y,AUS,S1,S1,B6G,_Z,_Z,_Z,XDC,V,N,T0107,2025-Q4,707909,,,F,1,A,6,AUD
OECD.SDD.NAD:DSD_NAMAIN1@DF_QNA_INC_SAV(1.1),Q,Y,AUS,S1,S1,B6G,_Z,_Z,_Z,XDC,V,N,T0107,2025-Q3,698079,,,F,1,A,6,AUD
OECD.SDD.NAD:DSD_NAMAIN1@DF_QNA_INC_SAV(1.1),Q,Y,AUS,S1,S1,B6G,_Z,_Z,_Z,XDC,V,N,T0107,2025-Q2,686943,,,F,1,A,6,AUD
OECD.SDD.NAD:DSD_NAMAIN1@DF_QNA_INC_SAV(1.1),Q,Y,AUS,S1,S1,B6G,_Z,_Z,_Z,XDC,V,N,T0107,2025-Q1,679528,,,F,1,A,6,AUD
OECD.SDD.NAD:DSD_NAMAIN1@DF_QNA_INC_SAV(1.1),Q,Y,AUS,S1,S1,B6G,_Z,_Z,_Z,XDC,V,N,T0107,2004-Q3,217234,,,F,1,A,6,AUD
OECD.SDD.NAD:DSD_NAMAIN1@DF_QNA_INC_SAV(1.1),Q,Y,AUS,S1,S1,B6G,_Z,_Z,_Z,XDC,V,N,T0107,2004-Q2,215774,,,F,1,A,6,AUD
OECD.SDD.NAD:DSD_NAMAIN1@DF_QNA_INC_SAV(1.1),Q,Y,AUS,S1,S1,B6G,_Z,_Z,_Z,XDC,V,N,T0107,2004-Q1,211951,,,F,1,A,6,AUD
OECD.SDD.NAD:DSD_NAMAIN1@DF_QNA_INC_SAV(1.1),Q,Y,AUS,S1,S1,B6G,_Z,_Z,_Z,XDC,V,N,T0107,2003-Q4,209494,,,F,1,A,6,AUD
OECD.SDD.NAD:DSD_NAMAIN1@DF_QNA_INC_SAV(1.1),Q,Y,AUS,S1,S1,B6G,_Z,_Z,_Z,XDC,V,N,T0107,2003-Q3,204639,,,F,1,A,6,AUD
OECD.SDD.NAD:DSD_NAMAIN1@DF_QNA_INC_SAV(1.1),Q,Y,AUS,S1,S1,B6G,_Z,_Z,_Z,XDC,V,N,T0107,2003-Q2,199548,,,F,1,A,6,AUD
OECD.SDD.NAD:DSD_NAMAIN1@DF_QNA_INC_SAV(1.1),Q,Y,AUS,S1,S1,B6G,_Z,_Z,_Z,XDC,V,N,T0107,2015-Q2,400668,,,F,1,A,6,AUD
OECD.SDD.NAD:DSD_NAMAIN1@DF_QNA_INC_SAV(1.1),Q,Y,AUS,S1,S1,B6G,_Z,_Z,_Z,XDC,V,N,T0107,2015-Q1,400909,,,F,1,A,6,AUD
OECD.SDD.NAD:DSD_NAMAIN1@DF_QNA_INC_SAV(1.1),Q,Y,AUS,S1,S1,B6G,_Z,_Z,_Z,XDC,V,N,T0107,2014-Q4,398413,,,F,1,A,6,AUD
OECD.SDD.NAD:DSD_NAMAIN1@DF_QNA_INC_SAV(1.1),Q,Y,AUS,S1,S1,B6G,_Z,_Z,_Z,XDC,V,N,T0107,2014-Q3,394591,,,F,1,A,6,AUD
OECD.SDD.NAD:DSD_NAMAIN1@DF_QNA_INC_SAV(1.1),Q,Y,AUS,S1,S1,B6G,_Z,_Z,_Z,XDC,V,N,T0107,2014-Q2,394968,,,F,1,A,6,AUD
OECD.SDD.NAD:DSD_NAMAIN1@DF_QNA_INC_SAV(1.1),Q,Y,AUS,S1,S1,B6G,_Z,_Z,_Z,XDC,V,N,T0107,2000-Q2,165954,,,F,1,A,6,AUD
OECD.SDD.NAD:DSD_NAMAIN1@DF_QNA_INC_SAV(1.1),Q,Y,AUS,S1,S1,B6G,_Z,_Z,_Z,XDC,V,N,T0107,2000-Q1,163903,,,F,1,A,6,AUD
OECD.SDD.NAD:DSD_NAMAIN1@DF_QNA_INC_SAV(1.1),Q,Y,AUS,S1,S1,B6G,_Z,_Z,_Z,XDC,V,N,T0107,2023-Q3,634086,,,F,1,A,6,AUD
OECD.SDD.NAD:DSD_NAMAIN1@DF_QNA_INC_SAV(1.1),Q,Y,AUS,S1,S1,B6G,_Z,_Z,_Z,XDC,V,N,T0107,2023-Q2,626188,,,F,1,A,6,AUD
OECD.SDD.NAD:DSD_NAMAIN1@DF_QNA_INC_SAV(1.1),Q,Y,AUS,S1,S1,B6G,_Z,_Z,_Z,XDC,V,N,T0107,2023-Q1,623139,,,F,1,A,6,AUD
OECD.SDD.NAD:DSD_NAMAIN1@DF_QNA_INC_SAV(1.1),Q,Y,AUS,S1,S1,B6G,_Z,_Z,_Z,XDC,V,N,T0107,2022-Q4,614096,,,F,1,A,6,AUD
OECD.SDD.NAD:DSD_NAMAIN1@DF_QNA_INC_SAV(1.1),Q,Y,AUS,S1,S1,B6G,_Z,_Z,_Z,XDC,V,N,T0107,2022-Q3,600413,,,F,1,A,6,AUD
OECD.SDD.NAD:DSD_NAMAIN1@DF_QNA_INC_SAV(1.1),Q,Y,AUS,S1,S1,B6G,_Z,_Z,_Z,XDC,V,N,T0107,2022-Q2,593164,,,F,1,A,6,AUD
OECD.SDD.NAD:DSD_NAMAIN1@DF_QNA_INC_SAV(1.1),Q,Y,AUS,S1,S1,B6G,_Z,_Z,_Z,XDC,V,N,T0107,2022-Q1,569606,,,F,1,A,6,AUD
OECD.SDD.NAD:DSD_NAMAIN1@DF_QNA_INC_SAV(1.1),Q,Y,AUS,S1,S1,B6G,_Z,_Z,_Z,XDC,V,N,T0107,2021-Q4,548028,,,F,1,A,6,AUD
OECD.SDD.NAD:DSD_NAMAIN1@DF_QNA_INC_SAV(1.1),Q,Y,AUS,S1,S1,B6G,_Z,_Z,_Z,XDC,V,N,T0107,2021-Q3,534317,,,F,1,A,6,AUD
OECD.SDD.NAD:DSD_NAMAIN1@DF_QNA_INC_SAV(1.1),Q,Y,AUS,S1,S1,B6G,_Z,_Z,_Z,XDC,V,N,T0107,2021-Q2,541751,,,F,1,A,6,AUD
OECD.SDD.NAD:DSD_NAMAIN1@DF_QNA_INC_SAV(1.1),Q,Y,AUS,S1,S1,B6N,_Z,_Z,_Z,XDC,V,N,T0107,2026-Q1,577760,,,F,1,A,6,AUD
OECD.SDD.NAD:DSD_NAMAIN1@DF_QNA_INC_SAV(1.1),Q,Y,AUS,S1,S1,B6N,_Z,_Z,_Z,XDC,V,N,T0107,2025-Q4,575839,,,F,1,A,6,AUD
OECD.SDD.NAD:DSD_NAMAIN1@DF_QNA_INC_SAV(1.1),Q,Y,AUS,S1,S1,B6N,_Z,_Z,_Z,XDC,V,N,T0107,2025-Q3,567901,,,F,1,A,6,AUD
OECD.SDD.NAD:DSD_NAMAIN1@DF_QNA_INC_SAV(1.1),Q,Y,AUS,S1,S1,B6G,_Z,_Z,_Z,XDC,V,N,T0107,2010-Q3,332621,,,F,1,A,6,AUD
OECD.SDD.NAD:DSD_NAMAIN1@DF_QNA_INC_SAV(1.1),Q,Y,AUS,S1,S1,B6G,_Z,_Z,_Z,XDC,V,N,T0107,2010-Q1,314686,,,F,1,A,6,AUD
OECD.SDD.NAD:DSD_NAMAIN1@DF_QNA_INC_SAV(1.1),Q,Y,AUS,S1,S1,B6G,_Z,_Z,_Z,XDC,V,N,T0107,2009-Q3,303286,,,F,1,A,6,AUD
OECD.SDD.NAD:DSD_NAMAIN1@DF_QNA_INC_SAV(1.1),Q,Y,AUS,S1,S1,B6G,_Z,_Z,_Z,XDC,V,N,T0107,2009-Q2,300721,,,F,1,A,6,AUD
OECD.SDD.NAD:DSD_NAMAIN1@DF_QNA_INC_SAV(1.1),Q,Y,AUS,S1,S1,B6G,_Z,_Z,_Z,XDC,V,N,T0107,2009-Q1,307838,,,F,1,A,6,AUD
OECD.SDD.NAD:DSD_NAMAIN1@DF_QNA_INC_SAV(1.1),Q,Y,AUS,S1,S1,B6G,_Z,_Z,_Z,XDC,V,N,T0107,2008-Q4,305259,,,F,1,A,6,AUD
OECD.SDD.NAD:DSD_NAMAIN1@DF_QNA_INC_SAV(1.1),Q,Y,AUS,S1,S1,B6G,_Z,_Z,_Z,XDC,V,N,T0107,2008-Q3,305316,,,F,1,A,6,AUD
OECD.SDD.NAD:DSD_NAMAIN1@DF_QNA_INC_SAV(1.1),Q,Y,AUS,S1,S1,B6G,_Z,_Z,_Z,XDC,V,N,T0107,2008-Q2,296154,,,F,1,A,6,AUD
OECD.SDD.NAD:DSD_NAMAIN1@DF_QNA_INC_SAV(1.1),Q,Y,AUS,S1,S1,B6G,_Z,_Z,_Z,XDC,V,N,T0107,2008-Q1,286525,,,F,1,A,6,AUD
OECD.SDD.NAD:DSD_NAMAIN1@DF_QNA_INC_SAV(1.1),Q,Y,AUS,S1,S1,B6G,_Z,_Z,_Z,XDC,V,N,T0107,2007-Q4,278394,,,F,1,A,6,AUD
OECD.SDD.NAD:DSD_NAMAIN1@DF_QNA_INC_SAV(1.1),Q,Y,AUS,S1,S1,B6G,_Z,_Z,_Z,XDC,V,N,T0107,2007-Q2,269597,,,F,1,A,6,AUD
OECD.SDD.NAD:DSD_NAMAIN1@DF_QNA_INC_SAV(1.1),Q,Y,AUS,S1,S1,B6G,_Z,_Z,_Z,XDC,V,N,T0107,2007-Q1,264289,,,F,1,A,6,AUD
OECD.SDD.NAD:DSD_NAMAIN1@DF_QNA_INC_SAV(1.1),Q,Y,AUS,S1,S1,B6G,_Z,_Z,_Z,XDC,V,N,T0107,2006-Q4,257466,,,F,1,A,6,AUD
OECD.SDD.NAD:DSD_NAMAIN1@DF_QNA_INC_SAV(1.1),Q,Y,AUS,S1,S1,B6G,_Z,_Z,_Z,XDC,V,N,T0107,2006-Q3,250923,,,F,1,A,6,AUD
OECD.SDD.NAD:DSD_NAMAIN1@DF_QNA_INC_SAV(1.1),Q,Y,AUS,S1,S1,B6G,_Z,_Z,_Z,XDC,V,N,T0107,2006-Q2,244364,,,F,1,A,6,AUD
OECD.SDD.NAD:DSD_NAMAIN1@DF_QNA_INC_SAV(1.1),Q,Y,AUS,S1,S1,B6G,_Z,_Z,_Z,XDC,V,N,T0107,2021-Q1,526465,,,F,1,A,6,AUD
OECD.SDD.NAD:DSD_NAMAIN1@DF_QNA_INC_SAV(1.1),Q,Y,AUS,S1,S1,B6G,_Z,_Z,_Z,XDC,V,N,T0107,2020-Q4,506480,,,F,1,A,6,AUD
OECD.SDD.NAD:DSD_NAMAIN1@DF_QNA_INC_SAV(1.1),Q,Y,AUS,S1,S1,B6G,_Z,_Z,_Z,XDC,V,N,T0107,2020-Q3,485111,,,F,1,A,6,AUD
OECD.SDD.NAD:DSD_NAMAIN1@DF_QNA_INC_SAV(1.1),Q,Y,AUS,S1,S1,B6G,_Z,_Z,_Z,XDC,V,N,T0107,2020-Q2,462383,,,F,1,A,6,AUD
OECD.SDD.NAD:DSD_NAMAIN1@DF_QNA_INC_SAV(1.1),Q,Y,AUS,S1,S1,B6G,_Z,_Z,_Z,XDC,V,N,T0107,2020-Q1,496608,,,F,1,A,6,AUD
OECD.SDD.NAD:DSD_NAMAIN1@DF_QNA_INC_SAV(1.1),Q,Y,AUS,S1,S1,B6G,_Z,_Z,_Z,XDC,V,N,T0107,2019-Q4,492531,,,F,1,A,6,AUD
OECD.SDD.NAD:DSD_NAMAIN1@DF_QNA_INC_SAV(1.1),Q,Y,AUS,S1,S1,B6G,_Z,_Z,_Z,XDC,V,N,T0107,2019-Q3,490029,,,F,1,A,6,AUD
OECD.SDD.NAD:DSD_NAMAIN1@DF_QNA_INC_SAV(1.1),Q,Y,AUS,S1,S1,B6G,_Z,_Z,_Z,XDC,V,N,T0107,2019-Q2,482431,,,F,1,A,6,AUD
OECD.SDD.NAD:DSD_NAMAIN1@DF_QNA_INC_SAV(1.1),Q,Y,AUS,S1,S1,B6G,_Z,_Z,_Z,XDC,V,N,T0107,2019-Q1,476577,,,F,1,A,6,AUD
OECD.SDD.NAD:DSD_NAMAIN1@DF_QNA_INC_SAV(1.1),Q,Y,AUS,S1,S1,B6G,_Z,_Z,_Z,XDC,V,N,T0107,2018-Q4,468285,,,F,1,A,6,AUD
OECD.SDD.NAD:DSD_NAMAIN1@DF_QNA_INC_SAV(1.1),Q,Y,AUS,S1,S1,B6G,_Z,_Z,_Z,XDC,V,N,T0107,2018-Q3,460833,,,F,1,A,6,AUD
OECD.SDD.NAD:DSD_NAMAIN1@DF_QNA_INC_SAV(1.1),Q,Y,AUS,S1,S1,B6N,_Z,_Z,_Z,XDC,V,N,T0107,2022-Q4,503612,,,F,1,A,6,AUD
OECD.SDD.NAD:DSD_NAMAIN1@DF_QNA_INC_SAV(1.1),Q,Y,AUS,S1,S1,B6N,_Z,_Z,_Z,XDC,V,N,T0107,2022-Q3,492693,,,F,1,A,6,AUD
OECD.SDD.NAD:DSD_NAMAIN1@DF_QNA_INC_SAV(1.1),Q,Y,AUS,S1,S1,B6N,_Z,_Z,_Z,XDC,V,N,T0107,2022-Q2,488816,,,F,1,A,6,AUD
OECD.SDD.NAD:DSD_NAMAIN1@DF_QNA_INC_SAV(1.1),Q,Y,AUS,S1,S1,B6N,_Z,_Z,_Z,XDC,V,N,T0107,2022-Q1,468022,,,F,1,A,6,AUD
OECD.SDD.NAD:DSD_NAMAIN1@DF_QNA_INC_SAV(1.1),Q,Y,AUS,S1,S1,B6N,_Z,_Z,_Z,XDC,V,N,T0107,2021-Q4,449023,,,F,1,A,6,AUD
OECD.SDD.NAD:DSD_NAMAIN1@DF_QNA_INC_SAV(1.1),Q,Y,AUS,S1,S1,B6N,_Z,_Z,_Z,XDC,V,N,T0107,2000-Q2,138029,,,F,1,A,6,AUD
OECD.SDD.NAD:DSD_NAMAIN1@DF_QNA_INC_SAV(1.1),Q,Y,AUS,S1,S1,B6N,_Z,_Z,_Z,XDC,V,N,T0107,2000-Q1,136591,,,F,1,A,6,AUD
OECD.SDD.NAD:DSD_NAMAIN1@DF_QNA_INC_SAV(1.1),Q,Y,AUS,S1,S1,B6N,_Z,_Z,_Z,XDC,V,N,T0107,2010-Q4,282490,,,F,1,A,6,AUD
OECD.SDD.NAD:DSD_NAMAIN1@DF_QNA_INC_SAV(1.1),Q,Y,AUS,S1,S1,B6N,_Z,_Z,_Z,XDC,V,N,T0107,2010-Q3,276821,,,F,1,A,6,AUD
OECD.SDD.NAD:DSD_NAMAIN1@DF_QNA_INC_SAV(1.1),Q,Y,AUS,S1,S1,B6N,_Z,_Z,_Z,XDC,V,N,T0107,2010-Q1,260269,,,F,1,A,6,AUD
OECD.SDD.NAD:DSD_NAMAIN1@DF_QNA_INC_SAV(1.1),Q,Y,AUS,S1,S1,B6N,_Z,_Z,_Z,XDC,V,N,T0107,2009-Q3,250129,,,F,1,A,6,AUD
OECD.SDD.NAD:DSD_NAMAIN1@DF_QNA_INC_SAV(1.1),Q,Y,AUS,S1,S1,B6N,_Z,_Z,_Z,XDC,V,N,T0107,2009-Q2,248000,,,F,1,A,6,AUD
OECD.SDD.NAD:DSD_NAMAIN1@DF_QNA_INC_SAV(1.1),Q,Y,AUS,S1,S1,B6N,_Z,_Z,_Z,XDC,V,N,T0107,2009-Q1,255735,,,F,1,A,6,AUD
OECD.SDD.NAD:DSD_NAMAIN1@DF_QNA_INC_SAV(1.1),Q,Y,AUS,S1,S1,B6N,_Z,_Z,_Z,XDC,V,N,T0107,2008-Q4,253929,,,F,1,A,6,AUD
OECD.SDD.NAD:DSD_NAMAIN1@DF_QNA_INC_SAV(1.1),Q,Y,AUS,S1,S1,B6N,_Z,_Z,_Z,XDC,V,N,T0107,2008-Q3,254916,,,F,1,A,6,AUD
OECD.SDD.NAD:DSD_NAMAIN1@DF_QNA_INC_SAV(1.1),Q,Y,AUS,S1,S1,B6N,_Z,_Z,_Z,XDC,V,N,T0107,2008-Q2,246888,,,F,1,A,6,AUD
OECD.SDD.NAD:DSD_NAMAIN1@DF_QNA_INC_SAV(1.1),Q,Y,AUS,S1,S1,B6N,_Z,_Z,_Z,XDC,V,N,T0107,2008-Q1,238189,,,F,1,A,6,AUD
OECD.SDD.NAD:DSD_NAMAIN1@DF_QNA_INC_SAV(1.1),Q,Y,AUS,S1,S1,B6N,_Z,_Z,_Z,XDC,V,N,T0107,2007-Q4,230938,,,F,1,A,6,AUD
OECD.SDD.NAD:DSD_NAMAIN1@DF_QNA_INC_SAV(1.1),Q,Y,AUS,S1,S1,B6N,_Z,_Z,_Z,XDC,V,N,T0107,2006-Q4,213289,,,F,1,A,6,AUD
OECD.SDD.NAD:DSD_NAMAIN1@DF_QNA_INC_SAV(1.1),Q,Y,AUS,S1,S1,B6N,_Z,_Z,_Z,XDC,V,N,T0107,2006-Q3,207655,,,F,1,A,6,AUD
OECD.SDD.NAD:DSD_NAMAIN1@DF_QNA_INC_SAV(1.1),Q,Y,AUS,S1,S1,B6N,_Z,_Z,_Z,XDC,V,N,T0107,2006-Q2,202103,,,F,1,A,6,AUD
OECD.SDD.NAD:DSD_NAMAIN1@DF_QNA_INC_SAV(1.1),Q,Y,AUS,S1,S1,B6N,_Z,_Z,_Z,XDC,V,N,T0107,2006-Q1,201842,,,F,1,A,6,AUD
OECD.SDD.NAD:DSD_NAMAIN1@DF_QNA_INC_SAV(1.1),Q,Y,AUS,S1,S1,B6N,_Z,_Z,_Z,XDC,V,N,T0107,2005-Q4,198590,,,F,1,A,6,AUD
OECD.SDD.NAD:DSD_NAMAIN1@DF_QNA_INC_SAV(1.1),Q,Y,AUS,S1,S1,B6N,_Z,_Z,_Z,XDC,V,N,T0107,2005-Q3,195165,,,F,1,A,6,AUD
OECD.SDD.NAD:DSD_NAMAIN1@DF_QNA_INC_SAV(1.1),Q,Y,AUS,S1,S1,B6N,_Z,_Z,_Z,XDC,V,N,T0107,2005-Q2,188917,,,F,1,A,6,AUD
OECD.SDD.NAD:DSD_NAMAIN1@DF_QNA_INC_SAV(1.1),Q,Y,AUS,S1,S1,B6N,_Z,_Z,_Z,XDC,V,N,T0107,2005-Q1,187562,,,F,1,A,6,AUD
OECD.SDD.NAD:DSD_NAMAIN1@DF_QNA_INC_SAV(1.1),Q,Y,AUS,S1,S1,B6N,_Z,_Z,_Z,XDC,V,N,T0107,2004-Q4,183798,,,F,1,A,6,AUD
OECD.SDD.NAD:DSD_NAMAIN1@DF_QNA_INC_SAV(1.1),Q,Y,AUS,S1,S1,B6N,_Z,_Z,_Z,XDC,V,N,T0107,2004-Q3,180545,,,F,1,A,6,AUD
OECD.SDD.NAD:DSD_NAMAIN1@DF_QNA_INC_SAV(1.1),Q,Y,AUS,S1,S1,B6N,_Z,_Z,_Z,XDC,V,N,T0107,2004-Q2,179854,,,F,1,A,6,AUD
OECD.SDD.NAD:DSD_NAMAIN1@DF_QNA_INC_SAV(1.1),Q,Y,AUS,S1,S1,B6N,_Z,_Z,_Z,XDC,V,N,T0107,2004-Q1,176735,,,F,1,A,6,AUD
OECD.SDD.NAD:DSD_NAMAIN1@DF_QNA_INC_SAV(1.1),Q,Y,AUS,S1,S1,B6N,_Z,_Z,_Z,XDC,V,N,T0107,2003-Q4,174874,,,F,1,A,6,AUD
OECD.SDD.NAD:DSD_NAMAIN1@DF_QNA_INC_SAV(1.1),Q,Y,AUS,S1,S1,B6N,_Z,_Z,_Z,XDC,V,N,T0107,2003-Q3,170506,,,F,1,A,6,AUD
OECD.SDD.NAD:DSD_NAMAIN1@DF_QNA_INC_SAV(1.1),Q,Y,AUS,S1,S1,B6N,_Z,_Z,_Z,XDC,V,N,T0107,2007-Q1,219242,,,F,1,A,6,AUD
OECD.SDD.NAD:DSD_NAMAIN1@DF_QNA_INC_SAV(1.1),Q,Y,AUS,S1,S1,B6N,_Z,_Z,_Z,XDC,V,N,T0107,2015-Q4,329018,,,F,1,A,6,AUD
OECD.SDD.NAD:DSD_NAMAIN1@DF_QNA_INC_SAV(1.1),Q,Y,AUS,S1,S1,B6N,_Z,_Z,_Z,XDC,V,N,T0107,2015-Q1,328598,,,F,1,A,6,AUD
OECD.SDD.NAD:DSD_NAMAIN1@DF_QNA_INC_SAV(1.1),Q,Y,AUS,S1,S1,B6N,_Z,_Z,_Z,XDC,V,N,T0107,2014-Q4,327173,,,F,1,A,6,AUD
OECD.SDD.NAD:DSD_NAMAIN1@DF_QNA_INC_SAV(1.1),Q,Y,AUS,S1,S1,B6N,_Z,_Z,_Z,XDC,V,N,T0107,2014-Q3,324517,,,F,1,A,6,AUD
OECD.SDD.NAD:DSD_NAMAIN1@DF_QNA_INC_SAV(1.1),Q,Y,AUS,S1,S1,B6N,_Z,_Z,_Z,XDC,V,N,T0107,2014-Q2,326184,,,F,1,A,6,AUD
OECD.SDD.NAD:DSD_NAMAIN1@DF_QNA_INC_SAV(1.1),Q,Y,AUS,S1,S1,B6N,_Z,_Z,_Z,XDC,V,N,T0107,2014-Q1,323922,,,F,1,A,6,AUD
OECD.SDD.NAD:DSD_NAMAIN1@DF_QNA_INC_SAV(1.1),Q,Y,AUS,S1,S1,B6N,_Z,_Z,_Z,XDC,V,N,T0107,2013-Q4,324477,,,F,1,A,6,AUD
OECD.SDD.NAD:DSD_NAMAIN1@DF_QNA_INC_SAV(1.1),Q,Y,AUS,S1,S1,B6N,_Z,_Z,_Z,XDC,V,N,T0107,2013-Q3,318331,,,F,1,A,6,AUD
OECD.SDD.NAD:DSD_NAMAIN1@DF_QNA_INC_SAV(1.1),Q,Y,AUS,S1,S1,B6N,_Z,_Z,_Z,XDC,V,N,T0107,2013-Q2,317351,,,F,1,A,6,AUD
OECD.SDD.NAD:DSD_NAMAIN1@DF_QNA_INC_SAV(1.1),Q,Y,AUS,S1,S1,B6N,_Z,_Z,_Z,XDC,V,N,T0107,2013-Q1,314198,,,F,1,A,6,AUD
OECD.SDD.NAD:DSD_NAMAIN1@DF_QNA_INC_SAV(1.1),Q,Y,AUS,S1,S1,B6N,_Z,_Z,_Z,XDC,V,N,T0107,2012-Q4,311031,,,F,1,A,6,AUD
OECD.SDD.NAD:DSD_NAMAIN1@DF_QNA_INC_SAV(1.1),Q,Y,AUS,S1,S1,B6N,_Z,_Z,_Z,XDC,V,N,T0107,2012-Q3,309070,,,F,1,A,6,AUD
OECD.SDD.NAD:DSD_NAMAIN1@DF_QNA_INC_SAV(1.1),Q,Y,AUS,S1,S1,B6N,_Z,_Z,_Z,XDC,V,N,T0107,2012-Q2,307826,,,F,1,A,6,AUD
OECD.SDD.NAD:DSD_NAMAIN1@DF_QNA_INC_SAV(1.1),Q,Y,AUS,S1,S1,B6N,_Z,_Z,_Z,XDC,V,N,T0107,2012-Q1,305115,,,F,1,A,6,AUD
OECD.SDD.NAD:DSD_NAMAIN1@DF_QNA_INC_SAV(1.1),Q,Y,AUS,S1,S1,B6N,_Z,_Z,_Z,XDC,V,N,T0107,2011-Q4,304157,,,F,1,A,6,AUD
OECD.SDD.NAD:DSD_NAMAIN1@DF_QNA_INC_SAV(1.1),Q,Y,AUS,S1,S1,B6N,_Z,_Z,_Z,XDC,V,N,T0107,2011-Q3,302108,,,F,1,A,6,AUD
OECD.SDD.NAD:DSD_NAMAIN1@DF_QNA_INC_SAV(1.1),Q,Y,AUS,S1,S1,B6N,_Z,_Z,_Z,XDC,V,N,T0107,2011-Q2,292447,,,F,1,A,6,AUD
OECD.SDD.NAD:DSD_NAMAIN1@DF_QNA_INC_SAV(1.1),Q,Y,AUS,S1,S1,B6N,_Z,_Z,_Z,XDC,V,N,T0107,2011-Q1,284082,,,F,1,A,6,AUD
OECD.SDD.NAD:DSD_NAMAIN1@DF_QNA_INC_SAV(1.1),Q,Y,AUS,S1,S1,B6N,_Z,_Z,_Z,XDC,V,N,T0107,2010-Q2,274234,,,F,1,A,6,AUD
OECD.SDD.NAD:DSD_NAMAIN1@DF_QNA_INC_SAV(1.1),Q,Y,AUS,S1,S1,B6N,_Z,_Z,_Z,XDC,V,N,T0107,2009-Q4,255287,,,F,1,A,6,AUD
OECD.SDD.NAD:DSD_NAMAIN1@DF_QNA_INC_SAV(1.1),Q,Y,AUS,S1,S1,B6N,_Z,_Z,_Z,XDC,V,N,T0107,2007-Q3,226277,,,F,1,A,6,AUD
OECD.SDD.NAD:DSD_NAMAIN1@DF_QNA_INC_SAV(1.1),Q,Y,AUS,S1,S1,B6N,_Z,_Z,_Z,XDC,V,N,T0107,2024-Q3,538784,,,F,1,A,6,AUD
OECD.SDD.NAD:DSD_NAMAIN1@DF_QNA_INC_SAV(1.1),Q,Y,AUS,S1,S1,B6N,_Z,_Z,_Z,XDC,V,N,T0107,2024-Q2,533916,,,F,1,A,6,AUD
OECD.SDD.NAD:DSD_NAMAIN1@DF_QNA_INC_SAV(1.1),Q,Y,AUS,S1,S1,B6N,_Z,_Z,_Z,XDC,V,N,T0107,2024-Q1,532140,,,F,1,A,6,AUD
OECD.SDD.NAD:DSD_NAMAIN1@DF_QNA_INC_SAV(1.1),Q,Y,AUS,S1,S1,B6G,_Z,_Z,_Z,XDC,V,N,T0107,2001-Q3,179425,,,F,1,A,6,AUD
OECD.SDD.NAD:DSD_NAMAIN1@DF_QNA_INC_SAV(1.1),Q,Y,AUS,S1,S1,B6G,_Z,_Z,_Z,XDC,V,N,T0107,2001-Q2,174524,,,F,1,A,6,AUD
OECD.SDD.NAD:DSD_NAMAIN1@DF_QNA_INC_SAV(1.1),Q,Y,AUS,S1,S1,B6G,_Z,_Z,_Z,XDC,V,N,T0107,2001-Q1,173925,,,F,1,A,6,AUD
OECD.SDD.NAD:DSD_NAMAIN1@DF_QNA_INC_SAV(1.1),Q,Y,AUS,S1,S1,B6G,_Z,_Z,_Z,XDC,V,N,T0107,2000-Q4,170276,,,F,1,A,6,AUD
OECD.SDD.NAD:DSD_NAMAIN1@DF_QNA_INC_SAV(1.1),Q,Y,AUS,S1,S1,B6G,_Z,_Z,_Z,XDC,V,N,T0107,2000-Q3,169888,,,F,1,A,6,AUD
OECD.SDD.NAD:DSD_NAMAIN1@DF_QNA_INC_SAV(1.1),Q,Y,AUS,S1,S1,B6N,_Z,_Z,_Z,XDC,V,N,T0107,2003-Q2,165829,,,F,1,A,6,AUD
OECD.SDD.NAD:DSD_NAMAIN1@DF_QNA_INC_SAV(1.1),Q,Y,AUS,S1,S1,B6N,_Z,_Z,_Z,XDC,V,N,T0107,2003-Q1,162699,,,F,1,A,6,AUD
OECD.SDD.NAD:DSD_NAMAIN1@DF_QNA_INC_SAV(1.1),Q,Y,AUS,S1,S1,B6N,_Z,_Z,_Z,XDC,V,N,T0107,2002-Q4,161719,,,F,1,A,6,AUD
OECD.SDD.NAD:DSD_NAMAIN1@DF_QNA_INC_SAV(1.1),Q,Y,AUS,S1,S1,B6N,_Z,_Z,_Z,XDC,V,N,T0107,2002-Q3,159756,,,F,1,A,6,AUD
OECD.SDD.NAD:DSD_NAMAIN1@DF_QNA_INC_SAV(1.1),Q,Y,AUS,S1,S1,B6N,_Z,_Z,_Z,XDC,V,N,T0107,2002-Q2,157659,,,F,1,A,6,AUD
OECD.SDD.NAD:DSD_NAMAIN1@DF_QNA_INC_SAV(1.1),Q,Y,AUS,S1,S1,B6N,_Z,_Z,_Z,XDC,V,N,T0107,2002-Q1,154045,,,F,1,A,6,AUD
OECD.SDD.NAD:DSD_NAMAIN1@DF_QNA_INC_SAV(1.1),Q,Y,AUS,S1,S1,B6N,_Z,_Z,_Z,XDC,V,N,T0107,2001-Q4,152361,,,F,1,A,6,AUD
OECD.SDD.NAD:DSD_NAMAIN1@DF_QNA_INC_SAV(1.1),Q,Y,AUS,S1,S1,B6N,_Z,_Z,_Z,XDC,V,N,T0107,2001-Q3,148727,,,F,1,A,6,AUD
OECD.SDD.NAD:DSD_NAMAIN1@DF_QNA_INC_SAV(1.1),Q,Y,AUS,S1,S1,B6N,_Z,_Z,_Z,XDC,V,N,T0107,2001-Q2,144200,,,F,1,A,6,AUD
OECD.SDD.NAD:DSD_NAMAIN1@DF_QNA_INC_SAV(1.1),Q,Y,AUS,S1,S1,B6N,_Z,_Z,_Z,XDC,V,N,T0107,2001-Q1,144045,,,F,1,A,6,AUD
OECD.SDD.NAD:DSD_NAMAIN1@DF_QNA_INC_SAV(1.1),Q,Y,AUS,S1,S1,B6N,_Z,_Z,_Z,XDC,V,N,T0107,2000-Q4,140925,,,F,1,A,6,AUD
OECD.SDD.NAD:DSD_NAMAIN1@DF_QNA_INC_SAV(1.1),Q,Y,AUS,S1,S1,B6N,_Z,_Z,_Z,XDC,V,N,T0107,2000-Q3,141150,,,F,1,A,6,AUD
OECD.SDD.NAD:DSD_NAMAIN1@DF_QNA_INC_SAV(1.1),Q,Y,AUS,S1,S1,B6G,_Z,_Z,_Z,XDC,V,N,T0107,2002-Q2,189650,,,F,1,A,6,AUD
OECD.SDD.NAD:DSD_NAMAIN1@DF_QNA_INC_SAV(1.1),Q,Y,AUS,S1,S1,B6G,_Z,_Z,_Z,XDC,V,N,T0107,2002-Q1,185619,,,F,1,A,6,AUD
OECD.SDD.NAD:DSD_NAMAIN1@DF_QNA_INC_SAV(1.1),Q,Y,AUS,S1,S1,B6G,_Z,_Z,_Z,XDC,V,N,T0107,2001-Q4,183503,,,F,1,A,6,AUD
OECD.SDD.NAD:DSD_NAMAIN1@DF_QNA_INC_SAV(1.1),Q,Y,AUS,S1,S1,B6G,_Z,_Z,_Z,XDC,V,N,T0107,2014-Q1,391541,,,F,1,A,6,AUD
OECD.SDD.NAD:DSD_NAMAIN1@DF_QNA_INC_SAV(1.1),Q,Y,AUS,S1,S1,B6G,_Z,_Z,_Z,XDC,V,N,T0107,2013-Q4,390959,,,F,1,A,6,AUD
OECD.SDD.NAD:DSD_NAMAIN1@DF_QNA_INC_SAV(1.1),Q,Y,AUS,S1,S1,B6G,_Z,_Z,_Z,XDC,V,N,T0107,2013-Q3,383706,,,F,1,A,6,AUD
OECD.SDD.NAD:DSD_NAMAIN1@DF_QNA_INC_SAV(1.1),Q,Y,AUS,S1,S1,B6G,_Z,_Z,_Z,XDC,V,N,T0107,2013-Q2,381512,,,F,1,A,6,AUD
OECD.SDD.NAD:DSD_NAMAIN1@DF_QNA_INC_SAV(1.1),Q,Y,AUS,S1,S1,B6G,_Z,_Z,_Z,XDC,V,N,T0107,2013-Q1,377252,,,F,1,A,6,AUD
OECD.SDD.NAD:DSD_NAMAIN1@DF_QNA_INC_SAV(1.1),Q,Y,AUS,S1,S1,B6G,_Z,_Z,_Z,XDC,V,N,T0107,2012-Q4,373113,,,F,1,A,6,AUD
OECD.SDD.NAD:DSD_NAMAIN1@DF_QNA_INC_SAV(1.1),Q,N,AUS,S1,S1,B6N,_Z,_Z,_Z,XDC,V,N,T0107,2024-Q3,538830,,,F,1,A,6,AUD
OECD.SDD.NAD:DSD_NAMAIN1@DF_QNA_INC_SAV(1.1),Q,Y,AUS,S1,S1,B6N,_Z,_Z,_Z,XDC,V,N,T0107,2021-Q3,437705,,,F,1,A,6,AUD
OECD.SDD.NAD:DSD_NAMAIN1@DF_QNA_INC_SAV(1.1),Q,Y,AUS,S1,S1,B6N,_Z,_Z,_Z,XDC,V,N,T0107,2025-Q1,553078,,,F,1,A,6,AUD
OECD.SDD.NAD:DSD_NAMAIN1@DF_QNA_INC_SAV(1.1),Q,Y,AUS,S1,S1,B6N,_Z,_Z,_Z,XDC,V,N,T0107,2024-Q4,542692,,,F,1,A,6,AUD
OECD.SDD.NAD:DSD_NAMAIN1@DF_QNA_INC_SAV(1.1),Q,Y,AUS,S1,S1,B6N,_Z,_Z,_Z,XDC,V,N,T0107,2015-Q2,327380,,,F,1,A,6,AUD
OECD.SDD.NAD:DSD_NAMAIN1@DF_QNA_INC_SAV(1.1),Q,Y,AUS,S1,S1,B6N,_Z,_Z,_Z,XDC,V,N,T0107,2020-Q4,416865,,,F,1,A,6,AUD
OECD.SDD.NAD:DSD_NAMAIN1@DF_QNA_INC_SAV(1.1),Q,Y,AUS,S1,S1,B6N,_Z,_Z,_Z,XDC,V,N,T0107,2020-Q3,396240,,,F,1,A,6,AUD
OECD.SDD.NAD:DSD_NAMAIN1@DF_QNA_INC_SAV(1.1),Q,Y,AUS,S1,S1,B6N,_Z,_Z,_Z,XDC,V,N,T0107,2020-Q2,373367,,,F,1,A,6,AUD
OECD.SDD.NAD:DSD_NAMAIN1@DF_QNA_INC_SAV(1.1),Q,Y,AUS,S1,S1,B6N,_Z,_Z,_Z,XDC,V,N,T0107,2020-Q1,408336,,,F,1,A,6,AUD
OECD.SDD.NAD:DSD_NAMAIN1@DF_QNA_INC_SAV(1.1),Q,Y,AUS,S1,S1,B6N,_Z,_Z,_Z,XDC,V,N,T0107,2019-Q4,405067,,,F,1,A,6,AUD
OECD.SDD.NAD:DSD_NAMAIN1@DF_QNA_INC_SAV(1.1),Q,Y,AUS,S1,S1,B6N,_Z,_Z,_Z,XDC,V,N,T0107,2019-Q3,403437,,,F,1,A,6,AUD
OECD.SDD.NAD:DSD_NAMAIN1@DF_QNA_INC_SAV(1.1),Q,Y,AUS,S1,S1,B6N,_Z,_Z,_Z,XDC,V,N,T0107,2019-Q2,396785,,,F,1,A,6,AUD
OECD.SDD.NAD:DSD_NAMAIN1@DF_QNA_INC_SAV(1.1),Q,Y,AUS,S1,S1,B6N,_Z,_Z,_Z,XDC,V,N,T0107,2019-Q1,391803,,,F,1,A,6,AUD
OECD.SDD.NAD:DSD_NAMAIN1@DF_QNA_INC_SAV(1.1),Q,Y,AUS,S1,S1,B6N,_Z,_Z,_Z,XDC,V,N,T0107,2018-Q4,384373,,,F,1,A,6,AUD
OECD.SDD.NAD:DSD_NAMAIN1@DF_QNA_INC_SAV(1.1),Q,Y,AUS,S1,S1,B6N,_Z,_Z,_Z,XDC,V,N,T0107,2018-Q3,377774,,,F,1,A,6,AUD
OECD.SDD.NAD:DSD_NAMAIN1@DF_QNA_INC_SAV(1.1),Q,Y,AUS,S1,S1,B6N,_Z,_Z,_Z,XDC,V,N,T0107,2018-Q2,373022,,,F,1,A,6,AUD
OECD.SDD.NAD:DSD_NAMAIN1@DF_QNA_INC_SAV(1.1),Q,Y,AUS,S1,S1,B6N,_Z,_Z,_Z,XDC,V,N,T0107,2018-Q1,371327,,,F,1,A,6,AUD
OECD.SDD.NAD:DSD_NAMAIN1@DF_QNA_INC_SAV(1.1),Q,Y,AUS,S1,S1,B6N,_Z,_Z,_Z,XDC,V,N,T0107,2017-Q4,362746,,,F,1,A,6,AUD
OECD.SDD.NAD:DSD_NAMAIN1@DF_QNA_INC_SAV(1.1),Q,Y,AUS,S1,S1,B6N,_Z,_Z,_Z,XDC,V,N,T0107,2017-Q3,359224,,,F,1,A,6,AUD
OECD.SDD.NAD:DSD_NAMAIN1@DF_QNA_INC_SAV(1.1),Q,Y,AUS,S1,S1,B6N,_Z,_Z,_Z,XDC,V,N,T0107,2017-Q2,356598,,,F,1,A,6,AUD
OECD.SDD.NAD:DSD_NAMAIN1@DF_QNA_INC_SAV(1.1),Q,Y,AUS,S1,S1,B6N,_Z,_Z,_Z,XDC,V,N,T0107,2017-Q1,358790,,,F,1,A,6,AUD
OECD.SDD.NAD:DSD_NAMAIN1@DF_QNA_INC_SAV(1.1),Q,Y,AUS,S1,S1,B6N,_Z,_Z,_Z,XDC,V,N,T0107,2016-Q4,350793,,,F,1,A,6,AUD
OECD.SDD.NAD:DSD_NAMAIN1@DF_QNA_INC_SAV(1.1),Q,Y,AUS,S1,S1,B6N,_Z,_Z,_Z,XDC,V,N,T0107,2016-Q3,338851,,,F,1,A,6,AUD
OECD.SDD.NAD:DSD_NAMAIN1@DF_QNA_INC_SAV(1.1),Q,Y,AUS,S1,S1,B6N,_Z,_Z,_Z,XDC,V,N,T0107,2016-Q2,332789,,,F,1,A,6,AUD
OECD.SDD.NAD:DSD_NAMAIN1@DF_QNA_INC_SAV(1.1),Q,Y,AUS,S1,S1,B6N,_Z,_Z,_Z,XDC,V,N,T0107,2016-Q1,329869,,,F,1,A,6,AUD
OECD.SDD.NAD:DSD_NAMAIN1@DF_QNA_INC_SAV(1.1),Q,Y,AUS,S1,S1,B6N,_Z,_Z,_Z,XDC,V,N,T0107,2023-Q4,525435,,,F,1,A,6,AUD
OECD.SDD.NAD:DSD_NAMAIN1@DF_QNA_INC_SAV(1.1),Q,Y,AUS,S1,S1,B6N,_Z,_Z,_Z,XDC,V,N,T0107,2023-Q3,517713,,,F,1,A,6,AUD
OECD.SDD.NAD:DSD_NAMAIN1@DF_QNA_INC_SAV(1.1),Q,Y,CAN,S1,S1,B6N,_Z,_Z,_Z,XDC,V,N,T0107,2004-Q2,276858,,,F,1,A,6,CAD
OECD.SDD.NAD:DSD_NAMAIN1@DF_QNA_INC_SAV(1.1),Q,Y,CAN,S1,S1,B6N,_Z,_Z,_Z,XDC,V,N,T0107,2010-Q1,335249,,,F,1,A,6,CAD
OECD.SDD.NAD:DSD_NAMAIN1@DF_QNA_INC_SAV(1.1),Q,Y,CAN,S1,S1,B6N,_Z,_Z,_Z,XDC,V,N,T0107,2021-Q1,499288,,,F,1,A,6,CAD
OECD.SDD.NAD:DSD_NAMAIN1@DF_QNA_INC_SAV(1.1),Q,Y,CAN,S1,S1,B6N,_Z,_Z,_Z,XDC,V,N,T0107,2010-Q3,338237,,,F,1,A,6,CAD
OECD.SDD.NAD:DSD_NAMAIN1@DF_QNA_INC_SAV(1.1),Q,N,CAN,S1,S1,B6G,_Z,_Z,_Z,XDC,V,N,T0107,2005-Q1,275457,,,F,1,A,6,CAD
OECD.SDD.NAD:DSD_NAMAIN1@DF_QNA_INC_SAV(1.1),Q,N,CAN,S1,S1,B6G,_Z,_Z,_Z,XDC,V,N,T0107,2004-Q4,288188,,,F,1,A,6,CAD
OECD.SDD.NAD:DSD_NAMAIN1@DF_QNA_INC_SAV(1.1),Q,N,CAN,S1,S1,B6G,_Z,_Z,_Z,XDC,V,N,T0107,2004-Q3,291728,,,F,1,A,6,CAD
OECD.SDD.NAD:DSD_NAMAIN1@DF_QNA_INC_SAV(1.1),Q,N,CAN,S1,S1,B6G,_Z,_Z,_Z,XDC,V,N,T0107,2004-Q2,275503,,,F,1,A,6,CAD
OECD.SDD.NAD:DSD_NAMAIN1@DF_QNA_INC_SAV(1.1),Q,N,CAN,S1,S1,B6G,_Z,_Z,_Z,XDC,V,N,T0107,2004-Q1,257467,,,F,1,A,6,CAD
OECD.SDD.NAD:DSD_NAMAIN1@DF_QNA_INC_SAV(1.1),Q,N,CAN,S1,S1,B6G,_Z,_Z,_Z,XDC,V,N,T0107,2003-Q4,266919,,,F,1,A,6,CAD
OECD.SDD.NAD:DSD_NAMAIN1@DF_QNA_INC_SAV(1.1),Q,Y,CAN,S1,S1,B6N,_Z,_Z,_Z,XDC,V,N,T0107,2006-Q1,307822,,,F,1,A,6,CAD
OECD.SDD.NAD:DSD_NAMAIN1@DF_QNA_INC_SAV(1.1),Q,Y,CAN,S1,S1,B6N,_Z,_Z,_Z,XDC,V,N,T0107,2010-Q2,337231,,,F,1,A,6,CAD
OECD.SDD.NAD:DSD_NAMAIN1@DF_QNA_INC_SAV(1.1),Q,N,CAN,S1,S1,B6G,_Z,_Z,_Z,XDC,V,N,T0107,2009-Q1,301389,,,F,1,A,6,CAD
OECD.SDD.NAD:DSD_NAMAIN1@DF_QNA_INC_SAV(1.1),Q,N,CAN,S1,S1,B6G,_Z,_Z,_Z,XDC,V,N,T0107,2008-Q4,339351,,,F,1,A,6,CAD
OECD.SDD.NAD:DSD_NAMAIN1@DF_QNA_INC_SAV(1.1),Q,Y,CAN,S1,S1,B6N,_Z,_Z,_Z,XDC,V,N,T0107,2019-Q4,484790,,,F,1,A,6,CAD
OECD.SDD.NAD:DSD_NAMAIN1@DF_QNA_INC_SAV(1.1),Q,Y,CAN,S1,S1,B6N,_Z,_Z,_Z,XDC,V,N,T0107,2019-Q3,475754,,,F,1,A,6,CAD
OECD.SDD.NAD:DSD_NAMAIN1@DF_QNA_INC_SAV(1.1),Q,N,CAN,S1,S1,B6G,_Z,_Z,_Z,XDC,V,N,T0107,2008-Q3,370715,,,F,1,A,6,CAD
OECD.SDD.NAD:DSD_NAMAIN1@DF_QNA_INC_SAV(1.1),Q,N,CAN,S1,S1,B6G,_Z,_Z,_Z,XDC,V,N,T0107,2008-Q2,342660,,,F,1,A,6,CAD
OECD.SDD.NAD:DSD_NAMAIN1@DF_QNA_INC_SAV(1.1),Q,N,CAN,S1,S1,B6G,_Z,_Z,_Z,XDC,V,N,T0107,2008-Q1,321730,,,F,1,A,6,CAD
OECD.SDD.NAD:DSD_NAMAIN1@DF_QNA_INC_SAV(1.1),Q,N,CAN,S1,S1,B6G,_Z,_Z,_Z,XDC,V,N,T0107,2007-Q4,340780,,,F,1,A,6,CAD
OECD.SDD.NAD:DSD_NAMAIN1@DF_QNA_INC_SAV(1.1),Q,N,CAN,S1,S1,B6G,_Z,_Z,_Z,XDC,V,N,T0107,2007-Q3,344300,,,F,1,A,6,CAD
OECD.SDD.NAD:DSD_NAMAIN1@DF_QNA_INC_SAV(1.1),Q,N,CAN,S1,S1,B6G,_Z,_Z,_Z,XDC,V,N,T0107,2007-Q2,327236,,,F,1,A,6,CAD
OECD.SDD.NAD:DSD_NAMAIN1@DF_QNA_INC_SAV(1.1),Q,N,CAN,S1,S1,B6G,_Z,_Z,_Z,XDC,V,N,T0107,2007-Q1,304190,,,F,1,A,6,CAD
OECD.SDD.NAD:DSD_NAMAIN1@DF_QNA_INC_SAV(1.1),Q,N,CAN,S1,S1,B6G,_Z,_Z,_Z,XDC,V,N,T0107,2006-Q4,321063,,,F,1,A,6,CAD
OECD.SDD.NAD:DSD_NAMAIN1@DF_QNA_INC_SAV(1.1),Q,N,CAN,S1,S1,B6G,_Z,_Z,_Z,XDC,V,N,T0107,2006-Q3,325762,,,F,1,A,6,CAD
OECD.SDD.NAD:DSD_NAMAIN1@DF_QNA_INC_SAV(1.1),Q,N,CAN,S1,S1,B6G,_Z,_Z,_Z,XDC,V,N,T0107,2006-Q2,311766,,,F,1,A,6,CAD
OECD.SDD.NAD:DSD_NAMAIN1@DF_QNA_INC_SAV(1.1),Q,N,CAN,S1,S1,B6G,_Z,_Z,_Z,XDC,V,N,T0107,2006-Q1,292990,,,F,1,A,6,CAD
OECD.SDD.NAD:DSD_NAMAIN1@DF_QNA_INC_SAV(1.1),Q,N,CAN,S1,S1,B6G,_Z,_Z,_Z,XDC,V,N,T0107,2005-Q4,308805,,,F,1,A,6,CAD
OECD.SDD.NAD:DSD_NAMAIN1@DF_QNA_INC_SAV(1.1),Q,N,CAN,S1,S1,B6G,_Z,_Z,_Z,XDC,V,N,T0107,2005-Q3,310054,,,F,1,A,6,CAD
OECD.SDD.NAD:DSD_NAMAIN1@DF_QNA_INC_SAV(1.1),Q,N,CAN,S1,S1,B6G,_Z,_Z,_Z,XDC,V,N,T0107,2005-Q2,292156,,,F,1,A,6,CAD
OECD.SDD.NAD:DSD_NAMAIN1@DF_QNA_INC_SAV(1.1),Q,N,CAN,S1,S1,B6G,_Z,_Z,_Z,XDC,V,N,T0107,2010-Q4,359619,,,F,1,A,6,CAD
OECD.SDD.NAD:DSD_NAMAIN1@DF_QNA_INC_SAV(1.1),Q,N,CAN,S1,S1,B6G,_Z,_Z,_Z,XDC,V,N,T0107,2010-Q3,353506,,,F,1,A,6,CAD
OECD.SDD.NAD:DSD_NAMAIN1@DF_QNA_INC_SAV(1.1),Q,N,CAN,S1,S1,B6G,_Z,_Z,_Z,XDC,V,N,T0107,2026-Q1,642878,,,F,1,A,6,CAD
OECD.SDD.NAD:DSD_NAMAIN1@DF_QNA_INC_SAV(1.1),Q,N,CAN,S1,S1,B6G,_Z,_Z,_Z,XDC,V,N,T0107,2025-Q4,692526,,,F,1,A,6,CAD
OECD.SDD.NAD:DSD_NAMAIN1@DF_QNA_INC_SAV(1.1),Q,N,CAN,S1,S1,B6G,_Z,_Z,_Z,XDC,V,N,T0107,2025-Q3,705687,,,F,1,A,6,CAD
OECD.SDD.NAD:DSD_NAMAIN1@DF_QNA_INC_SAV(1.1),Q,N,CAN,S1,S1,B6G,_Z,_Z,_Z,XDC,V,N,T0107,2025-Q2,645702,,,F,1,A,6,CAD
OECD.SDD.NAD:DSD_NAMAIN1@DF_QNA_INC_SAV(1.1),Q,N,CAN,S1,S1,B6G,_Z,_Z,_Z,XDC,V,N,T0107,2025-Q1,621911,,,F,1,A,6,CAD
OECD.SDD.NAD:DSD_NAMAIN1@DF_QNA_INC_SAV(1.1),Q,N,CAN,S1,S1,B6G,_Z,_Z,_Z,XDC,V,N,T0107,2003-Q3,268436,,,F,1,A,6,CAD
OECD.SDD.NAD:DSD_NAMAIN1@DF_QNA_INC_SAV(1.1),Q,N,CAN,S1,S1,B6G,_Z,_Z,_Z,XDC,V,N,T0107,2003-Q2,254476,,,F,1,A,6,CAD
OECD.SDD.NAD:DSD_NAMAIN1@DF_QNA_INC_SAV(1.1),Q,N,CAN,S1,S1,B6G,_Z,_Z,_Z,XDC,V,N,T0107,2003-Q1,247484,,,F,1,A,6,CAD
OECD.SDD.NAD:DSD_NAMAIN1@DF_QNA_INC_SAV(1.1),Q,N,CAN,S1,S1,B6G,_Z,_Z,_Z,XDC,V,N,T0107,2002-Q4,254145,,,F,1,A,6,CAD
OECD.SDD.NAD:DSD_NAMAIN1@DF_QNA_INC_SAV(1.1),Q,N,CAN,S1,S1,B6G,_Z,_Z,_Z,XDC,V,N,T0107,2023-Q3,643979,,,F,1,A,6,CAD
OECD.SDD.NAD:DSD_NAMAIN1@DF_QNA_INC_SAV(1.1),Q,N,CAN,S1,S1,B6G,_Z,_Z,_Z,XDC,V,N,T0107,2023-Q2,593200,,,F,1,A,6,CAD
OECD.SDD.NAD:DSD_NAMAIN1@DF_QNA_INC_SAV(1.1),Q,N,CAN,S1,S1,B6G,_Z,_Z,_Z,XDC,V,N,T0107,2023-Q1,554598,,,F,1,A,6,CAD
OECD.SDD.NAD:DSD_NAMAIN1@DF_QNA_INC_SAV(1.1),Q,N,CAN,S1,S1,B6G,_Z,_Z,_Z,XDC,V,N,T0107,2022-Q4,604226,,,F,1,A,6,CAD
OECD.SDD.NAD:DSD_NAMAIN1@DF_QNA_INC_SAV(1.1),Q,N,CAN,S1,S1,B6G,_Z,_Z,_Z,XDC,V,N,T0107,2022-Q3,629294,,,F,1,A,6,CAD
OECD.SDD.NAD:DSD_NAMAIN1@DF_QNA_INC_SAV(1.1),Q,N,CAN,S1,S1,B6G,_Z,_Z,_Z,XDC,V,N,T0107,2022-Q2,588300,,,F,1,A,6,CAD
OECD.SDD.NAD:DSD_NAMAIN1@DF_QNA_INC_SAV(1.1),Q,N,CAN,S1,S1,B6G,_Z,_Z,_Z,XDC,V,N,T0107,2022-Q1,537567,,,F,1,A,6,CAD
OECD.SDD.NAD:DSD_NAMAIN1@DF_QNA_INC_SAV(1.1),Q,N,CAN,S1,S1,B6G,_Z,_Z,_Z,XDC,V,N,T0107,2021-Q4,564011,,,F,1,A,6,CAD
OECD.SDD.NAD:DSD_NAMAIN1@DF_QNA_INC_SAV(1.1),Q,N,CAN,S1,S1,B6G,_Z,_Z,_Z,XDC,V,N,T0107,2021-Q3,552630,,,F,1,A,6,CAD
OECD.SDD.NAD:DSD_NAMAIN1@DF_QNA_INC_SAV(1.1),Q,N,CAN,S1,S1,B6G,_Z,_Z,_Z,XDC,V,N,T0107,2021-Q2,508038,,,F,1,A,6,CAD
OECD.SDD.NAD:DSD_NAMAIN1@DF_QNA_INC_SAV(1.1),Q,N,CAN,S1,S1,B6G,_Z,_Z,_Z,XDC,V,N,T0107,2021-Q1,467281,,,F,1,A,6,CAD
OECD.SDD.NAD:DSD_NAMAIN1@DF_QNA_INC_SAV(1.1),Q,N,CAN,S1,S1,B6G,_Z,_Z,_Z,XDC,V,N,T0107,2020-Q4,494527,,,F,1,A,6,CAD
OECD.SDD.NAD:DSD_NAMAIN1@DF_QNA_INC_SAV(1.1),Q,N,CAN,S1,S1,B6G,_Z,_Z,_Z,XDC,V,N,T0107,2020-Q3,479946,,,F,1,A,6,CAD
OECD.SDD.NAD:DSD_NAMAIN1@DF_QNA_INC_SAV(1.1),Q,N,CAN,S1,S1,B6G,_Z,_Z,_Z,XDC,V,N,T0107,2020-Q2,390365,,,F,1,A,6,CAD
OECD.SDD.NAD:DSD_NAMAIN1@DF_QNA_INC_SAV(1.1),Q,N,CAN,S1,S1,B6G,_Z,_Z,_Z,XDC,V,N,T0107,2020-Q1,439404,,,F,1,A,6,CAD
OECD.SDD.NAD:DSD_NAMAIN1@DF_QNA_INC_SAV(1.1),Q,N,CAN,S1,S1,B6G,_Z,_Z,_Z,XDC,V,N,T0107,2019-Q4,499200,,,F,1,A,6,CAD
OECD.SDD.NAD:DSD_NAMAIN1@DF_QNA_INC_SAV(1.1),Q,N,CAN,S1,S1,B6G,_Z,_Z,_Z,XDC,V,N,T0107,2019-Q3,496889,,,F,1,A,6,CAD
OECD.SDD.NAD:DSD_NAMAIN1@DF_QNA_INC_SAV(1.1),Q,N,CAN,S1,S1,B6G,_Z,_Z,_Z,XDC,V,N,T0107,2019-Q2,468092,,,F,1,A,6,CAD
OECD.SDD.NAD:DSD_NAMAIN1@DF_QNA_INC_SAV(1.1),Q,N,CAN,S1,S1,B6G,_Z,_Z,_Z,XDC,V,N,T0107,2019-Q1,434809,,,F,1,A,6,CAD
OECD.SDD.NAD:DSD_NAMAIN1@DF_QNA_INC_SAV(1.1),Q,N,CAN,S1,S1,B6G,_Z,_Z,_Z,XDC,V,N,T0107,2018-Q4,468363,,,F,1,A,6,CAD
OECD.SDD.NAD:DSD_NAMAIN1@DF_QNA_INC_SAV(1.1),Q,N,CAN,S1,S1,B6G,_Z,_Z,_Z,XDC,V,N,T0107,2018-Q3,485138,,,F,1,A,6,CAD
OECD.SDD.NAD:DSD_NAMAIN1@DF_QNA_INC_SAV(1.1),Q,N,CAN,S1,S1,B6G,_Z,_Z,_Z,XDC,V,N,T0107,2010-Q2,332230,,,F,1,A,6,CAD
OECD.SDD.NAD:DSD_NAMAIN1@DF_QNA_INC_SAV(1.1),Q,N,CAN,S1,S1,B6G,_Z,_Z,_Z,XDC,V,N,T0107,2010-Q1,314702,,,F,1,A,6,CAD
OECD.SDD.NAD:DSD_NAMAIN1@DF_QNA_INC_SAV(1.1),Q,N,CAN,S1,S1,B6G,_Z,_Z,_Z,XDC,V,N,T0107,2009-Q4,330735,,,F,1,A,6,CAD
OECD.SDD.NAD:DSD_NAMAIN1@DF_QNA_INC_SAV(1.1),Q,N,CAN,S1,S1,B6G,_Z,_Z,_Z,XDC,V,N,T0107,2009-Q3,331614,,,F,1,A,6,CAD
OECD.SDD.NAD:DSD_NAMAIN1@DF_QNA_INC_SAV(1.1),Q,N,CAN,S1,S1,B6G,_Z,_Z,_Z,XDC,V,N,T0107,2009-Q2,308769,,,F,1,A,6,CAD
OECD.SDD.NAD:DSD_NAMAIN1@DF_QNA_INC_SAV(1.1),Q,N,CAN,S1,S1,B6N,_Z,_Z,_Z,XDC,V,N,T0107,2021-Q3,552630,,,F,1,A,6,CAD
OECD.SDD.NAD:DSD_NAMAIN1@DF_QNA_INC_SAV(1.1),Q,N,CAN,S1,S1,B6N,_Z,_Z,_Z,XDC,V,N,T0107,2016-Q1,378902,,,F,1,A,6,CAD
OECD.SDD.NAD:DSD_NAMAIN1@DF_QNA_INC_SAV(1.1),Q,N,CAN,S1,S1,B6N,_Z,_Z,_Z,XDC,V,N,T0107,2015-Q4,415672,,,F,1,A,6,CAD
OECD.SDD.NAD:DSD_NAMAIN1@DF_QNA_INC_SAV(1.1),Q,N,CAN,S1,S1,B6N,_Z,_Z,_Z,XDC,V,N,T0107,2015-Q3,426588,,,F,1,A,6,CAD
OECD.SDD.NAD:DSD_NAMAIN1@DF_QNA_INC_SAV(1.1),Q,N,CAN,S1,S1,B6N,_Z,_Z,_Z,XDC,V,N,T0107,2015-Q2,393962,,,F,1,A,6,CAD
OECD.SDD.NAD:DSD_NAMAIN1@DF_QNA_INC_SAV(1.1),Q,N,CAN,S1,S1,B6N,_Z,_Z,_Z,XDC,V,N,T0107,2015-Q1,377211,,,F,1,A,6,CAD
OECD.SDD.NAD:DSD_NAMAIN1@DF_QNA_INC_SAV(1.1),Q,N,CAN,S1,S1,B6N,_Z,_Z,_Z,XDC,V,N,T0107,2014-Q4,422831,,,F,1,A,6,CAD
OECD.SDD.NAD:DSD_NAMAIN1@DF_QNA_INC_SAV(1.1),Q,N,CAN,S1,S1,B6N,_Z,_Z,_Z,XDC,V,N,T0107,2014-Q3,433644,,,F,1,A,6,CAD
OECD.SDD.NAD:DSD_NAMAIN1@DF_QNA_INC_SAV(1.1),Q,N,CAN,S1,S1,B6N,_Z,_Z,_Z,XDC,V,N,T0107,2014-Q2,401158,,,F,1,A,6,CAD
OECD.SDD.NAD:DSD_NAMAIN1@DF_QNA_INC_SAV(1.1),Q,N,CAN,S1,S1,B6N,_Z,_Z,_Z,XDC,V,N,T0107,2014-Q1,378379,,,F,1,A,6,CAD
OECD.SDD.NAD:DSD_NAMAIN1@DF_QNA_INC_SAV(1.1),Q,N,CAN,S1,S1,B6N,_Z,_Z,_Z,XDC,V,N,T0107,2013-Q4,409184,,,F,1,A,6,CAD
OECD.SDD.NAD:DSD_NAMAIN1@DF_QNA_INC_SAV(1.1),Q,N,CAN,S1,S1,B6N,_Z,_Z,_Z,XDC,V,N,T0107,2013-Q3,414135,,,F,1,A,6,CAD
OECD.SDD.NAD:DSD_NAMAIN1@DF_QNA_INC_SAV(1.1),Q,N,CAN,S1,S1,B6N,_Z,_Z,_Z,XDC,V,N,T0107,2013-Q2,376164,,,F,1,A,6,CAD
OECD.SDD.NAD:DSD_NAMAIN1@DF_QNA_INC_SAV(1.1),Q,N,CAN,S1,S1,B6N,_Z,_Z,_Z,XDC,V,N,T0107,2013-Q1,360770,,,F,1,A,6,CAD
OECD.SDD.NAD:DSD_NAMAIN1@DF_QNA_INC_SAV(1.1),Q,N,CAN,S1,S1,B6N,_Z,_Z,_Z,XDC,V,N,T0107,2012-Q4,387924,,,F,1,A,6,CAD
OECD.SDD.NAD:DSD_NAMAIN1@DF_QNA_INC_SAV(1.1),Q,N,CAN,S1,S1,B6N,_Z,_Z,_Z,XDC,V,N,T0107,2012-Q3,390055,,,F,1,A,6,CAD
OECD.SDD.NAD:DSD_NAMAIN1@DF_QNA_INC_SAV(1.1),Q,N,CAN,S1,S1,B6N,_Z,_Z,_Z,XDC,V,N,T0107,2012-Q2,366591,,,F,1,A,6,CAD
OECD.SDD.NAD:DSD_NAMAIN1@DF_QNA_INC_SAV(1.1),Q,N,CAN,S1,S1,B6N,_Z,_Z,_Z,XDC,V,N,T0107,2012-Q1,351903,,,F,1,A,6,CAD
OECD.SDD.NAD:DSD_NAMAIN1@DF_QNA_INC_SAV(1.1),Q,N,CAN,S1,S1,B6N,_Z,_Z,_Z,XDC,V,N,T0107,2011-Q4,381310,,,F,1,A,6,CAD
OECD.SDD.NAD:DSD_NAMAIN1@DF_QNA_INC_SAV(1.1),Q,N,CAN,S1,S1,B6N,_Z,_Z,_Z,XDC,V,N,T0107,2011-Q3,382371,,,F,1,A,6,CAD
OECD.SDD.NAD:DSD_NAMAIN1@DF_QNA_INC_SAV(1.1),Q,N,CAN,S1,S1,B6N,_Z,_Z,_Z,XDC,V,N,T0107,2011-Q2,354987,,,F,1,A,6,CAD
OECD.SDD.NAD:DSD_NAMAIN1@DF_QNA_INC_SAV(1.1),Q,N,CAN,S1,S1,B6N,_Z,_Z,_Z,XDC,V,N,T0107,2011-Q1,338198,,,F,1,A,6,CAD
OECD.SDD.NAD:DSD_NAMAIN1@DF_QNA_INC_SAV(1.1),Q,N,CAN,S1,S1,B6N,_Z,_Z,_Z,XDC,V,N,T0107,2010-Q4,359619,,,F,1,A,6,CAD
OECD.SDD.NAD:DSD_NAMAIN1@DF_QNA_INC_SAV(1.1),Q,N,CAN,S1,S1,B6N,_Z,_Z,_Z,XDC,V,N,T0107,2010-Q3,353506,,,F,1,A,6,CAD
OECD.SDD.NAD:DSD_NAMAIN1@DF_QNA_INC_SAV(1.1),Q,N,CAN,S1,S1,B6N,_Z,_Z,_Z,XDC,V,N,T0107,2021-Q2,508038,,,F,1,A,6,CAD
OECD.SDD.NAD:DSD_NAMAIN1@DF_QNA_INC_SAV(1.1),Q,N,CAN,S1,S1,B6N,_Z,_Z,_Z,XDC,V,N,T0107,2021-Q1,467281,,,F,1,A,6,CAD
OECD.SDD.NAD:DSD_NAMAIN1@DF_QNA_INC_SAV(1.1),Q,N,CAN,S1,S1,B6N,_Z,_Z,_Z,XDC,V,N,T0107,2020-Q4,494527,,,F,1,A,6,CAD
OECD.SDD.NAD:DSD_NAMAIN1@DF_QNA_INC_SAV(1.1),Q,N,CAN,S1,S1,B6N,_Z,_Z,_Z,XDC,V,N,T0107,2020-Q3,479946,,,F,1,A,6,CAD
OECD.SDD.NAD:DSD_NAMAIN1@DF_QNA_INC_SAV(1.1),Q,N,CAN,S1,S1,B6N,_Z,_Z,_Z,XDC,V,N,T0107,2020-Q2,390365,,,F,1,A,6,CAD
OECD.SDD.NAD:DSD_NAMAIN1@DF_QNA_INC_SAV(1.1),Q,N,CAN,S1,S1,B6N,_Z,_Z,_Z,XDC,V,N,T0107,2020-Q1,439404,,,F,1,A,6,CAD
OECD.SDD.NAD:DSD_NAMAIN1@DF_QNA_INC_SAV(1.1),Q,N,CAN,S1,S1,B6N,_Z,_Z,_Z,XDC,V,N,T0107,2019-Q4,499200,,,F,1,A,6,CAD
OECD.SDD.NAD:DSD_NAMAIN1@DF_QNA_INC_SAV(1.1),Q,N,CAN,S1,S1,B6N,_Z,_Z,_Z,XDC,V,N,T0107,2019-Q3,496889,,,F,1,A,6,CAD
OECD.SDD.NAD:DSD_NAMAIN1@DF_QNA_INC_SAV(1.1),Q,N,CAN,S1,S1,B6N,_Z,_Z,_Z,XDC,V,N,T0107,2019-Q2,468092,,,F,1,A,6,CAD
OECD.SDD.NAD:DSD_NAMAIN1@DF_QNA_INC_SAV(1.1),Q,N,CAN,S1,S1,B6N,_Z,_Z,_Z,XDC,V,N,T0107,2019-Q1,434809,,,F,1,A,6,CAD
OECD.SDD.NAD:DSD_NAMAIN1@DF_QNA_INC_SAV(1.1),Q,N,CAN,S1,S1,B6N,_Z,_Z,_Z,XDC,V,N,T0107,2018-Q4,468363,,,F,1,A,6,CAD
OECD.SDD.NAD:DSD_NAMAIN1@DF_QNA_INC_SAV(1.1),Q,N,CAN,S1,S1,B6N,_Z,_Z,_Z,XDC,V,N,T0107,2018-Q3,485138,,,F,1,A,6,CAD
OECD.SDD.NAD:DSD_NAMAIN1@DF_QNA_INC_SAV(1.1),Q,N,CAN,S1,S1,B6N,_Z,_Z,_Z,XDC,V,N,T0107,2018-Q2,449212,,,F,1,A,6,CAD
OECD.SDD.NAD:DSD_NAMAIN1@DF_QNA_INC_SAV(1.1),Q,N,CAN,S1,S1,B6N,_Z,_Z,_Z,XDC,V,N,T0107,2018-Q1,422364,,,F,1,A,6,CAD
OECD.SDD.NAD:DSD_NAMAIN1@DF_QNA_INC_SAV(1.1),Q,N,CAN,S1,S1,B6N,_Z,_Z,_Z,XDC,V,N,T0107,2017-Q4,460096,,,F,1,A,6,CAD
OECD.SDD.NAD:DSD_NAMAIN1@DF_QNA_INC_SAV(1.1),Q,N,CAN,S1,S1,B6N,_Z,_Z,_Z,XDC,V,N,T0107,2017-Q3,463579,,,F,1,A,6,CAD
OECD.SDD.NAD:DSD_NAMAIN1@DF_QNA_INC_SAV(1.1),Q,N,CAN,S1,S1,B6N,_Z,_Z,_Z,XDC,V,N,T0107,2017-Q2,427726,,,F,1,A,6,CAD
OECD.SDD.NAD:DSD_NAMAIN1@DF_QNA_INC_SAV(1.1),Q,N,CAN,S1,S1,B6N,_Z,_Z,_Z,XDC,V,N,T0107,2017-Q1,402354,,,F,1,A,6,CAD
OECD.SDD.NAD:DSD_NAMAIN1@DF_QNA_INC_SAV(1.1),Q,N,CAN,S1,S1,B6N,_Z,_Z,_Z,XDC,V,N,T0107,2016-Q4,434963,,,F,1,A,6,CAD
OECD.SDD.NAD:DSD_NAMAIN1@DF_QNA_INC_SAV(1.1),Q,N,CAN,S1,S1,B6N,_Z,_Z,_Z,XDC,V,N,T0107,2016-Q3,434973,,,F,1,A,6,CAD
OECD.SDD.NAD:DSD_NAMAIN1@DF_QNA_INC_SAV(1.1),Q,N,CAN,S1,S1,B6N,_Z,_Z,_Z,XDC,V,N,T0107,2016-Q2,396737,,,F,1,A,6,CAD
OECD.SDD.NAD:DSD_NAMAIN1@DF_QNA_INC_SAV(1.1),Q,N,CAN,S1,S1,B6G,_Z,_Z,_Z,XDC,V,N,T0107,2013-Q2,376164,,,F,1,A,6,CAD
OECD.SDD.NAD:DSD_NAMAIN1@DF_QNA_INC_SAV(1.1),Q,N,CAN,S1,S1,B6G,_Z,_Z,_Z,XDC,V,N,T0107,2013-Q1,360770,,,F,1,A,6,CAD
OECD.SDD.NAD:DSD_NAMAIN1@DF_QNA_INC_SAV(1.1),Q,N,CAN,S1,S1,B6G,_Z,_Z,_Z,XDC,V,N,T0107,2012-Q4,387924,,,F,1,A,6,CAD
OECD.SDD.NAD:DSD_NAMAIN1@DF_QNA_INC_SAV(1.1),Q,N,CAN,S1,S1,B6G,_Z,_Z,_Z,XDC,V,N,T0107,2012-Q3,390055,,,F,1,A,6,CAD
OECD.SDD.NAD:DSD_NAMAIN1@DF_QNA_INC_SAV(1.1),Q,N,CAN,S1,S1,B6G,_Z,_Z,_Z,XDC,V,N,T0107,2012-Q2,366591,,,F,1,A,6,CAD
OECD.SDD.NAD:DSD_NAMAIN1@DF_QNA_INC_SAV(1.1),Q,N,CAN,S1,S1,B6G,_Z,_Z,_Z,XDC,V,N,T0107,2012-Q1,351903,,,F,1,A,6,CAD
OECD.SDD.NAD:DSD_NAMAIN1@DF_QNA_INC_SAV(1.1),Q,N,CAN,S1,S1,B6G,_Z,_Z,_Z,XDC,V,N,T0107,2011-Q4,381310,,,F,1,A,6,CAD
OECD.SDD.NAD:DSD_NAMAIN1@DF_QNA_INC_SAV(1.1),Q,N,CAN,S1,S1,B6G,_Z,_Z,_Z,XDC,V,N,T0107,2018-Q2,449212,,,F,1,A,6,CAD
OECD.SDD.NAD:DSD_NAMAIN1@DF_QNA_INC_SAV(1.1),Q,N,CAN,S1,S1,B6G,_Z,_Z,_Z,XDC,V,N,T0107,2018-Q1,422364,,,F,1,A,6,CAD
OECD.SDD.NAD:DSD_NAMAIN1@DF_QNA_INC_SAV(1.1),Q,N,CAN,S1,S1,B6G,_Z,_Z,_Z,XDC,V,N,T0107,2017-Q4,460096,,,F,1,A,6,CAD
OECD.SDD.NAD:DSD_NAMAIN1@DF_QNA_INC_SAV(1.1),Q,N,CAN,S1,S1,B6G,_Z,_Z,_Z,XDC,V,N,T0107,2017-Q3,463579,,,F,1,A,6,CAD
OECD.SDD.NAD:DSD_NAMAIN1@DF_QNA_INC_SAV(1.1),Q,N,CAN,S1,S1,B6G,_Z,_Z,_Z,XDC,V,N,T0107,2017-Q2,427726,,,F,1,A,6,CAD
OECD.SDD.NAD:DSD_NAMAIN1@DF_QNA_INC_SAV(1.1),Q,N,CAN,S1,S1,B6G,_Z,_Z,_Z,XDC,V,N,T0107,2011-Q2,354987,,,F,1,A,6,CAD
OECD.SDD.NAD:DSD_NAMAIN1@DF_QNA_INC_SAV(1.1),Q,N,CAN,S1,S1,B6G,_Z,_Z,_Z,XDC,V,N,T0107,2011-Q3,382371,,,F,1,A,6,CAD
OECD.SDD.NAD:DSD_NAMAIN1@DF_QNA_INC_SAV(1.1),Q,N,CAN,S1,S1,B6G,_Z,_Z,_Z,XDC,V,N,T0107,2002-Q3,255742,,,F,1,A,6,CAD
OECD.SDD.NAD:DSD_NAMAIN1@DF_QNA_INC_SAV(1.1),Q,N,CAN,S1,S1,B6G,_Z,_Z,_Z,XDC,V,N,T0107,2002-Q2,245291,,,F,1,A,6,CAD
OECD.SDD.NAD:DSD_NAMAIN1@DF_QNA_INC_SAV(1.1),Q,N,CAN,S1,S1,B6G,_Z,_Z,_Z,XDC,V,N,T0107,2002-Q1,225356,,,F,1,A,6,CAD
OECD.SDD.NAD:DSD_NAMAIN1@DF_QNA_INC_SAV(1.1),Q,N,CAN,S1,S1,B6G,_Z,_Z,_Z,XDC,V,N,T0107,2001-Q4,235051,,,F,1,A,6,CAD
OECD.SDD.NAD:DSD_NAMAIN1@DF_QNA_INC_SAV(1.1),Q,N,CAN,S1,S1,B6G,_Z,_Z,_Z,XDC,V,N,T0107,2023-Q4,634217,,,F,1,A,6,CAD
OECD.SDD.NAD:DSD_NAMAIN1@DF_QNA_INC_SAV(1.1),Q,N,CAN,S1,S1,B6G,_Z,_Z,_Z,XDC,V,N,T0107,2001-Q3,240070,,,F,1,A,6,CAD
OECD.SDD.NAD:DSD_NAMAIN1@DF_QNA_INC_SAV(1.1),Q,N,CAN,S1,S1,B6G,_Z,_Z,_Z,XDC,V,N,T0107,2001-Q2,236496,,,F,1,A,6,CAD
OECD.SDD.NAD:DSD_NAMAIN1@DF_QNA_INC_SAV(1.1),Q,N,CAN,S1,S1,B6G,_Z,_Z,_Z,XDC,V,N,T0107,2001-Q1,225739,,,F,1,A,6,CAD
OECD.SDD.NAD:DSD_NAMAIN1@DF_QNA_INC_SAV(1.1),Q,N,CAN,S1,S1,B6G,_Z,_Z,_Z,XDC,V,N,T0107,2000-Q4,237066,,,F,1,A,6,CAD
OECD.SDD.NAD:DSD_NAMAIN1@DF_QNA_INC_SAV(1.1),Q,N,CAN,S1,S1,B6G,_Z,_Z,_Z,XDC,V,N,T0107,2000-Q3,239349,,,F,1,A,6,CAD
OECD.SDD.NAD:DSD_NAMAIN1@DF_QNA_INC_SAV(1.1),Q,N,CAN,S1,S1,B6G,_Z,_Z,_Z,XDC,V,N,T0107,2000-Q2,226686,,,F,1,A,6,CAD
OECD.SDD.NAD:DSD_NAMAIN1@DF_QNA_INC_SAV(1.1),Q,N,CAN,S1,S1,B6G,_Z,_Z,_Z,XDC,V,N,T0107,2000-Q1,209248,,,F,1,A,6,CAD
OECD.SDD.NAD:DSD_NAMAIN1@DF_QNA_INC_SAV(1.1),Q,N,CAN,S1,S1,B6G,_Z,_Z,_Z,XDC,V,N,T0107,2024-Q4,668838,,,F,1,A,6,CAD
OECD.SDD.NAD:DSD_NAMAIN1@DF_QNA_INC_SAV(1.1),Q,N,CAN,S1,S1,B6G,_Z,_Z,_Z,XDC,V,N,T0107,2024-Q3,671465,,,F,1,A,6,CAD
OECD.SDD.NAD:DSD_NAMAIN1@DF_QNA_INC_SAV(1.1),Q,N,CAN,S1,S1,B6G,_Z,_Z,_Z,XDC,V,N,T0107,2024-Q2,622151,,,F,1,A,6,CAD
OECD.SDD.NAD:DSD_NAMAIN1@DF_QNA_INC_SAV(1.1),Q,N,CAN,S1,S1,B6G,_Z,_Z,_Z,XDC,V,N,T0107,2024-Q1,586770,,,F,1,A,6,CAD
OECD.SDD.NAD:DSD_NAMAIN1@DF_QNA_INC_SAV(1.1),Q,N,CAN,S1,S1,B6G,_Z,_Z,_Z,XDC,V,N,T0107,2011-Q1,338198,,,F,1,A,6,CAD
OECD.SDD.NAD:DSD_NAMAIN1@DF_QNA_INC_SAV(1.1),Q,Y,CAN,S1,S1,B6G,_Z,_Z,_Z,XDC,V,N,T0107,2020-Q1,566032,,,F,1,A,6,CAD
OECD.SDD.NAD:DSD_NAMAIN1@DF_QNA_INC_SAV(1.1),Q,Y,CAN,S1,S1,B6G,_Z,_Z,_Z,XDC,V,N,T0107,2019-Q4,582049,,,F,1,A,6,CAD
OECD.SDD.NAD:DSD_NAMAIN1@DF_QNA_INC_SAV(1.1),Q,Y,CAN,S1,S1,B6G,_Z,_Z,_Z,XDC,V,N,T0107,2019-Q3,571862,,,F,1,A,6,CAD
OECD.SDD.NAD:DSD_NAMAIN1@DF_QNA_INC_SAV(1.1),Q,Y,CAN,S1,S1,B6G,_Z,_Z,_Z,XDC,V,N,T0107,2019-Q2,571341,,,F,1,A,6,CAD
OECD.SDD.NAD:DSD_NAMAIN1@DF_QNA_INC_SAV(1.1),Q,Y,CAN,S1,S1,B6G,_Z,_Z,_Z,XDC,V,N,T0107,2019-Q1,557765,,,F,1,A,6,CAD
OECD.SDD.NAD:DSD_NAMAIN1@DF_QNA_INC_SAV(1.1),Q,Y,CAN,S1,S1,B6G,_Z,_Z,_Z,XDC,V,N,T0107,2018-Q4,547958,,,F,1,A,6,CAD
OECD.SDD.NAD:DSD_NAMAIN1@DF_QNA_INC_SAV(1.1),Q,Y,CAN,S1,S1,B6G,_Z,_Z,_Z,XDC,V,N,T0107,2018-Q3,554412,,,F,1,A,6,CAD
OECD.SDD.NAD:DSD_NAMAIN1@DF_QNA_INC_SAV(1.1),Q,Y,CAN,S1,S1,B6G,_Z,_Z,_Z,XDC,V,N,T0107,2018-Q2,549356,,,F,1,A,6,CAD
OECD.SDD.NAD:DSD_NAMAIN1@DF_QNA_INC_SAV(1.1),Q,Y,CAN,S1,S1,B6G,_Z,_Z,_Z,XDC,V,N,T0107,2018-Q1,542647,,,F,1,A,6,CAD
OECD.SDD.NAD:DSD_NAMAIN1@DF_QNA_INC_SAV(1.1),Q,Y,CAN,S1,S1,B6G,_Z,_Z,_Z,XDC,V,N,T0107,2017-Q4,537616,,,F,1,A,6,CAD
OECD.SDD.NAD:DSD_NAMAIN1@DF_QNA_INC_SAV(1.1),Q,Y,CAN,S1,S1,B6G,_Z,_Z,_Z,XDC,V,N,T0107,2017-Q3,527882,,,F,1,A,6,CAD
OECD.SDD.NAD:DSD_NAMAIN1@DF_QNA_INC_SAV(1.1),Q,Y,CAN,S1,S1,B6G,_Z,_Z,_Z,XDC,V,N,T0107,2017-Q2,524157,,,F,1,A,6,CAD
OECD.SDD.NAD:DSD_NAMAIN1@DF_QNA_INC_SAV(1.1),Q,Y,CAN,S1,S1,B6G,_Z,_Z,_Z,XDC,V,N,T0107,2017-Q1,519397,,,F,1,A,6,CAD
OECD.SDD.NAD:DSD_NAMAIN1@DF_QNA_INC_SAV(1.1),Q,N,CAN,S1,S1,B6N,_Z,_Z,_Z,XDC,V,N,T0107,2006-Q4,321063,,,F,1,A,6,CAD
OECD.SDD.NAD:DSD_NAMAIN1@DF_QNA_INC_SAV(1.1),Q,N,CAN,S1,S1,B6N,_Z,_Z,_Z,XDC,V,N,T0107,2006-Q3,325762,,,F,1,A,6,CAD
OECD.SDD.NAD:DSD_NAMAIN1@DF_QNA_INC_SAV(1.1),Q,N,CAN,S1,S1,B6N,_Z,_Z,_Z,XDC,V,N,T0107,2006-Q2,311766,,,F,1,A,6,CAD
OECD.SDD.NAD:DSD_NAMAIN1@DF_QNA_INC_SAV(1.1),Q,N,CAN,S1,S1,B6N,_Z,_Z,_Z,XDC,V,N,T0107,2008-Q3,370715,,,F,1,A,6,CAD
OECD.SDD.NAD:DSD_NAMAIN1@DF_QNA_INC_SAV(1.1),Q,N,CAN,S1,S1,B6N,_Z,_Z,_Z,XDC,V,N,T0107,2008-Q2,342660,,,F,1,A,6,CAD
OECD.SDD.NAD:DSD_NAMAIN1@DF_QNA_INC_SAV(1.1),Q,N,CAN,S1,S1,B6N,_Z,_Z,_Z,XDC,V,N,T0107,2008-Q1,321730,,,F,1,A,6,CAD
OECD.SDD.NAD:DSD_NAMAIN1@DF_QNA_INC_SAV(1.1),Q,N,CAN,S1,S1,B6N,_Z,_Z,_Z,XDC,V,N,T0107,2007-Q4,340780,,,F,1,A,6,CAD
OECD.SDD.NAD:DSD_NAMAIN1@DF_QNA_INC_SAV(1.1),Q,N,CAN,S1,S1,B6N,_Z,_Z,_Z,XDC,V,N,T0107,2007-Q3,344300,,,F,1,A,6,CAD
OECD.SDD.NAD:DSD_NAMAIN1@DF_QNA_INC_SAV(1.1),Q,N,CAN,S1,S1,B6N,_Z,_Z,_Z,XDC,V,N,T0107,2007-Q2,327236,,,F,1,A,6,CAD
OECD.SDD.NAD:DSD_NAMAIN1@DF_QNA_INC_SAV(1.1),Q,N,CAN,S1,S1,B6N,_Z,_Z,_Z,XDC,V,N,T0107,2007-Q1,304190,,,F,1,A,6,CAD
OECD.SDD.NAD:DSD_NAMAIN1@DF_QNA_INC_SAV(1.1),Q,N,CAN,S1,S1,B6N,_Z,_Z,_Z,XDC,V,N,T0107,2003-Q2,254476,,,F,1,A,6,CAD
OECD.SDD.NAD:DSD_NAMAIN1@DF_QNA_INC_SAV(1.1),Q,N,CAN,S1,S1,B6N,_Z,_Z,_Z,XDC,V,N,T0107,2003-Q1,247484,,,F,1,A,6,CAD
OECD.SDD.NAD:DSD_NAMAIN1@DF_QNA_INC_SAV(1.1),Q,N,CAN,S1,S1,B6N,_Z,_Z,_Z,XDC,V,N,T0107,2002-Q4,254145,,,F,1,A,6,CAD
OECD.SDD.NAD:DSD_NAMAIN1@DF_QNA_INC_SAV(1.1),Q,N,CAN,S1,S1,B6N,_Z,_Z,_Z,XDC,V,N,T0107,2002-Q3,255742,,,F,1,A,6,CAD
OECD.SDD.NAD:DSD_NAMAIN1@DF_QNA_INC_SAV(1.1),Q,N,CAN,S1,S1,B6N,_Z,_Z,_Z,XDC,V,N,T0107,2006-Q1,292990,,,F,1,A,6,CAD
OECD.SDD.NAD:DSD_NAMAIN1@DF_QNA_INC_SAV(1.1),Q,N,CAN,S1,S1,B6N,_Z,_Z,_Z,XDC,V,N,T0107,2005-Q4,308805,,,F,1,A,6,CAD
OECD.SDD.NAD:DSD_NAMAIN1@DF_QNA_INC_SAV(1.1),Q,N,CAN,S1,S1,B6N,_Z,_Z,_Z,XDC,V,N,T0107,2005-Q3,310054,,,F,1,A,6,CAD
OECD.SDD.NAD:DSD_NAMAIN1@DF_QNA_INC_SAV(1.1),Q,N,CAN,S1,S1,B6N,_Z,_Z,_Z,XDC,V,N,T0107,2005-Q2,292156,,,F,1,A,6,CAD
OECD.SDD.NAD:DSD_NAMAIN1@DF_QNA_INC_SAV(1.1),Q,N,CAN,S1,S1,B6N,_Z,_Z,_Z,XDC,V,N,T0107,2005-Q1,275457,,,F,1,A,6,CAD
OECD.SDD.NAD:DSD_NAMAIN1@DF_QNA_INC_SAV(1.1),Q,N,CAN,S1,S1,B6N,_Z,_Z,_Z,XDC,V,N,T0107,2004-Q4,288188,,,F,1,A,6,CAD
OECD.SDD.NAD:DSD_NAMAIN1@DF_QNA_INC_SAV(1.1),Q,N,CAN,S1,S1,B6N,_Z,_Z,_Z,XDC,V,N,T0107,2004-Q3,291728,,,F,1,A,6,CAD
OECD.SDD.NAD:DSD_NAMAIN1@DF_QNA_INC_SAV(1.1),Q,N,CAN,S1,S1,B6N,_Z,_Z,_Z,XDC,V,N,T0107,2004-Q2,275503,,,F,1,A,6,CAD
OECD.SDD.NAD:DSD_NAMAIN1@DF_QNA_INC_SAV(1.1),Q,N,CAN,S1,S1,B6N,_Z,_Z,_Z,XDC,V,N,T0107,2004-Q1,257467,,,F,1,A,6,CAD
OECD.SDD.NAD:DSD_NAMAIN1@DF_QNA_INC_SAV(1.1),Q,N,CAN,S1,S1,B6N,_Z,_Z,_Z,XDC,V,N,T0107,2003-Q4,266919,,,F,1,A,6,CAD
OECD.SDD.NAD:DSD_NAMAIN1@DF_QNA_INC_SAV(1.1),Q,N,CAN,S1,S1,B6N,_Z,_Z,_Z,XDC,V,N,T0107,2003-Q3,268436,,,F,1,A,6,CAD
OECD.SDD.NAD:DSD_NAMAIN1@DF_QNA_INC_SAV(1.1),Q,N,CAN,S1,S1,B6N,_Z,_Z,_Z,XDC,V,N,T0107,2010-Q2,332230,,,F,1,A,6,CAD
OECD.SDD.NAD:DSD_NAMAIN1@DF_QNA_INC_SAV(1.1),Q,N,CAN,S1,S1,B6N,_Z,_Z,_Z,XDC,V,N,T0107,2010-Q1,314702,,,F,1,A,6,CAD
OECD.SDD.NAD:DSD_NAMAIN1@DF_QNA_INC_SAV(1.1),Q,N,CAN,S1,S1,B6N,_Z,_Z,_Z,XDC,V,N,T0107,2009-Q4,330735,,,F,1,A,6,CAD
OECD.SDD.NAD:DSD_NAMAIN1@DF_QNA_INC_SAV(1.1),Q,N,CAN,S1,S1,B6N,_Z,_Z,_Z,XDC,V,N,T0107,2009-Q3,331614,,,F,1,A,6,CAD
OECD.SDD.NAD:DSD_NAMAIN1@DF_QNA_INC_SAV(1.1),Q,N,CAN,S1,S1,B6N,_Z,_Z,_Z,XDC,V,N,T0107,2009-Q2,308769,,,F,1,A,6,CAD
OECD.SDD.NAD:DSD_NAMAIN1@DF_QNA_INC_SAV(1.1),Q,N,CAN,S1,S1,B6N,_Z,_Z,_Z,XDC,V,N,T0107,2009-Q1,301389,,,F,1,A,6,CAD
OECD.SDD.NAD:DSD_NAMAIN1@DF_QNA_INC_SAV(1.1),Q,N,CAN,S1,S1,B6N,_Z,_Z,_Z,XDC,V,N,T0107,2008-Q4,339351,,,F,1,A,6,CAD
OECD.SDD.NAD:DSD_NAMAIN1@DF_QNA_INC_SAV(1.1),Q,N,CAN,S1,S1,B6G,_Z,_Z,_Z,XDC,V,N,T0107,2017-Q1,402354,,,F,1,A,6,CAD
OECD.SDD.NAD:DSD_NAMAIN1@DF_QNA_INC_SAV(1.1),Q,N,CAN,S1,S1,B6G,_Z,_Z,_Z,XDC,V,N,T0107,2016-Q4,434963,,,F,1,A,6,CAD
OECD.SDD.NAD:DSD_NAMAIN1@DF_QNA_INC_SAV(1.1),Q,N,CAN,S1,S1,B6G,_Z,_Z,_Z,XDC,V,N,T0107,2016-Q3,434973,,,F,1,A,6,CAD
OECD.SDD.NAD:DSD_NAMAIN1@DF_QNA_INC_SAV(1.1),Q,N,CAN,S1,S1,B6G,_Z,_Z,_Z,XDC,V,N,T0107,2016-Q2,396737,,,F,1,A,6,CAD
OECD.SDD.NAD:DSD_NAMAIN1@DF_QNA_INC_SAV(1.1),Q,N,CAN,S1,S1,B6G,_Z,_Z,_Z,XDC,V,N,T0107,2016-Q1,378902,,,F,1,A,6,CAD
OECD.SDD.NAD:DSD_NAMAIN1@DF_QNA_INC_SAV(1.1),Q,N,CAN,S1,S1,B6G,_Z,_Z,_Z,XDC,V,N,T0107,2015-Q4,415672,,,F,1,A,6,CAD
OECD.SDD.NAD:DSD_NAMAIN1@DF_QNA_INC_SAV(1.1),Q,N,CAN,S1,S1,B6G,_Z,_Z,_Z,XDC,V,N,T0107,2015-Q3,426588,,,F,1,A,6,CAD
OECD.SDD.NAD:DSD_NAMAIN1@DF_QNA_INC_SAV(1.1),Q,N,CAN,S1,S1,B6G,_Z,_Z,_Z,XDC,V,N,T0107,2015-Q2,393962,,,F,1,A,6,CAD
OECD.SDD.NAD:DSD_NAMAIN1@DF_QNA_INC_SAV(1.1),Q,N,CAN,S1,S1,B6G,_Z,_Z,_Z,XDC,V,N,T0107,2015-Q1,377211,,,F,1,A,6,CAD
OECD.SDD.NAD:DSD_NAMAIN1@DF_QNA_INC_SAV(1.1),Q,N,CAN,S1,S1,B6G,_Z,_Z,_Z,XDC,V,N,T0107,2014-Q4,422831,,,F,1,A,6,CAD
OECD.SDD.NAD:DSD_NAMAIN1@DF_QNA_INC_SAV(1.1),Q,N,CAN,S1,S1,B6G,_Z,_Z,_Z,XDC,V,N,T0107,2014-Q3,433644,,,F,1,A,6,CAD
OECD.SDD.NAD:DSD_NAMAIN1@DF_QNA_INC_SAV(1.1),Q,N,CAN,S1,S1,B6G,_Z,_Z,_Z,XDC,V,N,T0107,2014-Q2,401158,,,F,1,A,6,CAD
OECD.SDD.NAD:DSD_NAMAIN1@DF_QNA_INC_SAV(1.1),Q,N,CAN,S1,S1,B6G,_Z,_Z,_Z,XDC,V,N,T0107,2014-Q1,378379,,,F,1,A,6,CAD
OECD.SDD.NAD:DSD_NAMAIN1@DF_QNA_INC_SAV(1.1),Q,N,CAN,S1,S1,B6G,_Z,_Z,_Z,XDC,V,N,T0107,2013-Q4,409184,,,F,1,A,6,CAD
OECD.SDD.NAD:DSD_NAMAIN1@DF_QNA_INC_SAV(1.1),Q,N,CAN,S1,S1,B6G,_Z,_Z,_Z,XDC,V,N,T0107,2013-Q3,414135,,,F,1,A,6,CAD
OECD.SDD.NAD:DSD_NAMAIN1@DF_QNA_INC_SAV(1.1),Q,N,CAN,S1,S1,B6N,_Z,_Z,_Z,XDC,V,N,T0107,2002-Q2,245291,,,F,1,A,6,CAD
OECD.SDD.NAD:DSD_NAMAIN1@DF_QNA_INC_SAV(1.1),Q,N,CAN,S1,S1,B6N,_Z,_Z,_Z,XDC,V,N,T0107,2002-Q1,225356,,,F,1,A,6,CAD
OECD.SDD.NAD:DSD_NAMAIN1@DF_QNA_INC_SAV(1.1),Q,N,CAN,S1,S1,B6N,_Z,_Z,_Z,XDC,V,N,T0107,2001-Q4,235051,,,F,1,A,6,CAD
OECD.SDD.NAD:DSD_NAMAIN1@DF_QNA_INC_SAV(1.1),Q,N,CAN,S1,S1,B6N,_Z,_Z,_Z,XDC,V,N,T0107,2001-Q3,240070,,,F,1,A,6,CAD
OECD.SDD.NAD:DSD_NAMAIN1@DF_QNA_INC_SAV(1.1),Q,N,CAN,S1,S1,B6N,_Z,_Z,_Z,XDC,V,N,T0107,2001-Q2,236496,,,F,1,A,6,CAD
OECD.SDD.NAD:DSD_NAMAIN1@DF_QNA_INC_SAV(1.1),Q,N,CAN,S1,S1,B6N,_Z,_Z,_Z,XDC,V,N,T0107,2001-Q1,225739,,,F,1,A,6,CAD
OECD.SDD.NAD:DSD_NAMAIN1@DF_QNA_INC_SAV(1.1),Q,N,CAN,S1,S1,B6N,_Z,_Z,_Z,XDC,V,N,T0107,2000-Q4,237066,,,F,1,A,6,CAD
OECD.SDD.NAD:DSD_NAMAIN1@DF_QNA_INC_SAV(1.1),Q,N,CAN,S1,S1,B6N,_Z,_Z,_Z,XDC,V,N,T0107,2000-Q3,239349,,,F,1,A,6,CAD
OECD.SDD.NAD:DSD_NAMAIN1@DF_QNA_INC_SAV(1.1),Q,N,CAN,S1,S1,B6N,_Z,_Z,_Z,XDC,V,N,T0107,2000-Q2,226686,,,F,1,A,6,CAD
OECD.SDD.NAD:DSD_NAMAIN1@DF_QNA_INC_SAV(1.1),Q,N,CAN,S1,S1,B6N,_Z,_Z,_Z,XDC,V,N,T0107,2000-Q1,209248,,,F,1,A,6,CAD
OECD.SDD.NAD:DSD_NAMAIN1@DF_QNA_INC_SAV(1.1),Q,N,CAN,S1,S1,B6N,_Z,_Z,_Z,XDC,V,N,T0107,2024-Q4,668838,,,F,1,A,6,CAD
OECD.SDD.NAD:DSD_NAMAIN1@DF_QNA_INC_SAV(1.1),Q,N,CAN,S1,S1,B6N,_Z,_Z,_Z,XDC,V,N,T0107,2024-Q3,671465,,,F,1,A,6,CAD
OECD.SDD.NAD:DSD_NAMAIN1@DF_QNA_INC_SAV(1.1),Q,N,CAN,S1,S1,B6N,_Z,_Z,_Z,XDC,V,N,T0107,2024-Q2,622151,,,F,1,A,6,CAD
OECD.SDD.NAD:DSD_NAMAIN1@DF_QNA_INC_SAV(1.1),Q,N,CAN,S1,S1,B6N,_Z,_Z,_Z,XDC,V,N,T0107,2024-Q1,586770,,,F,1,A,6,CAD
OECD.SDD.NAD:DSD_NAMAIN1@DF_QNA_INC_SAV(1.1),Q,N,CAN,S1,S1,B6N,_Z,_Z,_Z,XDC,V,N,T0107,2023-Q4,634217,,,F,1,A,6,CAD
OECD.SDD.NAD:DSD_NAMAIN1@DF_QNA_INC_SAV(1.1),Q,N,CAN,S1,S1,B6N,_Z,_Z,_Z,XDC,V,N,T0107,2023-Q3,643979,,,F,1,A,6,CAD
OECD.SDD.NAD:DSD_NAMAIN1@DF_QNA_INC_SAV(1.1),Q,N,CAN,S1,S1,B6N,_Z,_Z,_Z,XDC,V,N,T0107,2023-Q2,593200,,,F,1,A,6,CAD
OECD.SDD.NAD:DSD_NAMAIN1@DF_QNA_INC_SAV(1.1),Q,N,CAN,S1,S1,B6N,_Z,_Z,_Z,XDC,V,N,T0107,2023-Q1,554598,,,F,1,A,6,CAD
OECD.SDD.NAD:DSD_NAMAIN1@DF_QNA_INC_SAV(1.1),Q,N,CAN,S1,S1,B6N,_Z,_Z,_Z,XDC,V,N,T0107,2022-Q4,604226,,,F,1,A,6,CAD
OECD.SDD.NAD:DSD_NAMAIN1@DF_QNA_INC_SAV(1.1),Q,N,CAN,S1,S1,B6N,_Z,_Z,_Z,XDC,V,N,T0107,2022-Q3,629294,,,F,1,A,6,CAD
OECD.SDD.NAD:DSD_NAMAIN1@DF_QNA_INC_SAV(1.1),Q,N,CAN,S1,S1,B6N,_Z,_Z,_Z,XDC,V,N,T0107,2022-Q2,588300,,,F,1,A,6,CAD
OECD.SDD.NAD:DSD_NAMAIN1@DF_QNA_INC_SAV(1.1),Q,N,CAN,S1,S1,B6N,_Z,_Z,_Z,XDC,V,N,T0107,2022-Q1,537567,,,F,1,A,6,CAD
OECD.SDD.NAD:DSD_NAMAIN1@DF_QNA_INC_SAV(1.1),Q,N,CAN,S1,S1,B6N,_Z,_Z,_Z,XDC,V,N,T0107,2021-Q4,564011,,,F,1,A,6,CAD
OECD.SDD.NAD:DSD_NAMAIN1@DF_QNA_INC_SAV(1.1),Q,Y,CAN,S1,S1,B6G,_Z,_Z,_Z,XDC,V,N,T0107,2025-Q4,811033,,,F,1,A,6,CAD
OECD.SDD.NAD:DSD_NAMAIN1@DF_QNA_INC_SAV(1.1),Q,Y,CAN,S1,S1,B6G,_Z,_Z,_Z,XDC,V,N,T0107,2025-Q3,804812,,,F,1,A,6,CAD
OECD.SDD.NAD:DSD_NAMAIN1@DF_QNA_INC_SAV(1.1),Q,Y,CAN,S1,S1,B6G,_Z,_Z,_Z,XDC,V,N,T0107,2025-Q2,790901,,,F,1,A,6,CAD
OECD.SDD.NAD:DSD_NAMAIN1@DF_QNA_INC_SAV(1.1),Q,Y,CAN,S1,S1,B6G,_Z,_Z,_Z,XDC,V,N,T0107,2025-Q1,790399,,,F,1,A,6,CAD
OECD.SDD.NAD:DSD_NAMAIN1@DF_QNA_INC_SAV(1.1),Q,Y,CAN,S1,S1,B6N,_Z,_Z,_Z,XDC,V,N,T0107,2002-Q4,251166,,,F,1,A,6,CAD
OECD.SDD.NAD:DSD_NAMAIN1@DF_QNA_INC_SAV(1.1),Q,Y,CAN,S1,S1,B6N,_Z,_Z,_Z,XDC,V,N,T0107,2002-Q3,247710,,,F,1,A,6,CAD
OECD.SDD.NAD:DSD_NAMAIN1@DF_QNA_INC_SAV(1.1),Q,Y,CAN,S1,S1,B6N,_Z,_Z,_Z,XDC,V,N,T0107,2002-Q2,244351,,,F,1,A,6,CAD
OECD.SDD.NAD:DSD_NAMAIN1@DF_QNA_INC_SAV(1.1),Q,Y,CAN,S1,S1,B6N,_Z,_Z,_Z,XDC,V,N,T0107,2002-Q1,237307,,,F,1,A,6,CAD
OECD.SDD.NAD:DSD_NAMAIN1@DF_QNA_INC_SAV(1.1),Q,Y,CAN,S1,S1,B6N,_Z,_Z,_Z,XDC,V,N,T0107,2001-Q4,230668,,,F,1,A,6,CAD
OECD.SDD.NAD:DSD_NAMAIN1@DF_QNA_INC_SAV(1.1),Q,Y,CAN,S1,S1,B6N,_Z,_Z,_Z,XDC,V,N,T0107,2001-Q3,232823,,,F,1,A,6,CAD
OECD.SDD.NAD:DSD_NAMAIN1@DF_QNA_INC_SAV(1.1),Q,Y,CAN,S1,S1,B6N,_Z,_Z,_Z,XDC,V,N,T0107,2001-Q2,237117,,,F,1,A,6,CAD
OECD.SDD.NAD:DSD_NAMAIN1@DF_QNA_INC_SAV(1.1),Q,Y,CAN,S1,S1,B6N,_Z,_Z,_Z,XDC,V,N,T0107,2001-Q1,236748,,,F,1,A,6,CAD
OECD.SDD.NAD:DSD_NAMAIN1@DF_QNA_INC_SAV(1.1),Q,Y,CAN,S1,S1,B6G,_Z,_Z,_Z,XDC,V,N,T0107,2007-Q1,378083,,,F,1,A,6,CAD
OECD.SDD.NAD:DSD_NAMAIN1@DF_QNA_INC_SAV(1.1),Q,Y,CAN,S1,S1,B6G,_Z,_Z,_Z,XDC,V,N,T0107,2006-Q4,371480,,,F,1,A,6,CAD
OECD.SDD.NAD:DSD_NAMAIN1@DF_QNA_INC_SAV(1.1),Q,Y,CAN,S1,S1,B6G,_Z,_Z,_Z,XDC,V,N,T0107,2006-Q3,370931,,,F,1,A,6,CAD
OECD.SDD.NAD:DSD_NAMAIN1@DF_QNA_INC_SAV(1.1),Q,Y,CAN,S1,S1,B6G,_Z,_Z,_Z,XDC,V,N,T0107,2006-Q2,367298,,,F,1,A,6,CAD
OECD.SDD.NAD:DSD_NAMAIN1@DF_QNA_INC_SAV(1.1),Q,Y,CAN,S1,S1,B6G,_Z,_Z,_Z,XDC,V,N,T0107,2006-Q1,361190,,,F,1,A,6,CAD
OECD.SDD.NAD:DSD_NAMAIN1@DF_QNA_INC_SAV(1.1),Q,Y,CAN,S1,S1,B6G,_Z,_Z,_Z,XDC,V,N,T0107,2005-Q4,357819,,,F,1,A,6,CAD
OECD.SDD.NAD:DSD_NAMAIN1@DF_QNA_INC_SAV(1.1),Q,Y,CAN,S1,S1,B6G,_Z,_Z,_Z,XDC,V,N,T0107,2015-Q3,491056,,,F,1,A,6,CAD
OECD.SDD.NAD:DSD_NAMAIN1@DF_QNA_INC_SAV(1.1),Q,Y,CAN,S1,S1,B6G,_Z,_Z,_Z,XDC,V,N,T0107,2015-Q2,487098,,,F,1,A,6,CAD
OECD.SDD.NAD:DSD_NAMAIN1@DF_QNA_INC_SAV(1.1),Q,Y,CAN,S1,S1,B6G,_Z,_Z,_Z,XDC,V,N,T0107,2012-Q4,450315,,,F,1,A,6,CAD
OECD.SDD.NAD:DSD_NAMAIN1@DF_QNA_INC_SAV(1.1),Q,Y,CAN,S1,S1,B6G,_Z,_Z,_Z,XDC,V,N,T0107,2012-Q3,448184,,,F,1,A,6,CAD
OECD.SDD.NAD:DSD_NAMAIN1@DF_QNA_INC_SAV(1.1),Q,Y,CAN,S1,S1,B6G,_Z,_Z,_Z,XDC,V,N,T0107,2012-Q2,446741,,,F,1,A,6,CAD
OECD.SDD.NAD:DSD_NAMAIN1@DF_QNA_INC_SAV(1.1),Q,Y,CAN,S1,S1,B6G,_Z,_Z,_Z,XDC,V,N,T0107,2012-Q1,445341,,,F,1,A,6,CAD
OECD.SDD.NAD:DSD_NAMAIN1@DF_QNA_INC_SAV(1.1),Q,Y,CAN,S1,S1,B6G,_Z,_Z,_Z,XDC,V,N,T0107,2011-Q4,442926,,,F,1,A,6,CAD
OECD.SDD.NAD:DSD_NAMAIN1@DF_QNA_INC_SAV(1.1),Q,Y,CAN,S1,S1,B6G,_Z,_Z,_Z,XDC,V,N,T0107,2011-Q3,437788,,,F,1,A,6,CAD
OECD.SDD.NAD:DSD_NAMAIN1@DF_QNA_INC_SAV(1.1),Q,Y,CAN,S1,S1,B6G,_Z,_Z,_Z,XDC,V,N,T0107,2011-Q2,431438,,,F,1,A,6,CAD
OECD.SDD.NAD:DSD_NAMAIN1@DF_QNA_INC_SAV(1.1),Q,Y,CAN,S1,S1,B6G,_Z,_Z,_Z,XDC,V,N,T0107,2011-Q1,424774,,,F,1,A,6,CAD
OECD.SDD.NAD:DSD_NAMAIN1@DF_QNA_INC_SAV(1.1),Q,N,CAN,S1,S1,B6N,_Z,_Z,_Z,XDC,V,N,T0107,2026-Q1,642878,,,F,1,A,6,CAD
OECD.SDD.NAD:DSD_NAMAIN1@DF_QNA_INC_SAV(1.1),Q,N,CAN,S1,S1,B6N,_Z,_Z,_Z,XDC,V,N,T0107,2025-Q4,692526,,,F,1,A,6,CAD
OECD.SDD.NAD:DSD_NAMAIN1@DF_QNA_INC_SAV(1.1),Q,N,CAN,S1,S1,B6N,_Z,_Z,_Z,XDC,V,N,T0107,2025-Q3,705687,,,F,1,A,6,CAD
OECD.SDD.NAD:DSD_NAMAIN1@DF_QNA_INC_SAV(1.1),Q,N,CAN,S1,S1,B6N,_Z,_Z,_Z,XDC,V,N,T0107,2025-Q2,645702,,,F,1,A,6,CAD
OECD.SDD.NAD:DSD_NAMAIN1@DF_QNA_INC_SAV(1.1),Q,N,CAN,S1,S1,B6N,_Z,_Z,_Z,XDC,V,N,T0107,2025-Q1,621911,,,F,1,A,6,CAD
OECD.SDD.NAD:DSD_NAMAIN1@DF_QNA_INC_SAV(1.1),Q,Y,CAN,S1,S1,B6G,_Z,_Z,_Z,XDC,V,N,T0107,2015-Q1,486967,,,F,1,A,6,CAD
OECD.SDD.NAD:DSD_NAMAIN1@DF_QNA_INC_SAV(1.1),Q,Y,CAN,S1,S1,B6G,_Z,_Z,_Z,XDC,V,N,T0107,2014-Q4,494237,,,F,1,A,6,CAD
OECD.SDD.NAD:DSD_NAMAIN1@DF_QNA_INC_SAV(1.1),Q,Y,CAN,S1,S1,B6G,_Z,_Z,_Z,XDC,V,N,T0107,2014-Q3,493964,,,F,1,A,6,CAD
OECD.SDD.NAD:DSD_NAMAIN1@DF_QNA_INC_SAV(1.1),Q,Y,CAN,S1,S1,B6G,_Z,_Z,_Z,XDC,V,N,T0107,2014-Q2,489038,,,F,1,A,6,CAD
OECD.SDD.NAD:DSD_NAMAIN1@DF_QNA_INC_SAV(1.1),Q,Y,CAN,S1,S1,B6G,_Z,_Z,_Z,XDC,V,N,T0107,2014-Q1,481981,,,F,1,A,6,CAD
OECD.SDD.NAD:DSD_NAMAIN1@DF_QNA_INC_SAV(1.1),Q,Y,CAN,S1,S1,B6G,_Z,_Z,_Z,XDC,V,N,T0107,2013-Q4,473765,,,F,1,A,6,CAD
OECD.SDD.NAD:DSD_NAMAIN1@DF_QNA_INC_SAV(1.1),Q,Y,CAN,S1,S1,B6G,_Z,_Z,_Z,XDC,V,N,T0107,2013-Q3,469500,,,F,1,A,6,CAD
OECD.SDD.NAD:DSD_NAMAIN1@DF_QNA_INC_SAV(1.1),Q,Y,CAN,S1,S1,B6G,_Z,_Z,_Z,XDC,V,N,T0107,2013-Q2,463636,,,F,1,A,6,CAD
OECD.SDD.NAD:DSD_NAMAIN1@DF_QNA_INC_SAV(1.1),Q,Y,CAN,S1,S1,B6G,_Z,_Z,_Z,XDC,V,N,T0107,2013-Q1,462328,,,F,1,A,6,CAD
OECD.SDD.NAD:DSD_NAMAIN1@DF_QNA_INC_SAV(1.1),Q,Y,CAN,S1,S1,B6G,_Z,_Z,_Z,XDC,V,N,T0107,2005-Q1,337261,,,F,1,A,6,CAD
OECD.SDD.NAD:DSD_NAMAIN1@DF_QNA_INC_SAV(1.1),Q,Y,CAN,S1,S1,B6G,_Z,_Z,_Z,XDC,V,N,T0107,2004-Q4,333236,,,F,1,A,6,CAD
OECD.SDD.NAD:DSD_NAMAIN1@DF_QNA_INC_SAV(1.1),Q,Y,CAN,S1,S1,B6G,_Z,_Z,_Z,XDC,V,N,T0107,2015-Q4,490635,,,F,1,A,6,CAD
OECD.SDD.NAD:DSD_NAMAIN1@DF_QNA_INC_SAV(1.1),Q,Y,CAN,S1,S1,B6G,_Z,_Z,_Z,XDC,V,N,T0107,2004-Q3,331043,,,F,1,A,6,CAD
OECD.SDD.NAD:DSD_NAMAIN1@DF_QNA_INC_SAV(1.1),Q,Y,CAN,S1,S1,B6G,_Z,_Z,_Z,XDC,V,N,T0107,2004-Q2,324926,,,F,1,A,6,CAD
OECD.SDD.NAD:DSD_NAMAIN1@DF_QNA_INC_SAV(1.1),Q,Y,CAN,S1,S1,B6G,_Z,_Z,_Z,XDC,V,N,T0107,2004-Q1,317084,,,F,1,A,6,CAD
OECD.SDD.NAD:DSD_NAMAIN1@DF_QNA_INC_SAV(1.1),Q,Y,CAN,S1,S1,B6G,_Z,_Z,_Z,XDC,V,N,T0107,2003-Q4,310699,,,F,1,A,6,CAD
OECD.SDD.NAD:DSD_NAMAIN1@DF_QNA_INC_SAV(1.1),Q,Y,CAN,S1,S1,B6G,_Z,_Z,_Z,XDC,V,N,T0107,2003-Q3,306833,,,F,1,A,6,CAD
OECD.SDD.NAD:DSD_NAMAIN1@DF_QNA_INC_SAV(1.1),Q,Y,CAN,S1,S1,B6G,_Z,_Z,_Z,XDC,V,N,T0107,2003-Q2,300494,,,F,1,A,6,CAD
OECD.SDD.NAD:DSD_NAMAIN1@DF_QNA_INC_SAV(1.1),Q,Y,CAN,S1,S1,B6G,_Z,_Z,_Z,XDC,V,N,T0107,2003-Q1,305517,,,F,1,A,6,CAD
OECD.SDD.NAD:DSD_NAMAIN1@DF_QNA_INC_SAV(1.1),Q,Y,CAN,S1,S1,B6G,_Z,_Z,_Z,XDC,V,N,T0107,2002-Q4,297794,,,F,1,A,6,CAD
OECD.SDD.NAD:DSD_NAMAIN1@DF_QNA_INC_SAV(1.1),Q,Y,CAN,S1,S1,B6G,_Z,_Z,_Z,XDC,V,N,T0107,2002-Q3,293857,,,F,1,A,6,CAD
OECD.SDD.NAD:DSD_NAMAIN1@DF_QNA_INC_SAV(1.1),Q,Y,CAN,S1,S1,B6G,_Z,_Z,_Z,XDC,V,N,T0107,2002-Q2,290003,,,F,1,A,6,CAD
OECD.SDD.NAD:DSD_NAMAIN1@DF_QNA_INC_SAV(1.1),Q,Y,CAN,S1,S1,B6G,_Z,_Z,_Z,XDC,V,N,T0107,2002-Q1,282366,,,F,1,A,6,CAD
OECD.SDD.NAD:DSD_NAMAIN1@DF_QNA_INC_SAV(1.1),Q,Y,CAN,S1,S1,B6G,_Z,_Z,_Z,XDC,V,N,T0107,2001-Q4,275281,,,F,1,A,6,CAD
OECD.SDD.NAD:DSD_NAMAIN1@DF_QNA_INC_SAV(1.1),Q,Y,CAN,S1,S1,B6G,_Z,_Z,_Z,XDC,V,N,T0107,2001-Q3,276969,,,F,1,A,6,CAD
OECD.SDD.NAD:DSD_NAMAIN1@DF_QNA_INC_SAV(1.1),Q,Y,CAN,S1,S1,B6G,_Z,_Z,_Z,XDC,V,N,T0107,2001-Q2,280738,,,F,1,A,6,CAD
OECD.SDD.NAD:DSD_NAMAIN1@DF_QNA_INC_SAV(1.1),Q,Y,CAN,S1,S1,B6G,_Z,_Z,_Z,XDC,V,N,T0107,2001-Q1,279952,,,F,1,A,6,CAD
OECD.SDD.NAD:DSD_NAMAIN1@DF_QNA_INC_SAV(1.1),Q,Y,CAN,S1,S1,B6G,_Z,_Z,_Z,XDC,V,N,T0107,2000-Q4,276464,,,F,1,A,6,CAD
OECD.SDD.NAD:DSD_NAMAIN1@DF_QNA_INC_SAV(1.1),Q,Y,CAN,S1,S1,B6G,_Z,_Z,_Z,XDC,V,N,T0107,2000-Q3,273473,,,F,1,A,6,CAD
OECD.SDD.NAD:DSD_NAMAIN1@DF_QNA_INC_SAV(1.1),Q,Y,CAN,S1,S1,B6G,_Z,_Z,_Z,XDC,V,N,T0107,2000-Q2,267537,,,F,1,A,6,CAD
OECD.SDD.NAD:DSD_NAMAIN1@DF_QNA_INC_SAV(1.1),Q,Y,CAN,S1,S1,B6G,_Z,_Z,_Z,XDC,V,N,T0107,2000-Q1,260006,,,F,1,A,6,CAD
OECD.SDD.NAD:DSD_NAMAIN1@DF_QNA_INC_SAV(1.1),Q,Y,CAN,S1,S1,B6G,_Z,_Z,_Z,XDC,V,N,T0107,2024-Q4,782609,,,F,1,A,6,CAD
OECD.SDD.NAD:DSD_NAMAIN1@DF_QNA_INC_SAV(1.1),Q,Y,CAN,S1,S1,B6G,_Z,_Z,_Z,XDC,V,N,T0107,2024-Q3,770567,,,F,1,A,6,CAD
OECD.SDD.NAD:DSD_NAMAIN1@DF_QNA_INC_SAV(1.1),Q,Y,CAN,S1,S1,B6G,_Z,_Z,_Z,XDC,V,N,T0107,2024-Q2,757999,,,F,1,A,6,CAD
OECD.SDD.NAD:DSD_NAMAIN1@DF_QNA_INC_SAV(1.1),Q,Y,CAN,S1,S1,B6G,_Z,_Z,_Z,XDC,V,N,T0107,2024-Q1,746497,,,F,1,A,6,CAD
OECD.SDD.NAD:DSD_NAMAIN1@DF_QNA_INC_SAV(1.1),Q,Y,CAN,S1,S1,B6G,_Z,_Z,_Z,XDC,V,N,T0107,2023-Q4,741059,,,F,1,A,6,CAD
OECD.SDD.NAD:DSD_NAMAIN1@DF_QNA_INC_SAV(1.1),Q,Y,CAN,S1,S1,B6G,_Z,_Z,_Z,XDC,V,N,T0107,2023-Q3,734533,,,F,1,A,6,CAD
OECD.SDD.NAD:DSD_NAMAIN1@DF_QNA_INC_SAV(1.1),Q,Y,CAN,S1,S1,B6G,_Z,_Z,_Z,XDC,V,N,T0107,2023-Q2,724029,,,F,1,A,6,CAD
OECD.SDD.NAD:DSD_NAMAIN1@DF_QNA_INC_SAV(1.1),Q,Y,CAN,S1,S1,B6G,_Z,_Z,_Z,XDC,V,N,T0107,2023-Q1,711453,,,F,1,A,6,CAD
OECD.SDD.NAD:DSD_NAMAIN1@DF_QNA_INC_SAV(1.1),Q,Y,CAN,S1,S1,B6G,_Z,_Z,_Z,XDC,V,N,T0107,2022-Q4,708713,,,F,1,A,6,CAD
OECD.SDD.NAD:DSD_NAMAIN1@DF_QNA_INC_SAV(1.1),Q,Y,CAN,S1,S1,B6G,_Z,_Z,_Z,XDC,V,N,T0107,2022-Q3,710414,,,F,1,A,6,CAD
OECD.SDD.NAD:DSD_NAMAIN1@DF_QNA_INC_SAV(1.1),Q,Y,CAN,S1,S1,B6G,_Z,_Z,_Z,XDC,V,N,T0107,2022-Q2,713887,,,F,1,A,6,CAD
OECD.SDD.NAD:DSD_NAMAIN1@DF_QNA_INC_SAV(1.1),Q,Y,CAN,S1,S1,B6G,_Z,_Z,_Z,XDC,V,N,T0107,2022-Q1,685257,,,F,1,A,6,CAD
OECD.SDD.NAD:DSD_NAMAIN1@DF_QNA_INC_SAV(1.1),Q,Y,CAN,S1,S1,B6G,_Z,_Z,_Z,XDC,V,N,T0107,2021-Q4,658385,,,F,1,A,6,CAD
OECD.SDD.NAD:DSD_NAMAIN1@DF_QNA_INC_SAV(1.1),Q,Y,CAN,S1,S1,B6G,_Z,_Z,_Z,XDC,V,N,T0107,2021-Q3,633512,,,F,1,A,6,CAD
OECD.SDD.NAD:DSD_NAMAIN1@DF_QNA_INC_SAV(1.1),Q,Y,CAN,S1,S1,B6G,_Z,_Z,_Z,XDC,V,N,T0107,2021-Q2,616454,,,F,1,A,6,CAD
OECD.SDD.NAD:DSD_NAMAIN1@DF_QNA_INC_SAV(1.1),Q,Y,CAN,S1,S1,B6G,_Z,_Z,_Z,XDC,V,N,T0107,2021-Q1,599059,,,F,1,A,6,CAD
OECD.SDD.NAD:DSD_NAMAIN1@DF_QNA_INC_SAV(1.1),Q,Y,CAN,S1,S1,B6G,_Z,_Z,_Z,XDC,V,N,T0107,2020-Q4,578163,,,F,1,A,6,CAD
OECD.SDD.NAD:DSD_NAMAIN1@DF_QNA_INC_SAV(1.1),Q,Y,CAN,S1,S1,B6G,_Z,_Z,_Z,XDC,V,N,T0107,2020-Q3,554049,,,F,1,A,6,CAD
OECD.SDD.NAD:DSD_NAMAIN1@DF_QNA_INC_SAV(1.1),Q,Y,CAN,S1,S1,B6G,_Z,_Z,_Z,XDC,V,N,T0107,2020-Q2,499800,,,F,1,A,6,CAD
OECD.SDD.NAD:DSD_NAMAIN1@DF_QNA_INC_SAV(1.1),Q,Y,CAN,S1,S1,B6N,_Z,_Z,_Z,XDC,V,N,T0107,2004-Q1,269754,,,F,1,A,6,CAD
OECD.SDD.NAD:DSD_NAMAIN1@DF_QNA_INC_SAV(1.1),Q,Y,CAN,S1,S1,B6N,_Z,_Z,_Z,XDC,V,N,T0107,2003-Q4,263391,,,F,1,A,6,CAD
OECD.SDD.NAD:DSD_NAMAIN1@DF_QNA_INC_SAV(1.1),Q,Y,CAN,S1,S1,B6N,_Z,_Z,_Z,XDC,V,N,T0107,2003-Q3,260053,,,F,1,A,6,CAD
OECD.SDD.NAD:DSD_NAMAIN1@DF_QNA_INC_SAV(1.1),Q,Y,CAN,S1,S1,B6N,_Z,_Z,_Z,XDC,V,N,T0107,2003-Q2,254199,,,F,1,A,6,CAD
OECD.SDD.NAD:DSD_NAMAIN1@DF_QNA_INC_SAV(1.1),Q,Y,CAN,S1,S1,B6N,_Z,_Z,_Z,XDC,V,N,T0107,2003-Q1,259672,,,F,1,A,6,CAD
OECD.SDD.NAD:DSD_NAMAIN1@DF_QNA_INC_SAV(1.1),Q,Y,CAN,S1,S1,B6N,_Z,_Z,_Z,XDC,V,N,T0107,2009-Q4,327213,,,F,1,A,6,CAD
OECD.SDD.NAD:DSD_NAMAIN1@DF_QNA_INC_SAV(1.1),Q,Y,CAN,S1,S1,B6N,_Z,_Z,_Z,XDC,V,N,T0107,2009-Q3,317034,,,F,1,A,6,CAD
OECD.SDD.NAD:DSD_NAMAIN1@DF_QNA_INC_SAV(1.1),Q,Y,CAN,S1,S1,B6N,_Z,_Z,_Z,XDC,V,N,T0107,2009-Q2,312491,,,F,1,A,6,CAD
OECD.SDD.NAD:DSD_NAMAIN1@DF_QNA_INC_SAV(1.1),Q,Y,CAN,S1,S1,B6N,_Z,_Z,_Z,XDC,V,N,T0107,2009-Q1,315769,,,F,1,A,6,CAD
OECD.SDD.NAD:DSD_NAMAIN1@DF_QNA_INC_SAV(1.1),Q,Y,CAN,S1,S1,B6N,_Z,_Z,_Z,XDC,V,N,T0107,2019-Q2,475462,,,F,1,A,6,CAD
OECD.SDD.NAD:DSD_NAMAIN1@DF_QNA_INC_SAV(1.1),Q,Y,CAN,S1,S1,B6N,_Z,_Z,_Z,XDC,V,N,T0107,2015-Q4,403756,,,F,1,A,6,CAD
OECD.SDD.NAD:DSD_NAMAIN1@DF_QNA_INC_SAV(1.1),Q,Y,CAN,S1,S1,B6N,_Z,_Z,_Z,XDC,V,N,T0107,2015-Q3,404953,,,F,1,A,6,CAD
OECD.SDD.NAD:DSD_NAMAIN1@DF_QNA_INC_SAV(1.1),Q,Y,CAN,S1,S1,B6N,_Z,_Z,_Z,XDC,V,N,T0107,2015-Q2,402189,,,F,1,A,6,CAD
OECD.SDD.NAD:DSD_NAMAIN1@DF_QNA_INC_SAV(1.1),Q,Y,CAN,S1,S1,B6N,_Z,_Z,_Z,XDC,V,N,T0107,2015-Q1,402535,,,F,1,A,6,CAD
OECD.SDD.NAD:DSD_NAMAIN1@DF_QNA_INC_SAV(1.1),Q,Y,CAN,S1,S1,B6N,_Z,_Z,_Z,XDC,V,N,T0107,2014-Q4,411960,,,F,1,A,6,CAD
OECD.SDD.NAD:DSD_NAMAIN1@DF_QNA_INC_SAV(1.1),Q,Y,CAN,S1,S1,B6N,_Z,_Z,_Z,XDC,V,N,T0107,2014-Q3,412630,,,F,1,A,6,CAD
OECD.SDD.NAD:DSD_NAMAIN1@DF_QNA_INC_SAV(1.1),Q,Y,CAN,S1,S1,B6N,_Z,_Z,_Z,XDC,V,N,T0107,2014-Q2,408653,,,F,1,A,6,CAD
OECD.SDD.NAD:DSD_NAMAIN1@DF_QNA_INC_SAV(1.1),Q,Y,CAN,S1,S1,B6N,_Z,_Z,_Z,XDC,V,N,T0107,2014-Q1,402769,,,F,1,A,6,CAD
OECD.SDD.NAD:DSD_NAMAIN1@DF_QNA_INC_SAV(1.1),Q,Y,CAN,S1,S1,B6N,_Z,_Z,_Z,XDC,V,N,T0107,2013-Q4,394894,,,F,1,A,6,CAD
OECD.SDD.NAD:DSD_NAMAIN1@DF_QNA_INC_SAV(1.1),Q,Y,CAN,S1,S1,B6N,_Z,_Z,_Z,XDC,V,N,T0107,2013-Q3,391053,,,F,1,A,6,CAD
OECD.SDD.NAD:DSD_NAMAIN1@DF_QNA_INC_SAV(1.1),Q,Y,CAN,S1,S1,B6N,_Z,_Z,_Z,XDC,V,N,T0107,2013-Q2,386893,,,F,1,A,6,CAD
OECD.SDD.NAD:DSD_NAMAIN1@DF_QNA_INC_SAV(1.1),Q,Y,CAN,S1,S1,B6N,_Z,_Z,_Z,XDC,V,N,T0107,2013-Q1,387413,,,F,1,A,6,CAD
OECD.SDD.NAD:DSD_NAMAIN1@DF_QNA_INC_SAV(1.1),Q,Y,CAN,S1,S1,B6N,_Z,_Z,_Z,XDC,V,N,T0107,2012-Q4,375263,,,F,1,A,6,CAD
OECD.SDD.NAD:DSD_NAMAIN1@DF_QNA_INC_SAV(1.1),Q,Y,CAN,S1,S1,B6N,_Z,_Z,_Z,XDC,V,N,T0107,2012-Q3,373817,,,F,1,A,6,CAD
OECD.SDD.NAD:DSD_NAMAIN1@DF_QNA_INC_SAV(1.1),Q,Y,CAN,S1,S1,B6N,_Z,_Z,_Z,XDC,V,N,T0107,2012-Q2,373743,,,F,1,A,6,CAD
OECD.SDD.NAD:DSD_NAMAIN1@DF_QNA_INC_SAV(1.1),Q,Y,CAN,S1,S1,B6N,_Z,_Z,_Z,XDC,V,N,T0107,2012-Q1,373650,,,F,1,A,6,CAD
OECD.SDD.NAD:DSD_NAMAIN1@DF_QNA_INC_SAV(1.1),Q,Y,CAN,S1,S1,B6N,_Z,_Z,_Z,XDC,V,N,T0107,2011-Q4,371576,,,F,1,A,6,CAD
OECD.SDD.NAD:DSD_NAMAIN1@DF_QNA_INC_SAV(1.1),Q,Y,CAN,S1,S1,B6N,_Z,_Z,_Z,XDC,V,N,T0107,2011-Q3,367475,,,F,1,A,6,CAD
OECD.SDD.NAD:DSD_NAMAIN1@DF_QNA_INC_SAV(1.1),Q,Y,CAN,S1,S1,B6N,_Z,_Z,_Z,XDC,V,N,T0107,2011-Q2,361797,,,F,1,A,6,CAD
OECD.SDD.NAD:DSD_NAMAIN1@DF_QNA_INC_SAV(1.1),Q,Y,CAN,S1,S1,B6N,_Z,_Z,_Z,XDC,V,N,T0107,2011-Q1,356018,,,F,1,A,6,CAD
OECD.SDD.NAD:DSD_NAMAIN1@DF_QNA_INC_SAV(1.1),Q,Y,CAN,S1,S1,B6N,_Z,_Z,_Z,XDC,V,N,T0107,2010-Q4,349340,,,F,1,A,6,CAD
OECD.SDD.NAD:DSD_NAMAIN1@DF_QNA_INC_SAV(1.1),Q,Y,CAN,S1,S1,B6N,_Z,_Z,_Z,XDC,V,N,T0107,2008-Q4,330381,,,F,1,A,6,CAD
OECD.SDD.NAD:DSD_NAMAIN1@DF_QNA_INC_SAV(1.1),Q,Y,CAN,S1,S1,B6N,_Z,_Z,_Z,XDC,V,N,T0107,2008-Q3,352255,,,F,1,A,6,CAD
OECD.SDD.NAD:DSD_NAMAIN1@DF_QNA_INC_SAV(1.1),Q,Y,CAN,S1,S1,B6N,_Z,_Z,_Z,XDC,V,N,T0107,2008-Q2,349838,,,F,1,A,6,CAD
OECD.SDD.NAD:DSD_NAMAIN1@DF_QNA_INC_SAV(1.1),Q,Y,CAN,S1,S1,B6N,_Z,_Z,_Z,XDC,V,N,T0107,2008-Q1,341982,,,F,1,A,6,CAD
OECD.SDD.NAD:DSD_NAMAIN1@DF_QNA_INC_SAV(1.1),Q,Y,CAN,S1,S1,B6N,_Z,_Z,_Z,XDC,V,N,T0107,2007-Q4,336027,,,F,1,A,6,CAD
OECD.SDD.NAD:DSD_NAMAIN1@DF_QNA_INC_SAV(1.1),Q,Y,CAN,S1,S1,B6N,_Z,_Z,_Z,XDC,V,N,T0107,2007-Q3,330836,,,F,1,A,6,CAD
OECD.SDD.NAD:DSD_NAMAIN1@DF_QNA_INC_SAV(1.1),Q,Y,CAN,S1,S1,B6N,_Z,_Z,_Z,XDC,V,N,T0107,2007-Q2,329038,,,F,1,A,6,CAD
OECD.SDD.NAD:DSD_NAMAIN1@DF_QNA_INC_SAV(1.1),Q,Y,CAN,S1,S1,B6N,_Z,_Z,_Z,XDC,V,N,T0107,2007-Q1,320605,,,F,1,A,6,CAD
OECD.SDD.NAD:DSD_NAMAIN1@DF_QNA_INC_SAV(1.1),Q,Y,CAN,S1,S1,B6N,_Z,_Z,_Z,XDC,V,N,T0107,2006-Q4,315132,,,F,1,A,6,CAD
OECD.SDD.NAD:DSD_NAMAIN1@DF_QNA_INC_SAV(1.1),Q,Y,CAN,S1,S1,B6N,_Z,_Z,_Z,XDC,V,N,T0107,2006-Q3,315611,,,F,1,A,6,CAD
OECD.SDD.NAD:DSD_NAMAIN1@DF_QNA_INC_SAV(1.1),Q,Y,CAN,S1,S1,B6N,_Z,_Z,_Z,XDC,V,N,T0107,2006-Q2,313016,,,F,1,A,6,CAD
OECD.SDD.NAD:DSD_NAMAIN1@DF_QNA_INC_SAV(1.1),Q,Y,CAN,S1,S1,B6N,_Z,_Z,_Z,XDC,V,N,T0107,2000-Q4,234088,,,F,1,A,6,CAD
OECD.SDD.NAD:DSD_NAMAIN1@DF_QNA_INC_SAV(1.1),Q,Y,CAN,S1,S1,B6N,_Z,_Z,_Z,XDC,V,N,T0107,2000-Q3,231848,,,F,1,A,6,CAD
OECD.SDD.NAD:DSD_NAMAIN1@DF_QNA_INC_SAV(1.1),Q,Y,CAN,S1,S1,B6N,_Z,_Z,_Z,XDC,V,N,T0107,2000-Q2,226628,,,F,1,A,6,CAD
OECD.SDD.NAD:DSD_NAMAIN1@DF_QNA_INC_SAV(1.1),Q,Y,CAN,S1,S1,B6N,_Z,_Z,_Z,XDC,V,N,T0107,2000-Q1,219785,,,F,1,A,6,CAD
OECD.SDD.NAD:DSD_NAMAIN1@DF_QNA_INC_SAV(1.1),Q,Y,CAN,S1,S1,B6N,_Z,_Z,_Z,XDC,V,N,T0107,2024-Q4,652931,,,F,1,A,6,CAD
OECD.SDD.NAD:DSD_NAMAIN1@DF_QNA_INC_SAV(1.1),Q,Y,CAN,S1,S1,B6N,_Z,_Z,_Z,XDC,V,N,T0107,2024-Q3,642626,,,F,1,A,6,CAD
OECD.SDD.NAD:DSD_NAMAIN1@DF_QNA_INC_SAV(1.1),Q,Y,CAN,S1,S1,B6N,_Z,_Z,_Z,XDC,V,N,T0107,2024-Q2,631600,,,F,1,A,6,CAD
OECD.SDD.NAD:DSD_NAMAIN1@DF_QNA_INC_SAV(1.1),Q,Y,CAN,S1,S1,B6N,_Z,_Z,_Z,XDC,V,N,T0107,2024-Q1,622067,,,F,1,A,6,CAD
OECD.SDD.NAD:DSD_NAMAIN1@DF_QNA_INC_SAV(1.1),Q,Y,CAN,S1,S1,B6N,_Z,_Z,_Z,XDC,V,N,T0107,2023-Q4,617549,,,F,1,A,6,CAD
OECD.SDD.NAD:DSD_NAMAIN1@DF_QNA_INC_SAV(1.1),Q,Y,CAN,S1,S1,B6N,_Z,_Z,_Z,XDC,V,N,T0107,2023-Q3,612621,,,F,1,A,6,CAD
OECD.SDD.NAD:DSD_NAMAIN1@DF_QNA_INC_SAV(1.1),Q,Y,CAN,S1,S1,B6N,_Z,_Z,_Z,XDC,V,N,T0107,2023-Q2,603442,,,F,1,A,6,CAD
OECD.SDD.NAD:DSD_NAMAIN1@DF_QNA_INC_SAV(1.1),Q,Y,CAN,S1,S1,B6N,_Z,_Z,_Z,XDC,V,N,T0107,2023-Q1,592382,,,F,1,A,6,CAD
OECD.SDD.NAD:DSD_NAMAIN1@DF_QNA_INC_SAV(1.1),Q,Y,CAN,S1,S1,B6N,_Z,_Z,_Z,XDC,V,N,T0107,2022-Q4,590341,,,F,1,A,6,CAD
OECD.SDD.NAD:DSD_NAMAIN1@DF_QNA_INC_SAV(1.1),Q,Y,CAN,S1,S1,B6N,_Z,_Z,_Z,XDC,V,N,T0107,2022-Q3,594305,,,F,1,A,6,CAD
OECD.SDD.NAD:DSD_NAMAIN1@DF_QNA_INC_SAV(1.1),Q,Y,CAN,S1,S1,B6N,_Z,_Z,_Z,XDC,V,N,T0107,2022-Q2,600274,,,F,1,A,6,CAD
OECD.SDD.NAD:DSD_NAMAIN1@DF_QNA_INC_SAV(1.1),Q,Y,CAN,S1,S1,B6N,_Z,_Z,_Z,XDC,V,N,T0107,2022-Q1,574467,,,F,1,A,6,CAD
OECD.SDD.NAD:DSD_NAMAIN1@DF_QNA_INC_SAV(1.1),Q,Y,CAN,S1,S1,B6N,_Z,_Z,_Z,XDC,V,N,T0107,2021-Q4,550398,,,F,1,A,6,CAD
OECD.SDD.NAD:DSD_NAMAIN1@DF_QNA_INC_SAV(1.1),Q,Y,CAN,S1,S1,B6N,_Z,_Z,_Z,XDC,V,N,T0107,2021-Q3,527933,,,F,1,A,6,CAD
OECD.SDD.NAD:DSD_NAMAIN1@DF_QNA_INC_SAV(1.1),Q,Y,CAN,S1,S1,B6N,_Z,_Z,_Z,XDC,V,N,T0107,2021-Q2,514341,,,F,1,A,6,CAD
OECD.SDD.NAD:DSD_NAMAIN1@DF_QNA_INC_SAV(1.1),Q,Y,CAN,S1,S1,B6G,_Z,_Z,_Z,XDC,V,N,T0107,2005-Q3,352503,,,F,1,A,6,CAD
OECD.SDD.NAD:DSD_NAMAIN1@DF_QNA_INC_SAV(1.1),Q,Y,CAN,S1,S1,B6N,_Z,_Z,_Z,XDC,V,N,T0107,2026-Q1,681759,,,F,1,A,6,CAD
OECD.SDD.NAD:DSD_NAMAIN1@DF_QNA_INC_SAV(1.1),Q,Y,CAN,S1,S1,B6N,_Z,_Z,_Z,XDC,V,N,T0107,2025-Q4,676973,,,F,1,A,6,CAD
OECD.SDD.NAD:DSD_NAMAIN1@DF_QNA_INC_SAV(1.1),Q,Y,CAN,S1,S1,B6N,_Z,_Z,_Z,XDC,V,N,T0107,2025-Q3,671547,,,F,1,A,6,CAD
OECD.SDD.NAD:DSD_NAMAIN1@DF_QNA_INC_SAV(1.1),Q,Y,CAN,S1,S1,B6N,_Z,_Z,_Z,XDC,V,N,T0107,2025-Q2,658656,,,F,1,A,6,CAD
OECD.SDD.NAD:DSD_NAMAIN1@DF_QNA_INC_SAV(1.1),Q,Y,CAN,S1,S1,B6N,_Z,_Z,_Z,XDC,V,N,T0107,2025-Q1,658650,,,F,1,A,6,CAD
OECD.SDD.NAD:DSD_NAMAIN1@DF_QNA_INC_SAV(1.1),Q,Y,CAN,S1,S1,B6G,_Z,_Z,_Z,XDC,V,N,T0107,2010-Q4,417813,,,F,1,A,6,CAD
OECD.SDD.NAD:DSD_NAMAIN1@DF_QNA_INC_SAV(1.1),Q,Y,CAN,S1,S1,B6G,_Z,_Z,_Z,XDC,V,N,T0107,2010-Q3,405866,,,F,1,A,6,CAD
OECD.SDD.NAD:DSD_NAMAIN1@DF_QNA_INC_SAV(1.1),Q,Y,CAN,S1,S1,B6G,_Z,_Z,_Z,XDC,V,N,T0107,2010-Q2,404058,,,F,1,A,6,CAD
OECD.SDD.NAD:DSD_NAMAIN1@DF_QNA_INC_SAV(1.1),Q,Y,CAN,S1,S1,B6G,_Z,_Z,_Z,XDC,V,N,T0107,2010-Q1,401417,,,F,1,A,6,CAD
OECD.SDD.NAD:DSD_NAMAIN1@DF_QNA_INC_SAV(1.1),Q,Y,CAN,S1,S1,B6G,_Z,_Z,_Z,XDC,V,N,T0107,2009-Q4,394710,,,F,1,A,6,CAD
OECD.SDD.NAD:DSD_NAMAIN1@DF_QNA_INC_SAV(1.1),Q,Y,CAN,S1,S1,B6G,_Z,_Z,_Z,XDC,V,N,T0107,2009-Q3,384226,,,F,1,A,6,CAD
OECD.SDD.NAD:DSD_NAMAIN1@DF_QNA_INC_SAV(1.1),Q,Y,CAN,S1,S1,B6G,_Z,_Z,_Z,XDC,V,N,T0107,2009-Q2,379384,,,F,1,A,6,CAD
OECD.SDD.NAD:DSD_NAMAIN1@DF_QNA_INC_SAV(1.1),Q,Y,CAN,S1,S1,B6G,_Z,_Z,_Z,XDC,V,N,T0107,2009-Q1,382476,,,F,1,A,6,CAD
OECD.SDD.NAD:DSD_NAMAIN1@DF_QNA_INC_SAV(1.1),Q,Y,CAN,S1,S1,B6G,_Z,_Z,_Z,XDC,V,N,T0107,2008-Q4,395935,,,F,1,A,6,CAD
OECD.SDD.NAD:DSD_NAMAIN1@DF_QNA_INC_SAV(1.1),Q,Y,CAN,S1,S1,B6G,_Z,_Z,_Z,XDC,V,N,T0107,2008-Q3,416879,,,F,1,A,6,CAD
OECD.SDD.NAD:DSD_NAMAIN1@DF_QNA_INC_SAV(1.1),Q,Y,CAN,S1,S1,B6G,_Z,_Z,_Z,XDC,V,N,T0107,2008-Q2,413570,,,F,1,A,6,CAD
OECD.SDD.NAD:DSD_NAMAIN1@DF_QNA_INC_SAV(1.1),Q,Y,CAN,S1,S1,B6G,_Z,_Z,_Z,XDC,V,N,T0107,2008-Q1,404716,,,F,1,A,6,CAD
OECD.SDD.NAD:DSD_NAMAIN1@DF_QNA_INC_SAV(1.1),Q,Y,CAN,S1,S1,B6G,_Z,_Z,_Z,XDC,V,N,T0107,2007-Q4,396375,,,F,1,A,6,CAD
OECD.SDD.NAD:DSD_NAMAIN1@DF_QNA_INC_SAV(1.1),Q,Y,CAN,S1,S1,B6G,_Z,_Z,_Z,XDC,V,N,T0107,2007-Q3,390188,,,F,1,A,6,CAD
OECD.SDD.NAD:DSD_NAMAIN1@DF_QNA_INC_SAV(1.1),Q,Y,CAN,S1,S1,B6G,_Z,_Z,_Z,XDC,V,N,T0107,2007-Q2,387405,,,F,1,A,6,CAD
OECD.SDD.NAD:DSD_NAMAIN1@DF_QNA_INC_SAV(1.1),Q,Y,CAN,S1,S1,B6G,_Z,_Z,_Z,XDC,V,N,T0107,2026-Q1,816719,,,F,1,A,6,CAD
OECD.SDD.NAD:DSD_NAMAIN1@DF_QNA_INC_SAV(1.1),Q,Y,CAN,S1,S1,B6N,_Z,_Z,_Z,XDC,V,N,T0107,2020-Q1,467860,,,F,1,A,6,CAD
OECD.SDD.NAD:DSD_NAMAIN1@DF_QNA_INC_SAV(1.1),Q,Y,CAN,S1,S1,B6N,_Z,_Z,_Z,XDC,V,N,T0107,2019-Q1,462984,,,F,1,A,6,CAD
OECD.SDD.NAD:DSD_NAMAIN1@DF_QNA_INC_SAV(1.1),Q,Y,CAN,S1,S1,B6N,_Z,_Z,_Z,XDC,V,N,T0107,2018-Q4,453991,,,F,1,A,6,CAD
OECD.SDD.NAD:DSD_NAMAIN1@DF_QNA_INC_SAV(1.1),Q,Y,CAN,S1,S1,B6N,_Z,_Z,_Z,XDC,V,N,T0107,2018-Q3,461105,,,F,1,A,6,CAD
OECD.SDD.NAD:DSD_NAMAIN1@DF_QNA_INC_SAV(1.1),Q,Y,CAN,S1,S1,B6N,_Z,_Z,_Z,XDC,V,N,T0107,2005-Q4,305405,,,F,1,A,6,CAD
OECD.SDD.NAD:DSD_NAMAIN1@DF_QNA_INC_SAV(1.1),Q,Y,CAN,S1,S1,B6N,_Z,_Z,_Z,XDC,V,N,T0107,2018-Q2,457647,,,F,1,A,6,CAD
OECD.SDD.NAD:DSD_NAMAIN1@DF_QNA_INC_SAV(1.1),Q,Y,CAN,S1,S1,B6N,_Z,_Z,_Z,XDC,V,N,T0107,2018-Q1,452334,,,F,1,A,6,CAD
OECD.SDD.NAD:DSD_NAMAIN1@DF_QNA_INC_SAV(1.1),Q,Y,CAN,S1,S1,B6N,_Z,_Z,_Z,XDC,V,N,T0107,2017-Q4,447974,,,F,1,A,6,CAD
OECD.SDD.NAD:DSD_NAMAIN1@DF_QNA_INC_SAV(1.1),Q,Y,CAN,S1,S1,B6N,_Z,_Z,_Z,XDC,V,N,T0107,2017-Q3,439466,,,F,1,A,6,CAD
OECD.SDD.NAD:DSD_NAMAIN1@DF_QNA_INC_SAV(1.1),Q,Y,CAN,S1,S1,B6N,_Z,_Z,_Z,XDC,V,N,T0107,2017-Q2,435351,,,F,1,A,6,CAD
OECD.SDD.NAD:DSD_NAMAIN1@DF_QNA_INC_SAV(1.1),Q,Y,CAN,S1,S1,B6N,_Z,_Z,_Z,XDC,V,N,T0107,2017-Q1,430964,,,F,1,A,6,CAD
OECD.SDD.NAD:DSD_NAMAIN1@DF_QNA_INC_SAV(1.1),Q,Y,CAN,S1,S1,B6N,_Z,_Z,_Z,XDC,V,N,T0107,2016-Q4,421269,,,F,1,A,6,CAD
OECD.SDD.NAD:DSD_NAMAIN1@DF_QNA_INC_SAV(1.1),Q,Y,CAN,S1,S1,B6N,_Z,_Z,_Z,XDC,V,N,T0107,2016-Q3,413644,,,F,1,A,6,CAD
OECD.SDD.NAD:DSD_NAMAIN1@DF_QNA_INC_SAV(1.1),Q,Y,CAN,S1,S1,B6N,_Z,_Z,_Z,XDC,V,N,T0107,2016-Q2,405381,,,F,1,A,6,CAD
OECD.SDD.NAD:DSD_NAMAIN1@DF_QNA_INC_SAV(1.1),Q,Y,CAN,S1,S1,B6N,_Z,_Z,_Z,XDC,V,N,T0107,2016-Q1,405281,,,F,1,A,6,CAD
OECD.SDD.NAD:DSD_NAMAIN1@DF_QNA_INC_SAV(1.1),Q,Y,CAN,S1,S1,B6N,_Z,_Z,_Z,XDC,V,N,T0107,2020-Q4,479604,,,F,1,A,6,CAD
OECD.SDD.NAD:DSD_NAMAIN1@DF_QNA_INC_SAV(1.1),Q,Y,CAN,S1,S1,B6N,_Z,_Z,_Z,XDC,V,N,T0107,2020-Q3,455462,,,F,1,A,6,CAD
OECD.SDD.NAD:DSD_NAMAIN1@DF_QNA_INC_SAV(1.1),Q,Y,CAN,S1,S1,B6N,_Z,_Z,_Z,XDC,V,N,T0107,2020-Q2,401316,,,F,1,A,6,CAD
OECD.SDD.NAD:DSD_NAMAIN1@DF_QNA_INC_SAV(1.1),Q,Y,CAN,S1,S1,B6G,_Z,_Z,_Z,XDC,V,N,T0107,2005-Q2,343182,,,F,1,A,6,CAD
OECD.SDD.NAD:DSD_NAMAIN1@DF_QNA_INC_SAV(1.1),Q,Y,CAN,S1,S1,B6G,_Z,_Z,_Z,XDC,V,N,T0107,2016-Q4,509349,,,F,1,A,6,CAD
OECD.SDD.NAD:DSD_NAMAIN1@DF_QNA_INC_SAV(1.1),Q,Y,CAN,S1,S1,B6G,_Z,_Z,_Z,XDC,V,N,T0107,2016-Q3,501665,,,F,1,A,6,CAD
OECD.SDD.NAD:DSD_NAMAIN1@DF_QNA_INC_SAV(1.1),Q,Y,CAN,S1,S1,B6G,_Z,_Z,_Z,XDC,V,N,T0107,2016-Q2,494929,,,F,1,A,6,CAD
OECD.SDD.NAD:DSD_NAMAIN1@DF_QNA_INC_SAV(1.1),Q,Y,CAN,S1,S1,B6G,_Z,_Z,_Z,XDC,V,N,T0107,2016-Q1,492719,,,F,1,A,6,CAD
OECD.SDD.NAD:DSD_NAMAIN1@DF_QNA_INC_SAV(1.1),Q,Y,CAN,S1,S1,B6N,_Z,_Z,_Z,XDC,V,N,T0107,2005-Q3,300989,,,F,1,A,6,CAD
OECD.SDD.NAD:DSD_NAMAIN1@DF_QNA_INC_SAV(1.1),Q,Y,CAN,S1,S1,B6N,_Z,_Z,_Z,XDC,V,N,T0107,2005-Q2,292559,,,F,1,A,6,CAD
OECD.SDD.NAD:DSD_NAMAIN1@DF_QNA_INC_SAV(1.1),Q,Y,CAN,S1,S1,B6N,_Z,_Z,_Z,XDC,V,N,T0107,2005-Q1,287519,,,F,1,A,6,CAD
OECD.SDD.NAD:DSD_NAMAIN1@DF_QNA_INC_SAV(1.1),Q,Y,CAN,S1,S1,B6N,_Z,_Z,_Z,XDC,V,N,T0107,2004-Q4,283871,,,F,1,A,6,CAD
OECD.SDD.NAD:DSD_NAMAIN1@DF_QNA_INC_SAV(1.1),Q,N,CHL,S1,S1,B6N,_Z,_Z,_Z,XDC,V,N,T0107,2008-Q2,22332446.4,,,F,1,A,6,CLP
OECD.SDD.NAD:DSD_NAMAIN1@DF_QNA_INC_SAV(1.1),Q,N,CHL,S1,S1,B6G,_Z,_Z,_Z,XDC,V,N,T0107,2011-Q2,28434570.6,,,F,1,A,6,CLP
OECD.SDD.NAD:DSD_NAMAIN1@DF_QNA_INC_SAV(1.1),Q,N,CHL,S1,S1,B6G,_Z,_Z,_Z,XDC,V,N,T0107,2011-Q1,28056470,,,F,1,A,6,CLP
OECD.SDD.NAD:DSD_NAMAIN1@DF_QNA_INC_SAV(1.1),Q,N,CHL,S1,S1,B6G,_Z,_Z,_Z,XDC,V,N,T0107,2010-Q4,29371880.3,,,F,1,A,6,CLP
OECD.SDD.NAD:DSD_NAMAIN1@DF_QNA_INC_SAV(1.1),Q,N,CHL,S1,S1,B6G,_Z,_Z,_Z,XDC,V,N,T0107,2013-Q2,32515537.5,,,F,1,A,6,CLP
OECD.SDD.NAD:DSD_NAMAIN1@DF_QNA_INC_SAV(1.1),Q,N,CHL,S1,S1,B6G,_Z,_Z,_Z,XDC,V,N,T0107,2013-Q1,32063102.5,,,F,1,A,6,CLP
OECD.SDD.NAD:DSD_NAMAIN1@DF_QNA_INC_SAV(1.1),Q,N,CHL,S1,S1,B6G,_Z,_Z,_Z,XDC,V,N,T0107,2012-Q4,33542126.6,,,F,1,A,6,CLP
OECD.SDD.NAD:DSD_NAMAIN1@DF_QNA_INC_SAV(1.1),Q,N,CHL,S1,S1,B6G,_Z,_Z,_Z,XDC,V,N,T0107,2012-Q3,29810647.4,,,F,1,A,6,CLP
OECD.SDD.NAD:DSD_NAMAIN1@DF_QNA_INC_SAV(1.1),Q,N,CHL,S1,S1,B6G,_Z,_Z,_Z,XDC,V,N,T0107,2012-Q2,30688760.8,,,F,1,A,6,CLP
OECD.SDD.NAD:DSD_NAMAIN1@DF_QNA_INC_SAV(1.1),Q,N,CHL,S1,S1,B6G,_Z,_Z,_Z,XDC,V,N,T0107,2012-Q1,30165494.5,,,F,1,A,6,CLP
OECD.SDD.NAD:DSD_NAMAIN1@DF_QNA_INC_SAV(1.1),Q,N,CHL,S1,S1,B6G,_Z,_Z,_Z,XDC,V,N,T0107,2011-Q4,30908790,,,F,1,A,6,CLP
OECD.SDD.NAD:DSD_NAMAIN1@DF_QNA_INC_SAV(1.1),Q,N,CHL,S1,S1,B6G,_Z,_Z,_Z,XDC,V,N,T0107,2011-Q3,27332545.6,,,F,1,A,6,CLP
OECD.SDD.NAD:DSD_NAMAIN1@DF_QNA_INC_SAV(1.1),Q,N,CHL,S1,S1,B6G,_Z,_Z,_Z,XDC,V,N,T0107,2017-Q4,46880195,,,F,1,A,6,CLP
OECD.SDD.NAD:DSD_NAMAIN1@DF_QNA_INC_SAV(1.1),Q,N,CHL,S1,S1,B6G,_Z,_Z,_Z,XDC,V,N,T0107,2017-Q3,42148593.3,,,F,1,A,6,CLP
OECD.SDD.NAD:DSD_NAMAIN1@DF_QNA_INC_SAV(1.1),Q,N,CHL,S1,S1,B6G,_Z,_Z,_Z,XDC,V,N,T0107,2017-Q2,42165387.9,,,F,1,A,6,CLP
OECD.SDD.NAD:DSD_NAMAIN1@DF_QNA_INC_SAV(1.1),Q,N,CHL,S1,S1,B6G,_Z,_Z,_Z,XDC,V,N,T0107,2017-Q1,42158182.1,,,F,1,A,6,CLP
OECD.SDD.NAD:DSD_NAMAIN1@DF_QNA_INC_SAV(1.1),Q,N,CHL,S1,S1,B6G,_Z,_Z,_Z,XDC,V,N,T0107,2016-Q4,44380859.2,,,F,1,A,6,CLP
OECD.SDD.NAD:DSD_NAMAIN1@DF_QNA_INC_SAV(1.1),Q,N,CHL,S1,S1,B6G,_Z,_Z,_Z,XDC,V,N,T0107,2016-Q3,39801145.8,,,F,1,A,6,CLP
OECD.SDD.NAD:DSD_NAMAIN1@DF_QNA_INC_SAV(1.1),Q,N,CHL,S1,S1,B6G,_Z,_Z,_Z,XDC,V,N,T0107,2016-Q2,40128564.6,,,F,1,A,6,CLP
OECD.SDD.NAD:DSD_NAMAIN1@DF_QNA_INC_SAV(1.1),Q,N,CHL,S1,S1,B6G,_Z,_Z,_Z,XDC,V,N,T0107,2016-Q1,40890397.1,,,F,1,A,6,CLP
OECD.SDD.NAD:DSD_NAMAIN1@DF_QNA_INC_SAV(1.1),Q,N,CHL,S1,S1,B6G,_Z,_Z,_Z,XDC,V,N,T0107,2015-Q4,41696081,,,F,1,A,6,CLP
OECD.SDD.NAD:DSD_NAMAIN1@DF_QNA_INC_SAV(1.1),Q,N,CHL,S1,S1,B6G,_Z,_Z,_Z,XDC,V,N,T0107,2015-Q3,37725162.2,,,F,1,A,6,CLP
OECD.SDD.NAD:DSD_NAMAIN1@DF_QNA_INC_SAV(1.1),Q,N,CHL,S1,S1,B6G,_Z,_Z,_Z,XDC,V,N,T0107,2015-Q2,38340687.3,,,F,1,A,6,CLP
OECD.SDD.NAD:DSD_NAMAIN1@DF_QNA_INC_SAV(1.1),Q,N,CHL,S1,S1,B6G,_Z,_Z,_Z,XDC,V,N,T0107,2015-Q1,38255584,,,F,1,A,6,CLP
OECD.SDD.NAD:DSD_NAMAIN1@DF_QNA_INC_SAV(1.1),Q,N,CHL,S1,S1,B6G,_Z,_Z,_Z,XDC,V,N,T0107,2014-Q4,39409650.7,,,F,1,A,6,CLP
OECD.SDD.NAD:DSD_NAMAIN1@DF_QNA_INC_SAV(1.1),Q,N,CHL,S1,S1,B6G,_Z,_Z,_Z,XDC,V,N,T0107,2014-Q3,34858473.4,,,F,1,A,6,CLP
OECD.SDD.NAD:DSD_NAMAIN1@DF_QNA_INC_SAV(1.1),Q,N,CHL,S1,S1,B6G,_Z,_Z,_Z,XDC,V,N,T0107,2014-Q2,35187986.8,,,F,1,A,6,CLP
OECD.SDD.NAD:DSD_NAMAIN1@DF_QNA_INC_SAV(1.1),Q,N,CHL,S1,S1,B6G,_Z,_Z,_Z,XDC,V,N,T0107,2014-Q1,34724529.9,,,F,1,A,6,CLP
OECD.SDD.NAD:DSD_NAMAIN1@DF_QNA_INC_SAV(1.1),Q,N,CHL,S1,S1,B6G,_Z,_Z,_Z,XDC,V,N,T0107,2013-Q4,35722459.5,,,F,1,A,6,CLP
OECD.SDD.NAD:DSD_NAMAIN1@DF_QNA_INC_SAV(1.1),Q,N,CHL,S1,S1,B6G,_Z,_Z,_Z,XDC,V,N,T0107,2013-Q3,31764835.7,,,F,1,A,6,CLP
OECD.SDD.NAD:DSD_NAMAIN1@DF_QNA_INC_SAV(1.1),Q,N,CHL,S1,S1,B6G,_Z,_Z,_Z,XDC,V,N,T0107,2006-Q2,18607265.1,,,F,1,A,6,CLP
OECD.SDD.NAD:DSD_NAMAIN1@DF_QNA_INC_SAV(1.1),Q,N,CHL,S1,S1,B6G,_Z,_Z,_Z,XDC,V,N,T0107,2006-Q1,17216649.9,,,F,1,A,6,CLP
OECD.SDD.NAD:DSD_NAMAIN1@DF_QNA_INC_SAV(1.1),Q,N,CHL,S1,S1,B6G,_Z,_Z,_Z,XDC,V,N,T0107,2005-Q4,17409632.3,,,F,1,A,6,CLP
OECD.SDD.NAD:DSD_NAMAIN1@DF_QNA_INC_SAV(1.1),Q,N,CHL,S1,S1,B6G,_Z,_Z,_Z,XDC,V,N,T0107,2005-Q3,15442152,,,F,1,A,6,CLP
OECD.SDD.NAD:DSD_NAMAIN1@DF_QNA_INC_SAV(1.1),Q,N,CHL,S1,S1,B6G,_Z,_Z,_Z,XDC,V,N,T0107,2005-Q2,15688276.9,,,F,1,A,6,CLP
OECD.SDD.NAD:DSD_NAMAIN1@DF_QNA_INC_SAV(1.1),Q,N,CHL,S1,S1,B6G,_Z,_Z,_Z,XDC,V,N,T0107,2005-Q1,15350223.9,,,F,1,A,6,CLP
OECD.SDD.NAD:DSD_NAMAIN1@DF_QNA_INC_SAV(1.1),Q,N,CHL,S1,S1,B6G,_Z,_Z,_Z,XDC,V,N,T0107,2010-Q3,25644454.1,,,F,1,A,6,CLP
OECD.SDD.NAD:DSD_NAMAIN1@DF_QNA_INC_SAV(1.1),Q,N,CHL,S1,S1,B6G,_Z,_Z,_Z,XDC,V,N,T0107,2010-Q2,25944264.8,,,F,1,A,6,CLP
OECD.SDD.NAD:DSD_NAMAIN1@DF_QNA_INC_SAV(1.1),Q,N,CHL,S1,S1,B6G,_Z,_Z,_Z,XDC,V,N,T0107,2010-Q1,24988674.5,,,F,1,A,6,CLP
OECD.SDD.NAD:DSD_NAMAIN1@DF_QNA_INC_SAV(1.1),Q,N,CHL,S1,S1,B6G,_Z,_Z,_Z,XDC,V,N,T0107,2009-Q4,24467193.6,,,F,1,A,6,CLP
OECD.SDD.NAD:DSD_NAMAIN1@DF_QNA_INC_SAV(1.1),Q,N,CHL,S1,S1,B6G,_Z,_Z,_Z,XDC,V,N,T0107,2009-Q3,21699533.1,,,F,1,A,6,CLP
OECD.SDD.NAD:DSD_NAMAIN1@DF_QNA_INC_SAV(1.1),Q,N,CHL,S1,S1,B6G,_Z,_Z,_Z,XDC,V,N,T0107,2009-Q2,22489430.4,,,F,1,A,6,CLP
OECD.SDD.NAD:DSD_NAMAIN1@DF_QNA_INC_SAV(1.1),Q,N,CHL,S1,S1,B6G,_Z,_Z,_Z,XDC,V,N,T0107,2009-Q1,22344380.8,,,F,1,A,6,CLP
OECD.SDD.NAD:DSD_NAMAIN1@DF_QNA_INC_SAV(1.1),Q,N,CHL,S1,S1,B6G,_Z,_Z,_Z,XDC,V,N,T0107,2008-Q4,22847077.2,,,F,1,A,6,CLP
OECD.SDD.NAD:DSD_NAMAIN1@DF_QNA_INC_SAV(1.1),Q,N,CHL,S1,S1,B6G,_Z,_Z,_Z,XDC,V,N,T0107,2004-Q4,15235541.6,,,F,1,A,6,CLP
OECD.SDD.NAD:DSD_NAMAIN1@DF_QNA_INC_SAV(1.1),Q,N,CHL,S1,S1,B6G,_Z,_Z,_Z,XDC,V,N,T0107,2004-Q3,13552983.3,,,F,1,A,6,CLP
OECD.SDD.NAD:DSD_NAMAIN1@DF_QNA_INC_SAV(1.1),Q,N,CHL,S1,S1,B6G,_Z,_Z,_Z,XDC,V,N,T0107,2004-Q2,13786207.7,,,F,1,A,6,CLP
OECD.SDD.NAD:DSD_NAMAIN1@DF_QNA_INC_SAV(1.1),Q,N,CHL,S1,S1,B6G,_Z,_Z,_Z,XDC,V,N,T0107,2004-Q1,13620443,,,F,1,A,6,CLP
OECD.SDD.NAD:DSD_NAMAIN1@DF_QNA_INC_SAV(1.1),Q,N,CHL,S1,S1,B6G,_Z,_Z,_Z,XDC,V,N,T0107,2003-Q4,13021435.5,,,F,1,A,6,CLP
OECD.SDD.NAD:DSD_NAMAIN1@DF_QNA_INC_SAV(1.1),Q,N,CHL,S1,S1,B6G,_Z,_Z,_Z,XDC,V,N,T0107,2003-Q3,11844375.1,,,F,1,A,6,CLP
OECD.SDD.NAD:DSD_NAMAIN1@DF_QNA_INC_SAV(1.1),Q,N,CHL,S1,S1,B6G,_Z,_Z,_Z,XDC,V,N,T0107,2003-Q2,12315501.8,,,F,1,A,6,CLP
OECD.SDD.NAD:DSD_NAMAIN1@DF_QNA_INC_SAV(1.1),Q,N,CHL,S1,S1,B6G,_Z,_Z,_Z,XDC,V,N,T0107,2003-Q1,12372908.9,,,F,1,A,6,CLP
OECD.SDD.NAD:DSD_NAMAIN1@DF_QNA_INC_SAV(1.1),Q,N,CHL,S1,S1,B6G,_Z,_Z,_Z,XDC,V,N,T0107,2021-Q3,56431856.6,,,F,1,A,6,CLP
OECD.SDD.NAD:DSD_NAMAIN1@DF_QNA_INC_SAV(1.1),Q,N,CHL,S1,S1,B6G,_Z,_Z,_Z,XDC,V,N,T0107,2021-Q2,53924231.2,,,F,1,A,6,CLP
OECD.SDD.NAD:DSD_NAMAIN1@DF_QNA_INC_SAV(1.1),Q,N,CHL,S1,S1,B6G,_Z,_Z,_Z,XDC,V,N,T0107,2021-Q1,53145144.4,,,F,1,A,6,CLP
OECD.SDD.NAD:DSD_NAMAIN1@DF_QNA_INC_SAV(1.1),Q,N,CHL,S1,S1,B6G,_Z,_Z,_Z,XDC,V,N,T0107,2020-Q4,53444328.9,,,F,1,A,6,CLP
OECD.SDD.NAD:DSD_NAMAIN1@DF_QNA_INC_SAV(1.1),Q,N,CHL,S1,S1,B6G,_Z,_Z,_Z,XDC,V,N,T0107,2020-Q3,45878787,,,F,1,A,6,CLP
OECD.SDD.NAD:DSD_NAMAIN1@DF_QNA_INC_SAV(1.1),Q,N,CHL,S1,S1,B6G,_Z,_Z,_Z,XDC,V,N,T0107,2020-Q2,44020464.4,,,F,1,A,6,CLP
OECD.SDD.NAD:DSD_NAMAIN1@DF_QNA_INC_SAV(1.1),Q,N,CHL,S1,S1,B6G,_Z,_Z,_Z,XDC,V,N,T0107,2020-Q1,49364476.6,,,F,1,A,6,CLP
OECD.SDD.NAD:DSD_NAMAIN1@DF_QNA_INC_SAV(1.1),Q,N,CHL,S1,S1,B6G,_Z,_Z,_Z,XDC,V,N,T0107,2019-Q4,50061229.8,,,F,1,A,6,CLP
OECD.SDD.NAD:DSD_NAMAIN1@DF_QNA_INC_SAV(1.1),Q,N,CHL,S1,S1,B6G,_Z,_Z,_Z,XDC,V,N,T0107,2019-Q3,46356745.6,,,F,1,A,6,CLP
OECD.SDD.NAD:DSD_NAMAIN1@DF_QNA_INC_SAV(1.1),Q,N,CHL,S1,S1,B6G,_Z,_Z,_Z,XDC,V,N,T0107,2019-Q2,47070051.7,,,F,1,A,6,CLP
OECD.SDD.NAD:DSD_NAMAIN1@DF_QNA_INC_SAV(1.1),Q,N,CHL,S1,S1,B6G,_Z,_Z,_Z,XDC,V,N,T0107,2019-Q1,47177258.6,,,F,1,A,6,CLP
OECD.SDD.NAD:DSD_NAMAIN1@DF_QNA_INC_SAV(1.1),Q,N,CHL,S1,S1,B6G,_Z,_Z,_Z,XDC,V,N,T0107,2018-Q4,48924760.4,,,F,1,A,6,CLP
OECD.SDD.NAD:DSD_NAMAIN1@DF_QNA_INC_SAV(1.1),Q,N,CHL,S1,S1,B6G,_Z,_Z,_Z,XDC,V,N,T0107,2018-Q3,44262705.7,,,F,1,A,6,CLP
OECD.SDD.NAD:DSD_NAMAIN1@DF_QNA_INC_SAV(1.1),Q,N,CHL,S1,S1,B6G,_Z,_Z,_Z,XDC,V,N,T0107,2018-Q2,45378694.3,,,F,1,A,6,CLP
OECD.SDD.NAD:DSD_NAMAIN1@DF_QNA_INC_SAV(1.1),Q,N,CHL,S1,S1,B6G,_Z,_Z,_Z,XDC,V,N,T0107,2018-Q1,45216985.7,,,F,1,A,6,CLP
OECD.SDD.NAD:DSD_NAMAIN1@DF_QNA_INC_SAV(1.1),Q,N,CHL,S1,S1,B6N,_Z,_Z,_Z,XDC,V,N,T0107,2008-Q1,22354958.1,,,F,1,A,6,CLP
OECD.SDD.NAD:DSD_NAMAIN1@DF_QNA_INC_SAV(1.1),Q,N,CHL,S1,S1,B6N,_Z,_Z,_Z,XDC,V,N,T0107,2007-Q4,22293699.9,,,F,1,A,6,CLP
OECD.SDD.NAD:DSD_NAMAIN1@DF_QNA_INC_SAV(1.1),Q,N,CHL,S1,S1,B6N,_Z,_Z,_Z,XDC,V,N,T0107,2007-Q3,19989172,,,F,1,A,6,CLP
OECD.SDD.NAD:DSD_NAMAIN1@DF_QNA_INC_SAV(1.1),Q,N,CHL,S1,S1,B6N,_Z,_Z,_Z,XDC,V,N,T0107,2007-Q2,20554805.4,,,F,1,A,6,CLP
OECD.SDD.NAD:DSD_NAMAIN1@DF_QNA_INC_SAV(1.1),Q,N,CHL,S1,S1,B6N,_Z,_Z,_Z,XDC,V,N,T0107,2023-Q2,66471701,,,F,1,A,6,CLP
OECD.SDD.NAD:DSD_NAMAIN1@DF_QNA_INC_SAV(1.1),Q,N,CHL,S1,S1,B6N,_Z,_Z,_Z,XDC,V,N,T0107,2023-Q1,68021996,,,F,1,A,6,CLP
OECD.SDD.NAD:DSD_NAMAIN1@DF_QNA_INC_SAV(1.1),Q,N,CHL,S1,S1,B6N,_Z,_Z,_Z,XDC,V,N,T0107,2022-Q4,67555368.6,,,F,1,A,6,CLP
OECD.SDD.NAD:DSD_NAMAIN1@DF_QNA_INC_SAV(1.1),Q,N,CHL,S1,S1,B6N,_Z,_Z,_Z,XDC,V,N,T0107,2022-Q3,60993144.3,,,F,1,A,6,CLP
OECD.SDD.NAD:DSD_NAMAIN1@DF_QNA_INC_SAV(1.1),Q,N,CHL,S1,S1,B6N,_Z,_Z,_Z,XDC,V,N,T0107,2022-Q2,59510256.2,,,F,1,A,6,CLP
OECD.SDD.NAD:DSD_NAMAIN1@DF_QNA_INC_SAV(1.1),Q,N,CHL,S1,S1,B6N,_Z,_Z,_Z,XDC,V,N,T0107,2022-Q1,61989497.4,,,F,1,A,6,CLP
OECD.SDD.NAD:DSD_NAMAIN1@DF_QNA_INC_SAV(1.1),Q,N,CHL,S1,S1,B6N,_Z,_Z,_Z,XDC,V,N,T0107,2021-Q4,62884943.6,,,F,1,A,6,CLP
OECD.SDD.NAD:DSD_NAMAIN1@DF_QNA_INC_SAV(1.1),Q,N,CHL,S1,S1,B6N,_Z,_Z,_Z,XDC,V,N,T0107,2021-Q3,55588430.3,,,F,1,A,6,CLP
OECD.SDD.NAD:DSD_NAMAIN1@DF_QNA_INC_SAV(1.1),Q,N,CHL,S1,S1,B6N,_Z,_Z,_Z,XDC,V,N,T0107,2021-Q2,52758163.2,,,F,1,A,6,CLP
OECD.SDD.NAD:DSD_NAMAIN1@DF_QNA_INC_SAV(1.1),Q,N,CHL,S1,S1,B6N,_Z,_Z,_Z,XDC,V,N,T0107,2021-Q1,52637691.6,,,F,1,A,6,CLP
OECD.SDD.NAD:DSD_NAMAIN1@DF_QNA_INC_SAV(1.1),Q,N,CHL,S1,S1,B6N,_Z,_Z,_Z,XDC,V,N,T0107,2020-Q4,52851059.3,,,F,1,A,6,CLP
OECD.SDD.NAD:DSD_NAMAIN1@DF_QNA_INC_SAV(1.1),Q,N,CHL,S1,S1,B6N,_Z,_Z,_Z,XDC,V,N,T0107,2020-Q3,44258950.5,,,F,1,A,6,CLP
OECD.SDD.NAD:DSD_NAMAIN1@DF_QNA_INC_SAV(1.1),Q,N,CHL,S1,S1,B6N,_Z,_Z,_Z,XDC,V,N,T0107,2020-Q2,43025029.1,,,F,1,A,6,CLP
OECD.SDD.NAD:DSD_NAMAIN1@DF_QNA_INC_SAV(1.1),Q,N,CHL,S1,S1,B6N,_Z,_Z,_Z,XDC,V,N,T0107,2020-Q1,48256674.8,,,F,1,A,6,CLP
OECD.SDD.NAD:DSD_NAMAIN1@DF_QNA_INC_SAV(1.1),Q,N,CHL,S1,S1,B6N,_Z,_Z,_Z,XDC,V,N,T0107,2019-Q4,48995821.2,,,F,1,A,6,CLP
OECD.SDD.NAD:DSD_NAMAIN1@DF_QNA_INC_SAV(1.1),Q,N,CHL,S1,S1,B6N,_Z,_Z,_Z,XDC,V,N,T0107,2019-Q3,45780261.5,,,F,1,A,6,CLP
OECD.SDD.NAD:DSD_NAMAIN1@DF_QNA_INC_SAV(1.1),Q,N,CHL,S1,S1,B6N,_Z,_Z,_Z,XDC,V,N,T0107,2019-Q2,46843844.2,,,F,1,A,6,CLP
OECD.SDD.NAD:DSD_NAMAIN1@DF_QNA_INC_SAV(1.1),Q,N,CHL,S1,S1,B6N,_Z,_Z,_Z,XDC,V,N,T0107,2019-Q1,47329553.4,,,F,1,A,6,CLP
OECD.SDD.NAD:DSD_NAMAIN1@DF_QNA_INC_SAV(1.1),Q,N,CHL,S1,S1,B6N,_Z,_Z,_Z,XDC,V,N,T0107,2018-Q4,48636061,,,F,1,A,6,CLP
OECD.SDD.NAD:DSD_NAMAIN1@DF_QNA_INC_SAV(1.1),Q,N,CHL,S1,S1,B6N,_Z,_Z,_Z,XDC,V,N,T0107,2018-Q3,43622176.9,,,F,1,A,6,CLP
OECD.SDD.NAD:DSD_NAMAIN1@DF_QNA_INC_SAV(1.1),Q,N,CHL,S1,S1,B6N,_Z,_Z,_Z,XDC,V,N,T0107,2018-Q2,45261102.8,,,F,1,A,6,CLP
OECD.SDD.NAD:DSD_NAMAIN1@DF_QNA_INC_SAV(1.1),Q,N,CHL,S1,S1,B6N,_Z,_Z,_Z,XDC,V,N,T0107,2011-Q4,29849119.1,,,F,1,A,6,CLP
OECD.SDD.NAD:DSD_NAMAIN1@DF_QNA_INC_SAV(1.1),Q,N,CHL,S1,S1,B6N,_Z,_Z,_Z,XDC,V,N,T0107,2011-Q3,26851947.8,,,F,1,A,6,CLP
OECD.SDD.NAD:DSD_NAMAIN1@DF_QNA_INC_SAV(1.1),Q,N,CHL,S1,S1,B6N,_Z,_Z,_Z,XDC,V,N,T0107,2011-Q2,27969738.2,,,F,1,A,6,CLP
OECD.SDD.NAD:DSD_NAMAIN1@DF_QNA_INC_SAV(1.1),Q,N,CHL,S1,S1,B6N,_Z,_Z,_Z,XDC,V,N,T0107,2011-Q1,27314406.3,,,F,1,A,6,CLP
OECD.SDD.NAD:DSD_NAMAIN1@DF_QNA_INC_SAV(1.1),Q,N,CHL,S1,S1,B6N,_Z,_Z,_Z,XDC,V,N,T0107,2010-Q4,29488398.2,,,F,1,A,6,CLP
OECD.SDD.NAD:DSD_NAMAIN1@DF_QNA_INC_SAV(1.1),Q,N,CHL,S1,S1,B6N,_Z,_Z,_Z,XDC,V,N,T0107,2010-Q3,25687505.8,,,F,1,A,6,CLP
OECD.SDD.NAD:DSD_NAMAIN1@DF_QNA_INC_SAV(1.1),Q,N,CHL,S1,S1,B6N,_Z,_Z,_Z,XDC,V,N,T0107,2010-Q2,25748139.3,,,F,1,A,6,CLP
OECD.SDD.NAD:DSD_NAMAIN1@DF_QNA_INC_SAV(1.1),Q,N,CHL,S1,S1,B6N,_Z,_Z,_Z,XDC,V,N,T0107,2010-Q1,24086314.5,,,F,1,A,6,CLP
OECD.SDD.NAD:DSD_NAMAIN1@DF_QNA_INC_SAV(1.1),Q,N,CHL,S1,S1,B6N,_Z,_Z,_Z,XDC,V,N,T0107,2009-Q4,24603840,,,F,1,A,6,CLP
OECD.SDD.NAD:DSD_NAMAIN1@DF_QNA_INC_SAV(1.1),Q,N,CHL,S1,S1,B6N,_Z,_Z,_Z,XDC,V,N,T0107,2009-Q3,21425101.5,,,F,1,A,6,CLP
OECD.SDD.NAD:DSD_NAMAIN1@DF_QNA_INC_SAV(1.1),Q,N,CHL,S1,S1,B6N,_Z,_Z,_Z,XDC,V,N,T0107,2009-Q2,22190060,,,F,1,A,6,CLP
OECD.SDD.NAD:DSD_NAMAIN1@DF_QNA_INC_SAV(1.1),Q,N,CHL,S1,S1,B6N,_Z,_Z,_Z,XDC,V,N,T0107,2002-Q1,11646819.6,,,F,1,A,6,CLP
OECD.SDD.NAD:DSD_NAMAIN1@DF_QNA_INC_SAV(1.1),Q,N,CHL,S1,S1,B6N,_Z,_Z,_Z,XDC,V,N,T0107,2001-Q4,11667979.2,,,F,1,A,6,CLP
OECD.SDD.NAD:DSD_NAMAIN1@DF_QNA_INC_SAV(1.1),Q,N,CHL,S1,S1,B6N,_Z,_Z,_Z,XDC,V,N,T0107,2001-Q3,10691745.1,,,F,1,A,6,CLP
OECD.SDD.NAD:DSD_NAMAIN1@DF_QNA_INC_SAV(1.1),Q,N,CHL,S1,S1,B6N,_Z,_Z,_Z,XDC,V,N,T0107,2001-Q2,10943890.6,,,F,1,A,6,CLP
OECD.SDD.NAD:DSD_NAMAIN1@DF_QNA_INC_SAV(1.1),Q,N,CHL,S1,S1,B6N,_Z,_Z,_Z,XDC,V,N,T0107,2001-Q1,10884861.8,,,F,1,A,6,CLP
OECD.SDD.NAD:DSD_NAMAIN1@DF_QNA_INC_SAV(1.1),Q,N,CHL,S1,S1,B6N,_Z,_Z,_Z,XDC,V,N,T0107,2000-Q4,10771568.2,,,F,1,A,6,CLP
OECD.SDD.NAD:DSD_NAMAIN1@DF_QNA_INC_SAV(1.1),Q,N,CHL,S1,S1,B6N,_Z,_Z,_Z,XDC,V,N,T0107,2000-Q3,9856292.5,,,F,1,A,6,CLP
OECD.SDD.NAD:DSD_NAMAIN1@DF_QNA_INC_SAV(1.1),Q,N,CHL,S1,S1,B6N,_Z,_Z,_Z,XDC,V,N,T0107,2000-Q2,10035379.3,,,F,1,A,6,CLP
OECD.SDD.NAD:DSD_NAMAIN1@DF_QNA_INC_SAV(1.1),Q,N,CHL,S1,S1,B6N,_Z,_Z,_Z,XDC,V,N,T0107,2000-Q1,10377611.8,,,F,1,A,6,CLP
OECD.SDD.NAD:DSD_NAMAIN1@DF_QNA_INC_SAV(1.1),Q,N,CHL,S1,S1,B6N,_Z,_Z,_Z,XDC,V,N,T0107,2025-Q4,87599312.9,,,F,1,A,6,CLP
OECD.SDD.NAD:DSD_NAMAIN1@DF_QNA_INC_SAV(1.1),Q,N,CHL,S1,S1,B6N,_Z,_Z,_Z,XDC,V,N,T0107,2025-Q3,78327668.5,,,F,1,A,6,CLP
OECD.SDD.NAD:DSD_NAMAIN1@DF_QNA_INC_SAV(1.1),Q,N,CHL,S1,S1,B6N,_Z,_Z,_Z,XDC,V,N,T0107,2005-Q3,15556590.9,,,F,1,A,6,CLP
OECD.SDD.NAD:DSD_NAMAIN1@DF_QNA_INC_SAV(1.1),Q,N,CHL,S1,S1,B6N,_Z,_Z,_Z,XDC,V,N,T0107,2005-Q2,15598511,,,F,1,A,6,CLP
OECD.SDD.NAD:DSD_NAMAIN1@DF_QNA_INC_SAV(1.1),Q,N,CHL,S1,S1,B6N,_Z,_Z,_Z,XDC,V,N,T0107,2007-Q1,19960740.6,,,F,1,A,6,CLP
OECD.SDD.NAD:DSD_NAMAIN1@DF_QNA_INC_SAV(1.1),Q,N,CHL,S1,S1,B6N,_Z,_Z,_Z,XDC,V,N,T0107,2006-Q4,20432471.6,,,F,1,A,6,CLP
OECD.SDD.NAD:DSD_NAMAIN1@DF_QNA_INC_SAV(1.1),Q,N,CHL,S1,S1,B6N,_Z,_Z,_Z,XDC,V,N,T0107,2006-Q3,18182381.5,,,F,1,A,6,CLP
OECD.SDD.NAD:DSD_NAMAIN1@DF_QNA_INC_SAV(1.1),Q,N,CHL,S1,S1,B6N,_Z,_Z,_Z,XDC,V,N,T0107,2006-Q2,18746283.6,,,F,1,A,6,CLP
OECD.SDD.NAD:DSD_NAMAIN1@DF_QNA_INC_SAV(1.1),Q,N,CHL,S1,S1,B6N,_Z,_Z,_Z,XDC,V,N,T0107,2006-Q1,17262955.3,,,F,1,A,6,CLP
OECD.SDD.NAD:DSD_NAMAIN1@DF_QNA_INC_SAV(1.1),Q,N,CHL,S1,S1,B6N,_Z,_Z,_Z,XDC,V,N,T0107,2005-Q4,17594601,,,F,1,A,6,CLP
OECD.SDD.NAD:DSD_NAMAIN1@DF_QNA_INC_SAV(1.1),Q,N,CHL,S1,S1,B6N,_Z,_Z,_Z,XDC,V,N,T0107,2003-Q2,12518519,,,F,1,A,6,CLP
OECD.SDD.NAD:DSD_NAMAIN1@DF_QNA_INC_SAV(1.1),Q,N,CHL,S1,S1,B6N,_Z,_Z,_Z,XDC,V,N,T0107,2003-Q1,12450939.2,,,F,1,A,6,CLP
OECD.SDD.NAD:DSD_NAMAIN1@DF_QNA_INC_SAV(1.1),Q,N,CHL,S1,S1,B6N,_Z,_Z,_Z,XDC,V,N,T0107,2002-Q4,12423609.4,,,F,1,A,6,CLP
OECD.SDD.NAD:DSD_NAMAIN1@DF_QNA_INC_SAV(1.1),Q,N,CHL,S1,S1,B6N,_Z,_Z,_Z,XDC,V,N,T0107,2002-Q3,11354470.6,,,F,1,A,6,CLP
OECD.SDD.NAD:DSD_NAMAIN1@DF_QNA_INC_SAV(1.1),Q,N,CHL,S1,S1,B6N,_Z,_Z,_Z,XDC,V,N,T0107,2002-Q2,11542839.2,,,F,1,A,6,CLP
OECD.SDD.NAD:DSD_NAMAIN1@DF_QNA_INC_SAV(1.1),Q,N,CHL,S1,S1,B6N,_Z,_Z,_Z,XDC,V,N,T0107,2003-Q3,12121436.5,,,F,1,A,6,CLP
OECD.SDD.NAD:DSD_NAMAIN1@DF_QNA_INC_SAV(1.1),Q,N,CHL,S1,S1,B6N,_Z,_Z,_Z,XDC,V,N,T0107,2005-Q1,15336221.2,,,F,1,A,6,CLP
OECD.SDD.NAD:DSD_NAMAIN1@DF_QNA_INC_SAV(1.1),Q,N,CHL,S1,S1,B6N,_Z,_Z,_Z,XDC,V,N,T0107,2004-Q4,15343521.2,,,F,1,A,6,CLP
OECD.SDD.NAD:DSD_NAMAIN1@DF_QNA_INC_SAV(1.1),Q,N,CHL,S1,S1,B6N,_Z,_Z,_Z,XDC,V,N,T0107,2004-Q3,13703512.3,,,F,1,A,6,CLP
OECD.SDD.NAD:DSD_NAMAIN1@DF_QNA_INC_SAV(1.1),Q,N,CHL,S1,S1,B6N,_Z,_Z,_Z,XDC,V,N,T0107,2004-Q2,13943096.6,,,F,1,A,6,CLP
OECD.SDD.NAD:DSD_NAMAIN1@DF_QNA_INC_SAV(1.1),Q,N,CHL,S1,S1,B6N,_Z,_Z,_Z,XDC,V,N,T0107,2004-Q1,13625498.1,,,F,1,A,6,CLP
OECD.SDD.NAD:DSD_NAMAIN1@DF_QNA_INC_SAV(1.1),Q,N,CHL,S1,S1,B6N,_Z,_Z,_Z,XDC,V,N,T0107,2003-Q4,13555999.4,,,F,1,A,6,CLP
OECD.SDD.NAD:DSD_NAMAIN1@DF_QNA_INC_SAV(1.1),Q,N,CHL,S1,S1,B6G,_Z,_Z,_Z,XDC,V,N,T0107,2008-Q3,20967309.1,,,F,1,A,6,CLP
OECD.SDD.NAD:DSD_NAMAIN1@DF_QNA_INC_SAV(1.1),Q,N,CHL,S1,S1,B6G,_Z,_Z,_Z,XDC,V,N,T0107,2008-Q2,22259220.1,,,F,1,A,6,CLP
OECD.SDD.NAD:DSD_NAMAIN1@DF_QNA_INC_SAV(1.1),Q,N,CHL,S1,S1,B6G,_Z,_Z,_Z,XDC,V,N,T0107,2008-Q1,22000237.7,,,F,1,A,6,CLP
OECD.SDD.NAD:DSD_NAMAIN1@DF_QNA_INC_SAV(1.1),Q,N,CHL,S1,S1,B6G,_Z,_Z,_Z,XDC,V,N,T0107,2007-Q4,22128994.7,,,F,1,A,6,CLP
OECD.SDD.NAD:DSD_NAMAIN1@DF_QNA_INC_SAV(1.1),Q,N,CHL,S1,S1,B6G,_Z,_Z,_Z,XDC,V,N,T0107,2007-Q3,19915615,,,F,1,A,6,CLP
OECD.SDD.NAD:DSD_NAMAIN1@DF_QNA_INC_SAV(1.1),Q,N,CHL,S1,S1,B6G,_Z,_Z,_Z,XDC,V,N,T0107,2007-Q2,20147807.2,,,F,1,A,6,CLP
OECD.SDD.NAD:DSD_NAMAIN1@DF_QNA_INC_SAV(1.1),Q,N,CHL,S1,S1,B6G,_Z,_Z,_Z,XDC,V,N,T0107,2007-Q1,20055686.5,,,F,1,A,6,CLP
OECD.SDD.NAD:DSD_NAMAIN1@DF_QNA_INC_SAV(1.1),Q,N,CHL,S1,S1,B6G,_Z,_Z,_Z,XDC,V,N,T0107,2006-Q4,20185025.2,,,F,1,A,6,CLP
OECD.SDD.NAD:DSD_NAMAIN1@DF_QNA_INC_SAV(1.1),Q,N,CHL,S1,S1,B6G,_Z,_Z,_Z,XDC,V,N,T0107,2006-Q3,17947701.5,,,F,1,A,6,CLP
OECD.SDD.NAD:DSD_NAMAIN1@DF_QNA_INC_SAV(1.1),Q,N,CHL,S1,S1,B6N,_Z,_Z,_Z,XDC,V,N,T0107,2026-Q2,82606104.3,,,F,1,A,6,CLP
OECD.SDD.NAD:DSD_NAMAIN1@DF_QNA_INC_SAV(1.1),Q,N,CHL,S1,S1,B6N,_Z,_Z,_Z,XDC,V,N,T0107,2026-Q1,84446433.2,,,F,1,A,6,CLP
OECD.SDD.NAD:DSD_NAMAIN1@DF_QNA_INC_SAV(1.1),Q,N,CHL,S1,S1,B6N,_Z,_Z,_Z,XDC,V,N,T0107,2014-Q2,35140304.9,,,F,1,A,6,CLP
OECD.SDD.NAD:DSD_NAMAIN1@DF_QNA_INC_SAV(1.1),Q,N,CHL,S1,S1,B6N,_Z,_Z,_Z,XDC,V,N,T0107,2014-Q1,34286325.8,,,F,1,A,6,CLP
OECD.SDD.NAD:DSD_NAMAIN1@DF_QNA_INC_SAV(1.1),Q,N,CHL,S1,S1,B6N,_Z,_Z,_Z,XDC,V,N,T0107,2013-Q4,35448501.6,,,F,1,A,6,CLP
OECD.SDD.NAD:DSD_NAMAIN1@DF_QNA_INC_SAV(1.1),Q,N,CHL,S1,S1,B6N,_Z,_Z,_Z,XDC,V,N,T0107,2013-Q3,31718139.5,,,F,1,A,6,CLP
OECD.SDD.NAD:DSD_NAMAIN1@DF_QNA_INC_SAV(1.1),Q,N,CHL,S1,S1,B6N,_Z,_Z,_Z,XDC,V,N,T0107,2013-Q2,32600431.8,,,F,1,A,6,CLP
OECD.SDD.NAD:DSD_NAMAIN1@DF_QNA_INC_SAV(1.1),Q,N,CHL,S1,S1,B6N,_Z,_Z,_Z,XDC,V,N,T0107,2013-Q1,32288081,,,F,1,A,6,CLP
OECD.SDD.NAD:DSD_NAMAIN1@DF_QNA_INC_SAV(1.1),Q,N,CHL,S1,S1,B6N,_Z,_Z,_Z,XDC,V,N,T0107,2012-Q4,33270422.3,,,F,1,A,6,CLP
OECD.SDD.NAD:DSD_NAMAIN1@DF_QNA_INC_SAV(1.1),Q,N,CHL,S1,S1,B6N,_Z,_Z,_Z,XDC,V,N,T0107,2025-Q2,78405711.6,,,F,1,A,6,CLP
OECD.SDD.NAD:DSD_NAMAIN1@DF_QNA_INC_SAV(1.1),Q,N,CHL,S1,S1,B6N,_Z,_Z,_Z,XDC,V,N,T0107,2025-Q1,77444742.4,,,F,1,A,6,CLP
OECD.SDD.NAD:DSD_NAMAIN1@DF_QNA_INC_SAV(1.1),Q,N,CHL,S1,S1,B6N,_Z,_Z,_Z,XDC,V,N,T0107,2024-Q4,80734750.1,,,F,1,A,6,CLP
OECD.SDD.NAD:DSD_NAMAIN1@DF_QNA_INC_SAV(1.1),Q,N,CHL,S1,S1,B6N,_Z,_Z,_Z,XDC,V,N,T0107,2024-Q3,71457445.8,,,F,1,A,6,CLP
OECD.SDD.NAD:DSD_NAMAIN1@DF_QNA_INC_SAV(1.1),Q,N,CHL,S1,S1,B6N,_Z,_Z,_Z,XDC,V,N,T0107,2024-Q2,70588209,,,F,1,A,6,CLP
OECD.SDD.NAD:DSD_NAMAIN1@DF_QNA_INC_SAV(1.1),Q,N,CHL,S1,S1,B6N,_Z,_Z,_Z,XDC,V,N,T0107,2024-Q1,73469763.1,,,F,1,A,6,CLP
OECD.SDD.NAD:DSD_NAMAIN1@DF_QNA_INC_SAV(1.1),Q,N,CHL,S1,S1,B6N,_Z,_Z,_Z,XDC,V,N,T0107,2023-Q4,72048489.1,,,F,1,A,6,CLP
OECD.SDD.NAD:DSD_NAMAIN1@DF_QNA_INC_SAV(1.1),Q,N,CHL,S1,S1,B6N,_Z,_Z,_Z,XDC,V,N,T0107,2023-Q3,64194645.3,,,F,1,A,6,CLP
OECD.SDD.NAD:DSD_NAMAIN1@DF_QNA_INC_SAV(1.1),Q,N,CHL,S1,S1,B6N,_Z,_Z,_Z,XDC,V,N,T0107,2018-Q1,45379922.5,,,F,1,A,6,CLP
OECD.SDD.NAD:DSD_NAMAIN1@DF_QNA_INC_SAV(1.1),Q,N,CHL,S1,S1,B6N,_Z,_Z,_Z,XDC,V,N,T0107,2017-Q4,46595173.3,,,F,1,A,6,CLP
OECD.SDD.NAD:DSD_NAMAIN1@DF_QNA_INC_SAV(1.1),Q,N,CHL,S1,S1,B6N,_Z,_Z,_Z,XDC,V,N,T0107,2017-Q3,41954790.8,,,F,1,A,6,CLP
OECD.SDD.NAD:DSD_NAMAIN1@DF_QNA_INC_SAV(1.1),Q,N,CHL,S1,S1,B6N,_Z,_Z,_Z,XDC,V,N,T0107,2017-Q2,42206444.2,,,F,1,A,6,CLP
OECD.SDD.NAD:DSD_NAMAIN1@DF_QNA_INC_SAV(1.1),Q,N,CHL,S1,S1,B6N,_Z,_Z,_Z,XDC,V,N,T0107,2017-Q1,42465639.5,,,F,1,A,6,CLP
OECD.SDD.NAD:DSD_NAMAIN1@DF_QNA_INC_SAV(1.1),Q,N,CHL,S1,S1,B6N,_Z,_Z,_Z,XDC,V,N,T0107,2016-Q4,43732551.1,,,F,1,A,6,CLP
OECD.SDD.NAD:DSD_NAMAIN1@DF_QNA_INC_SAV(1.1),Q,N,CHL,S1,S1,B6N,_Z,_Z,_Z,XDC,V,N,T0107,2016-Q3,39763011.8,,,F,1,A,6,CLP
OECD.SDD.NAD:DSD_NAMAIN1@DF_QNA_INC_SAV(1.1),Q,N,CHL,S1,S1,B6N,_Z,_Z,_Z,XDC,V,N,T0107,2016-Q2,40026645.4,,,F,1,A,6,CLP
OECD.SDD.NAD:DSD_NAMAIN1@DF_QNA_INC_SAV(1.1),Q,N,CHL,S1,S1,B6N,_Z,_Z,_Z,XDC,V,N,T0107,2016-Q1,41242815,,,F,1,A,6,CLP
OECD.SDD.NAD:DSD_NAMAIN1@DF_QNA_INC_SAV(1.1),Q,N,CHL,S1,S1,B6N,_Z,_Z,_Z,XDC,V,N,T0107,2015-Q4,41423718.7,,,F,1,A,6,CLP
OECD.SDD.NAD:DSD_NAMAIN1@DF_QNA_INC_SAV(1.1),Q,N,CHL,S1,S1,B6N,_Z,_Z,_Z,XDC,V,N,T0107,2015-Q3,37516288.6,,,F,1,A,6,CLP
OECD.SDD.NAD:DSD_NAMAIN1@DF_QNA_INC_SAV(1.1),Q,N,CHL,S1,S1,B6N,_Z,_Z,_Z,XDC,V,N,T0107,2015-Q2,38324020.2,,,F,1,A,6,CLP
OECD.SDD.NAD:DSD_NAMAIN1@DF_QNA_INC_SAV(1.1),Q,N,CHL,S1,S1,B6N,_Z,_Z,_Z,XDC,V,N,T0107,2015-Q1,38416699.5,,,F,1,A,6,CLP
OECD.SDD.NAD:DSD_NAMAIN1@DF_QNA_INC_SAV(1.1),Q,N,CHL,S1,S1,B6N,_Z,_Z,_Z,XDC,V,N,T0107,2014-Q4,38647111.7,,,F,1,A,6,CLP
OECD.SDD.NAD:DSD_NAMAIN1@DF_QNA_INC_SAV(1.1),Q,N,CHL,S1,S1,B6N,_Z,_Z,_Z,XDC,V,N,T0107,2014-Q3,34222501.6,,,F,1,A,6,CLP
OECD.SDD.NAD:DSD_NAMAIN1@DF_QNA_INC_SAV(1.1),Q,N,CHL,S1,S1,B6N,_Z,_Z,_Z,XDC,V,N,T0107,2012-Q3,29551740,,,F,1,A,6,CLP
OECD.SDD.NAD:DSD_NAMAIN1@DF_QNA_INC_SAV(1.1),Q,N,CHL,S1,S1,B6N,_Z,_Z,_Z,XDC,V,N,T0107,2012-Q2,30480333.2,,,F,1,A,6,CLP
OECD.SDD.NAD:DSD_NAMAIN1@DF_QNA_INC_SAV(1.1),Q,N,CHL,S1,S1,B6N,_Z,_Z,_Z,XDC,V,N,T0107,2012-Q1,30397950.9,,,F,1,A,6,CLP
OECD.SDD.NAD:DSD_NAMAIN1@DF_QNA_INC_SAV(1.1),Q,N,CHL,S1,S1,B6N,_Z,_Z,_Z,XDC,V,N,T0107,2009-Q1,22009076.9,,,F,1,A,6,CLP
OECD.SDD.NAD:DSD_NAMAIN1@DF_QNA_INC_SAV(1.1),Q,N,CHL,S1,S1,B6N,_Z,_Z,_Z,XDC,V,N,T0107,2008-Q4,22451767.1,,,F,1,A,6,CLP
OECD.SDD.NAD:DSD_NAMAIN1@DF_QNA_INC_SAV(1.1),Q,N,CZE,S1,S1,B6N,_Z,_Z,_Z,XDC,V,N,T0107,2009-Q3,696394,,,F,1,A,6,CZK
OECD.SDD.NAD:DSD_NAMAIN1@DF_QNA_INC_SAV(1.1),Q,N,CZE,S1,S1,B6N,_Z,_Z,_Z,XDC,V,N,T0107,2022-Q4,1461170,,,F,1,A,6,CZK
OECD.SDD.NAD:DSD_NAMAIN1@DF_QNA_INC_SAV(1.1),Q,N,CZE,S1,S1,B6N,_Z,_Z,_Z,XDC,V,N,T0107,2022-Q3,1153402,,,F,1,A,6,CZK
OECD.SDD.NAD:DSD_NAMAIN1@DF_QNA_INC_SAV(1.1),Q,N,CZE,S1,S1,B6N,_Z,_Z,_Z,XDC,V,N,T0107,2022-Q2,1282723,,,F,1,A,6,CZK
OECD.SDD.NAD:DSD_NAMAIN1@DF_QNA_INC_SAV(1.1),Q,N,CZE,S1,S1,B6N,_Z,_Z,_Z,XDC,V,N,T0107,2024-Q4,1617656,,,F,1,A,6,CZK
OECD.SDD.NAD:DSD_NAMAIN1@DF_QNA_INC_SAV(1.1),Q,N,CZE,S1,S1,B6N,_Z,_Z,_Z,XDC,V,N,T0107,2024-Q3,1539347,,,F,1,A,6,CZK
OECD.SDD.NAD:DSD_NAMAIN1@DF_QNA_INC_SAV(1.1),Q,N,CZE,S1,S1,B6N,_Z,_Z,_Z,XDC,V,N,T0107,2024-Q2,1362410,,,F,1,A,6,CZK
OECD.SDD.NAD:DSD_NAMAIN1@DF_QNA_INC_SAV(1.1),Q,N,CZE,S1,S1,B6N,_Z,_Z,_Z,XDC,V,N,T0107,2024-Q1,1413648,,,F,1,A,6,CZK
OECD.SDD.NAD:DSD_NAMAIN1@DF_QNA_INC_SAV(1.1),Q,N,CZE,S1,S1,B6N,_Z,_Z,_Z,XDC,V,N,T0107,2023-Q4,1527910,,,F,1,A,6,CZK
OECD.SDD.NAD:DSD_NAMAIN1@DF_QNA_INC_SAV(1.1),Q,N,CZE,S1,S1,B6N,_Z,_Z,_Z,XDC,V,N,T0107,2023-Q3,1477288,,,F,1,A,6,CZK
OECD.SDD.NAD:DSD_NAMAIN1@DF_QNA_INC_SAV(1.1),Q,N,CZE,S1,S1,B6N,_Z,_Z,_Z,XDC,V,N,T0107,2023-Q2,1246907,,,F,1,A,6,CZK
OECD.SDD.NAD:DSD_NAMAIN1@DF_QNA_INC_SAV(1.1),Q,N,CZE,S1,S1,B6N,_Z,_Z,_Z,XDC,V,N,T0107,2023-Q1,1356898,,,F,1,A,6,CZK
OECD.SDD.NAD:DSD_NAMAIN1@DF_QNA_INC_SAV(1.1),Q,N,CZE,S1,S1,B6N,_Z,_Z,_Z,XDC,V,N,T0107,2018-Q3,1010578,,,F,1,A,6,CZK
OECD.SDD.NAD:DSD_NAMAIN1@DF_QNA_INC_SAV(1.1),Q,N,CZE,S1,S1,B6N,_Z,_Z,_Z,XDC,V,N,T0107,2018-Q2,1029246,,,F,1,A,6,CZK
OECD.SDD.NAD:DSD_NAMAIN1@DF_QNA_INC_SAV(1.1),Q,N,CZE,S1,S1,B6N,_Z,_Z,_Z,XDC,V,N,T0107,2018-Q1,890449,,,F,1,A,6,CZK
OECD.SDD.NAD:DSD_NAMAIN1@DF_QNA_INC_SAV(1.1),Q,N,CZE,S1,S1,B6N,_Z,_Z,_Z,XDC,V,N,T0107,2017-Q4,994400,,,F,1,A,6,CZK
OECD.SDD.NAD:DSD_NAMAIN1@DF_QNA_INC_SAV(1.1),Q,N,CZE,S1,S1,B6N,_Z,_Z,_Z,XDC,V,N,T0107,2017-Q3,942152,,,F,1,A,6,CZK
OECD.SDD.NAD:DSD_NAMAIN1@DF_QNA_INC_SAV(1.1),Q,N,CZE,S1,S1,B6N,_Z,_Z,_Z,XDC,V,N,T0107,2017-Q2,991073,,,F,1,A,6,CZK
OECD.SDD.NAD:DSD_NAMAIN1@DF_QNA_INC_SAV(1.1),Q,N,CZE,S1,S1,B6N,_Z,_Z,_Z,XDC,V,N,T0107,2017-Q1,819813,,,F,1,A,6,CZK
OECD.SDD.NAD:DSD_NAMAIN1@DF_QNA_INC_SAV(1.1),Q,N,CZE,S1,S1,B6N,_Z,_Z,_Z,XDC,V,N,T0107,2016-Q4,907415,,,F,1,A,6,CZK
OECD.SDD.NAD:DSD_NAMAIN1@DF_QNA_INC_SAV(1.1),Q,N,CZE,S1,S1,B6N,_Z,_Z,_Z,XDC,V,N,T0107,2016-Q3,842014,,,F,1,A,6,CZK
OECD.SDD.NAD:DSD_NAMAIN1@DF_QNA_INC_SAV(1.1),Q,N,CZE,S1,S1,B6N,_Z,_Z,_Z,XDC,V,N,T0107,2022-Q1,1217414,,,F,1,A,6,CZK
OECD.SDD.NAD:DSD_NAMAIN1@DF_QNA_INC_SAV(1.1),Q,N,CZE,S1,S1,B6N,_Z,_Z,_Z,XDC,V,N,T0107,2021-Q4,1286967,,,F,1,A,6,CZK
OECD.SDD.NAD:DSD_NAMAIN1@DF_QNA_INC_SAV(1.1),Q,N,CZE,S1,S1,B6N,_Z,_Z,_Z,XDC,V,N,T0107,2021-Q3,1173978,,,F,1,A,6,CZK
OECD.SDD.NAD:DSD_NAMAIN1@DF_QNA_INC_SAV(1.1),Q,N,CZE,S1,S1,B6N,_Z,_Z,_Z,XDC,V,N,T0107,2021-Q2,1149110,,,F,1,A,6,CZK
OECD.SDD.NAD:DSD_NAMAIN1@DF_QNA_INC_SAV(1.1),Q,N,CZE,S1,S1,B6N,_Z,_Z,_Z,XDC,V,N,T0107,2021-Q1,1018637,,,F,1,A,6,CZK
OECD.SDD.NAD:DSD_NAMAIN1@DF_QNA_INC_SAV(1.1),Q,N,CZE,S1,S1,B6N,_Z,_Z,_Z,XDC,V,N,T0107,2020-Q4,1191289,,,F,1,A,6,CZK
OECD.SDD.NAD:DSD_NAMAIN1@DF_QNA_INC_SAV(1.1),Q,N,CZE,S1,S1,B6N,_Z,_Z,_Z,XDC,V,N,T0107,2020-Q3,1083697,,,F,1,A,6,CZK
OECD.SDD.NAD:DSD_NAMAIN1@DF_QNA_INC_SAV(1.1),Q,N,CZE,S1,S1,B6N,_Z,_Z,_Z,XDC,V,N,T0107,2020-Q2,916491,,,F,1,A,6,CZK
OECD.SDD.NAD:DSD_NAMAIN1@DF_QNA_INC_SAV(1.1),Q,N,CZE,S1,S1,B6N,_Z,_Z,_Z,XDC,V,N,T0107,2025-Q1,1393172,,,F,1,A,6,CZK
OECD.SDD.NAD:DSD_NAMAIN1@DF_QNA_INC_SAV(1.1),Q,N,CZE,S1,S1,B6N,_Z,_Z,_Z,XDC,V,N,T0107,2009-Q2,658651,,,F,1,A,6,CZK
OECD.SDD.NAD:DSD_NAMAIN1@DF_QNA_INC_SAV(1.1),Q,N,CZE,S1,S1,B6N,_Z,_Z,_Z,XDC,V,N,T0107,2009-Q1,659056,,,F,1,A,6,CZK
OECD.SDD.NAD:DSD_NAMAIN1@DF_QNA_INC_SAV(1.1),Q,N,CZE,S1,S1,B6N,_Z,_Z,_Z,XDC,V,N,T0107,2008-Q4,763837,,,F,1,A,6,CZK
OECD.SDD.NAD:DSD_NAMAIN1@DF_QNA_INC_SAV(1.1),Q,N,CZE,S1,S1,B6N,_Z,_Z,_Z,XDC,V,N,T0107,2008-Q3,769356,,,F,1,A,6,CZK
OECD.SDD.NAD:DSD_NAMAIN1@DF_QNA_INC_SAV(1.1),Q,N,CZE,S1,S1,B6N,_Z,_Z,_Z,XDC,V,N,T0107,2008-Q2,694638,,,F,1,A,6,CZK
OECD.SDD.NAD:DSD_NAMAIN1@DF_QNA_INC_SAV(1.1),Q,N,CZE,S1,S1,B6N,_Z,_Z,_Z,XDC,V,N,T0107,2008-Q1,693698,,,F,1,A,6,CZK
OECD.SDD.NAD:DSD_NAMAIN1@DF_QNA_INC_SAV(1.1),Q,N,CZE,S1,S1,B6N,_Z,_Z,_Z,XDC,V,N,T0107,2015-Q3,838237,,,F,1,A,6,CZK
OECD.SDD.NAD:DSD_NAMAIN1@DF_QNA_INC_SAV(1.1),Q,N,CZE,S1,S1,B6N,_Z,_Z,_Z,XDC,V,N,T0107,2015-Q2,825379,,,F,1,A,6,CZK
OECD.SDD.NAD:DSD_NAMAIN1@DF_QNA_INC_SAV(1.1),Q,N,CZE,S1,S1,B6N,_Z,_Z,_Z,XDC,V,N,T0107,2015-Q1,741474,,,F,1,A,6,CZK
OECD.SDD.NAD:DSD_NAMAIN1@DF_QNA_INC_SAV(1.1),Q,N,CZE,S1,S1,B6N,_Z,_Z,_Z,XDC,V,N,T0107,2014-Q4,849808,,,F,1,A,6,CZK
OECD.SDD.NAD:DSD_NAMAIN1@DF_QNA_INC_SAV(1.1),Q,N,CZE,S1,S1,B6N,_Z,_Z,_Z,XDC,V,N,T0107,2014-Q3,789869,,,F,1,A,6,CZK
OECD.SDD.NAD:DSD_NAMAIN1@DF_QNA_INC_SAV(1.1),Q,N,CZE,S1,S1,B6N,_Z,_Z,_Z,XDC,V,N,T0107,2014-Q2,759235,,,F,1,A,6,CZK
OECD.SDD.NAD:DSD_NAMAIN1@DF_QNA_INC_SAV(1.1),Q,N,CZE,S1,S1,B6N,_Z,_Z,_Z,XDC,V,N,T0107,2014-Q1,709839,,,F,1,A,6,CZK
OECD.SDD.NAD:DSD_NAMAIN1@DF_QNA_INC_SAV(1.1),Q,N,CZE,S1,S1,B6N,_Z,_Z,_Z,XDC,V,N,T0107,2013-Q4,813029,,,F,1,A,6,CZK
OECD.SDD.NAD:DSD_NAMAIN1@DF_QNA_INC_SAV(1.1),Q,N,CZE,S1,S1,B6N,_Z,_Z,_Z,XDC,V,N,T0107,2013-Q3,762342,,,F,1,A,6,CZK
OECD.SDD.NAD:DSD_NAMAIN1@DF_QNA_INC_SAV(1.1),Q,N,CZE,S1,S1,B6N,_Z,_Z,_Z,XDC,V,N,T0107,2013-Q2,736470,,,F,1,A,6,CZK
OECD.SDD.NAD:DSD_NAMAIN1@DF_QNA_INC_SAV(1.1),Q,N,CZE,S1,S1,B6N,_Z,_Z,_Z,XDC,V,N,T0107,2013-Q1,655572,,,F,1,A,6,CZK
OECD.SDD.NAD:DSD_NAMAIN1@DF_QNA_INC_SAV(1.1),Q,N,CZE,S1,S1,B6N,_Z,_Z,_Z,XDC,V,N,T0107,2012-Q4,791947,,,F,1,A,6,CZK
OECD.SDD.NAD:DSD_NAMAIN1@DF_QNA_INC_SAV(1.1),Q,N,CZE,S1,S1,B6N,_Z,_Z,_Z,XDC,V,N,T0107,2012-Q3,749836,,,F,1,A,6,CZK
OECD.SDD.NAD:DSD_NAMAIN1@DF_QNA_INC_SAV(1.1),Q,N,CZE,S1,S1,B6N,_Z,_Z,_Z,XDC,V,N,T0107,2012-Q2,732250,,,F,1,A,6,CZK
OECD.SDD.NAD:DSD_NAMAIN1@DF_QNA_INC_SAV(1.1),Q,N,CZE,S1,S1,B6N,_Z,_Z,_Z,XDC,V,N,T0107,2012-Q1,657561,,,F,1,A,6,CZK
OECD.SDD.NAD:DSD_NAMAIN1@DF_QNA_INC_SAV(1.1),Q,N,CZE,S1,S1,B6N,_Z,_Z,_Z,XDC,V,N,T0107,2011-Q4,749674,,,F,1,A,6,CZK
OECD.SDD.NAD:DSD_NAMAIN1@DF_QNA_INC_SAV(1.1),Q,N,CZE,S1,S1,B6N,_Z,_Z,_Z,XDC,V,N,T0107,2011-Q3,718213,,,F,1,A,6,CZK
OECD.SDD.NAD:DSD_NAMAIN1@DF_QNA_INC_SAV(1.1),Q,N,CZE,S1,S1,B6N,_Z,_Z,_Z,XDC,V,N,T0107,2011-Q2,759058,,,F,1,A,6,CZK
OECD.SDD.NAD:DSD_NAMAIN1@DF_QNA_INC_SAV(1.1),Q,N,CZE,S1,S1,B6N,_Z,_Z,_Z,XDC,V,N,T0107,2011-Q1,618990,,,F,1,A,6,CZK
OECD.SDD.NAD:DSD_NAMAIN1@DF_QNA_INC_SAV(1.1),Q,N,CZE,S1,S1,B6N,_Z,_Z,_Z,XDC,V,N,T0107,2010-Q4,773785,,,F,1,A,6,CZK
OECD.SDD.NAD:DSD_NAMAIN1@DF_QNA_INC_SAV(1.1),Q,N,CZE,S1,S1,B6N,_Z,_Z,_Z,XDC,V,N,T0107,2010-Q3,673435,,,F,1,A,6,CZK
OECD.SDD.NAD:DSD_NAMAIN1@DF_QNA_INC_SAV(1.1),Q,N,CZE,S1,S1,B6N,_Z,_Z,_Z,XDC,V,N,T0107,2025-Q2,1555612,,,F,1,A,6,CZK
OECD.SDD.NAD:DSD_NAMAIN1@DF_QNA_INC_SAV(1.1),Q,N,CZE,S1,S1,B6N,_Z,_Z,_Z,XDC,V,N,T0107,2016-Q2,930231,,,F,1,A,6,CZK
OECD.SDD.NAD:DSD_NAMAIN1@DF_QNA_INC_SAV(1.1),Q,N,CZE,S1,S1,B6N,_Z,_Z,_Z,XDC,V,N,T0107,2016-Q1,742711,,,F,1,A,6,CZK
OECD.SDD.NAD:DSD_NAMAIN1@DF_QNA_INC_SAV(1.1),Q,N,CZE,S1,S1,B6N,_Z,_Z,_Z,XDC,V,N,T0107,2015-Q4,899050,,,F,1,A,6,CZK
OECD.SDD.NAD:DSD_NAMAIN1@DF_QNA_INC_SAV(1.1),Q,N,CZE,S1,S1,B6N,_Z,_Z,_Z,XDC,V,N,T0107,2020-Q1,977676,,,F,1,A,6,CZK
OECD.SDD.NAD:DSD_NAMAIN1@DF_QNA_INC_SAV(1.1),Q,N,CZE,S1,S1,B6N,_Z,_Z,_Z,XDC,V,N,T0107,2019-Q4,1148534,,,F,1,A,6,CZK
OECD.SDD.NAD:DSD_NAMAIN1@DF_QNA_INC_SAV(1.1),Q,N,CZE,S1,S1,B6N,_Z,_Z,_Z,XDC,V,N,T0107,2019-Q3,1102393,,,F,1,A,6,CZK
OECD.SDD.NAD:DSD_NAMAIN1@DF_QNA_INC_SAV(1.1),Q,N,CZE,S1,S1,B6N,_Z,_Z,_Z,XDC,V,N,T0107,2019-Q2,976361,,,F,1,A,6,CZK
OECD.SDD.NAD:DSD_NAMAIN1@DF_QNA_INC_SAV(1.1),Q,N,CZE,S1,S1,B6N,_Z,_Z,_Z,XDC,V,N,T0107,2019-Q1,1055947,,,F,1,A,6,CZK
OECD.SDD.NAD:DSD_NAMAIN1@DF_QNA_INC_SAV(1.1),Q,N,CZE,S1,S1,B6N,_Z,_Z,_Z,XDC,V,N,T0107,2018-Q4,1070980,,,F,1,A,6,CZK
OECD.SDD.NAD:DSD_NAMAIN1@DF_QNA_INC_SAV(1.1),Q,N,CZE,S1,S1,B6N,_Z,_Z,_Z,XDC,V,N,T0107,2004-Q2,554288,,,F,1,A,6,CZK
OECD.SDD.NAD:DSD_NAMAIN1@DF_QNA_INC_SAV(1.1),Q,N,CZE,S1,S1,B6N,_Z,_Z,_Z,XDC,V,N,T0107,2004-Q1,521098,,,F,1,A,6,CZK
OECD.SDD.NAD:DSD_NAMAIN1@DF_QNA_INC_SAV(1.1),Q,N,CZE,S1,S1,B6N,_Z,_Z,_Z,XDC,V,N,T0107,2003-Q4,546316,,,F,1,A,6,CZK
OECD.SDD.NAD:DSD_NAMAIN1@DF_QNA_INC_SAV(1.1),Q,N,CZE,S1,S1,B6N,_Z,_Z,_Z,XDC,V,N,T0107,2003-Q3,529273,,,F,1,A,6,CZK
OECD.SDD.NAD:DSD_NAMAIN1@DF_QNA_INC_SAV(1.1),Q,N,CZE,S1,S1,B6N,_Z,_Z,_Z,XDC,V,N,T0107,2003-Q2,535780,,,F,1,A,6,CZK
OECD.SDD.NAD:DSD_NAMAIN1@DF_QNA_INC_SAV(1.1),Q,N,CZE,S1,S1,B6N,_Z,_Z,_Z,XDC,V,N,T0107,2003-Q1,484050,,,F,1,A,6,CZK
OECD.SDD.NAD:DSD_NAMAIN1@DF_QNA_INC_SAV(1.1),Q,N,CZE,S1,S1,B6N,_Z,_Z,_Z,XDC,V,N,T0107,2002-Q4,523306,,,F,1,A,6,CZK
OECD.SDD.NAD:DSD_NAMAIN1@DF_QNA_INC_SAV(1.1),Q,N,CZE,S1,S1,B6N,_Z,_Z,_Z,XDC,V,N,T0107,2002-Q3,506456,,,F,1,A,6,CZK
OECD.SDD.NAD:DSD_NAMAIN1@DF_QNA_INC_SAV(1.1),Q,N,CZE,S1,S1,B6N,_Z,_Z,_Z,XDC,V,N,T0107,2002-Q2,512303,,,F,1,A,6,CZK
OECD.SDD.NAD:DSD_NAMAIN1@DF_QNA_INC_SAV(1.1),Q,N,CZE,S1,S1,B6N,_Z,_Z,_Z,XDC,V,N,T0107,2002-Q1,449977,,,F,1,A,6,CZK
OECD.SDD.NAD:DSD_NAMAIN1@DF_QNA_INC_SAV(1.1),Q,N,CZE,S1,S1,B6N,_Z,_Z,_Z,XDC,V,N,T0107,2001-Q4,535311,,,F,1,A,6,CZK
OECD.SDD.NAD:DSD_NAMAIN1@DF_QNA_INC_SAV(1.1),Q,N,CZE,S1,S1,B6N,_Z,_Z,_Z,XDC,V,N,T0107,2001-Q3,480941,,,F,1,A,6,CZK
OECD.SDD.NAD:DSD_NAMAIN1@DF_QNA_INC_SAV(1.1),Q,N,CZE,S1,S1,B6N,_Z,_Z,_Z,XDC,V,N,T0107,2001-Q2,475509,,,F,1,A,6,CZK
OECD.SDD.NAD:DSD_NAMAIN1@DF_QNA_INC_SAV(1.1),Q,N,CZE,S1,S1,B6N,_Z,_Z,_Z,XDC,V,N,T0107,2001-Q1,425033,,,F,1,A,6,CZK
OECD.SDD.NAD:DSD_NAMAIN1@DF_QNA_INC_SAV(1.1),Q,N,CZE,S1,S1,B6N,_Z,_Z,_Z,XDC,V,N,T0107,2000-Q4,485271,,,F,1,A,6,CZK
OECD.SDD.NAD:DSD_NAMAIN1@DF_QNA_INC_SAV(1.1),Q,N,CZE,S1,S1,B6N,_Z,_Z,_Z,XDC,V,N,T0107,2000-Q3,458606,,,F,1,A,6,CZK
OECD.SDD.NAD:DSD_NAMAIN1@DF_QNA_INC_SAV(1.1),Q,N,CZE,S1,S1,B6N,_Z,_Z,_Z,XDC,V,N,T0107,2000-Q2,449963,,,F,1,A,6,CZK
OECD.SDD.NAD:DSD_NAMAIN1@DF_QNA_INC_SAV(1.1),Q,N,CZE,S1,S1,B6N,_Z,_Z,_Z,XDC,V,N,T0107,2000-Q1,391569,,,F,1,A,6,CZK
OECD.SDD.NAD:DSD_NAMAIN1@DF_QNA_INC_SAV(1.1),Q,N,CZE,S1,S1,B6N,_Z,_Z,_Z,XDC,V,N,T0107,2007-Q4,753933,,,F,1,A,6,CZK
OECD.SDD.NAD:DSD_NAMAIN1@DF_QNA_INC_SAV(1.1),Q,N,CZE,S1,S1,B6N,_Z,_Z,_Z,XDC,V,N,T0107,2007-Q3,693493,,,F,1,A,6,CZK
OECD.SDD.NAD:DSD_NAMAIN1@DF_QNA_INC_SAV(1.1),Q,N,CZE,S1,S1,B6N,_Z,_Z,_Z,XDC,V,N,T0107,2007-Q2,667873,,,F,1,A,6,CZK
OECD.SDD.NAD:DSD_NAMAIN1@DF_QNA_INC_SAV(1.1),Q,N,CZE,S1,S1,B6N,_Z,_Z,_Z,XDC,V,N,T0107,2007-Q1,670440,,,F,1,A,6,CZK
OECD.SDD.NAD:DSD_NAMAIN1@DF_QNA_INC_SAV(1.1),Q,N,CZE,S1,S1,B6N,_Z,_Z,_Z,XDC,V,N,T0107,2006-Q4,689175,,,F,1,A,6,CZK
OECD.SDD.NAD:DSD_NAMAIN1@DF_QNA_INC_SAV(1.1),Q,N,CZE,S1,S1,B6N,_Z,_Z,_Z,XDC,V,N,T0107,2006-Q3,651540,,,F,1,A,6,CZK
OECD.SDD.NAD:DSD_NAMAIN1@DF_QNA_INC_SAV(1.1),Q,N,CZE,S1,S1,B6N,_Z,_Z,_Z,XDC,V,N,T0107,2006-Q2,623278,,,F,1,A,6,CZK
OECD.SDD.NAD:DSD_NAMAIN1@DF_QNA_INC_SAV(1.1),Q,N,CZE,S1,S1,B6N,_Z,_Z,_Z,XDC,V,N,T0107,2006-Q1,594260,,,F,1,A,6,CZK
OECD.SDD.NAD:DSD_NAMAIN1@DF_QNA_INC_SAV(1.1),Q,N,CZE,S1,S1,B6N,_Z,_Z,_Z,XDC,V,N,T0107,2005-Q4,667887,,,F,1,A,6,CZK
OECD.SDD.NAD:DSD_NAMAIN1@DF_QNA_INC_SAV(1.1),Q,N,CZE,S1,S1,B6N,_Z,_Z,_Z,XDC,V,N,T0107,2005-Q3,608147,,,F,1,A,6,CZK
OECD.SDD.NAD:DSD_NAMAIN1@DF_QNA_INC_SAV(1.1),Q,N,CZE,S1,S1,B6N,_Z,_Z,_Z,XDC,V,N,T0107,2005-Q2,585680,,,F,1,A,6,CZK
OECD.SDD.NAD:DSD_NAMAIN1@DF_QNA_INC_SAV(1.1),Q,N,CZE,S1,S1,B6N,_Z,_Z,_Z,XDC,V,N,T0107,2005-Q1,558322,,,F,1,A,6,CZK
OECD.SDD.NAD:DSD_NAMAIN1@DF_QNA_INC_SAV(1.1),Q,N,CZE,S1,S1,B6N,_Z,_Z,_Z,XDC,V,N,T0107,2004-Q4,637415,,,F,1,A,6,CZK
OECD.SDD.NAD:DSD_NAMAIN1@DF_QNA_INC_SAV(1.1),Q,N,CZE,S1,S1,B6N,_Z,_Z,_Z,XDC,V,N,T0107,2004-Q3,546196,,,F,1,A,6,CZK
OECD.SDD.NAD:DSD_NAMAIN1@DF_QNA_INC_SAV(1.1),Q,N,CZE,S1,S1,B6N,_Z,_Z,_Z,XDC,V,N,T0107,2010-Q2,704530,,,F,1,A,6,CZK
OECD.SDD.NAD:DSD_NAMAIN1@DF_QNA_INC_SAV(1.1),Q,N,CZE,S1,S1,B6N,_Z,_Z,_Z,XDC,V,N,T0107,2010-Q1,660138,,,F,1,A,6,CZK
OECD.SDD.NAD:DSD_NAMAIN1@DF_QNA_INC_SAV(1.1),Q,N,DNK,S1,S1,B6N,_Z,_Z,_Z,XDC,V,N,T0107,2012-Q1,364985,,,F,1,A,6,DKK
OECD.SDD.NAD:DSD_NAMAIN1@DF_QNA_INC_SAV(1.1),Q,N,DNK,S1,S1,B6N,_Z,_Z,_Z,XDC,V,N,T0107,2004-Q2,304012,,,F,1,A,6,DKK
OECD.SDD.NAD:DSD_NAMAIN1@DF_QNA_INC_SAV(1.1),Q,N,DNK,S1,S1,B6N,_Z,_Z,_Z,XDC,V,N,T0107,2007-Q3,350642,,,F,1,A,6,DKK
OECD.SDD.NAD:DSD_NAMAIN1@DF_QNA_INC_SAV(1.1),Q,N,DNK,S1,S1,B6N,_Z,_Z,_Z,XDC,V,N,T0107,2007-Q2,356159,,,F,1,A,6,DKK
OECD.SDD.NAD:DSD_NAMAIN1@DF_QNA_INC_SAV(1.1),Q,N,DNK,S1,S1,B6N,_Z,_Z,_Z,XDC,V,N,T0107,2006-Q2,356702,,,F,1,A,6,DKK
OECD.SDD.NAD:DSD_NAMAIN1@DF_QNA_INC_SAV(1.1),Q,N,DNK,S1,S1,B6N,_Z,_Z,_Z,XDC,V,N,T0107,2006-Q1,326266,,,F,1,A,6,DKK
OECD.SDD.NAD:DSD_NAMAIN1@DF_QNA_INC_SAV(1.1),Q,N,DNK,S1,S1,B6N,_Z,_Z,_Z,XDC,V,N,T0107,2005-Q4,352344,,,F,1,A,6,DKK
OECD.SDD.NAD:DSD_NAMAIN1@DF_QNA_INC_SAV(1.1),Q,N,DNK,S1,S1,B6N,_Z,_Z,_Z,XDC,V,N,T0107,2005-Q3,323366,,,F,1,A,6,DKK
OECD.SDD.NAD:DSD_NAMAIN1@DF_QNA_INC_SAV(1.1),Q,N,DNK,S1,S1,B6N,_Z,_Z,_Z,XDC,V,N,T0107,2005-Q2,331859,,,F,1,A,6,DKK
OECD.SDD.NAD:DSD_NAMAIN1@DF_QNA_INC_SAV(1.1),Q,N,DNK,S1,S1,B6N,_Z,_Z,_Z,XDC,V,N,T0107,2005-Q1,293948,,,F,1,A,6,DKK
OECD.SDD.NAD:DSD_NAMAIN1@DF_QNA_INC_SAV(1.1),Q,N,DNK,S1,S1,B6N,_Z,_Z,_Z,XDC,V,N,T0107,2004-Q4,319473,,,F,1,A,6,DKK
OECD.SDD.NAD:DSD_NAMAIN1@DF_QNA_INC_SAV(1.1),Q,N,DNK,S1,S1,B6N,_Z,_Z,_Z,XDC,V,N,T0107,2004-Q3,299005,,,F,1,A,6,DKK
OECD.SDD.NAD:DSD_NAMAIN1@DF_QNA_INC_SAV(1.1),Q,N,DNK,S1,S1,B6N,_Z,_Z,_Z,XDC,V,N,T0107,2008-Q4,380481,,,F,1,A,6,DKK
OECD.SDD.NAD:DSD_NAMAIN1@DF_QNA_INC_SAV(1.1),Q,N,DNK,S1,S1,B6N,_Z,_Z,_Z,XDC,V,N,T0107,2008-Q3,370693,,,F,1,A,6,DKK
OECD.SDD.NAD:DSD_NAMAIN1@DF_QNA_INC_SAV(1.1),Q,N,DNK,S1,S1,B6N,_Z,_Z,_Z,XDC,V,N,T0107,2008-Q2,378615,,,F,1,A,6,DKK
OECD.SDD.NAD:DSD_NAMAIN1@DF_QNA_INC_SAV(1.1),Q,N,DNK,S1,S1,B6N,_Z,_Z,_Z,XDC,V,N,T0107,2000-Q1,249643,,,F,1,A,6,DKK
OECD.SDD.NAD:DSD_NAMAIN1@DF_QNA_INC_SAV(1.1),Q,N,DNK,S1,S1,B6N,_Z,_Z,_Z,XDC,V,N,T0107,2025-Q2,613620,,,F,1,A,6,DKK
OECD.SDD.NAD:DSD_NAMAIN1@DF_QNA_INC_SAV(1.1),Q,N,DNK,S1,S1,B6N,_Z,_Z,_Z,XDC,V,N,T0107,2025-Q1,558728,,,F,1,A,6,DKK
OECD.SDD.NAD:DSD_NAMAIN1@DF_QNA_INC_SAV(1.1),Q,N,DNK,S1,S1,B6N,_Z,_Z,_Z,XDC,V,N,T0107,2024-Q4,684674,,,F,1,A,6,DKK
OECD.SDD.NAD:DSD_NAMAIN1@DF_QNA_INC_SAV(1.1),Q,N,DNK,S1,S1,B6N,_Z,_Z,_Z,XDC,V,N,T0107,2024-Q3,603370,,,F,1,A,6,DKK
OECD.SDD.NAD:DSD_NAMAIN1@DF_QNA_INC_SAV(1.1),Q,N,DNK,S1,S1,B6N,_Z,_Z,_Z,XDC,V,N,T0107,2024-Q2,627814,,,F,1,A,6,DKK
OECD.SDD.NAD:DSD_NAMAIN1@DF_QNA_INC_SAV(1.1),Q,N,DNK,S1,S1,B6N,_Z,_Z,_Z,XDC,V,N,T0107,2024-Q1,545361,,,F,1,A,6,DKK
OECD.SDD.NAD:DSD_NAMAIN1@DF_QNA_INC_SAV(1.1),Q,N,DNK,S1,S1,B6N,_Z,_Z,_Z,XDC,V,N,T0107,2023-Q4,617930,,,F,1,A,6,DKK
OECD.SDD.NAD:DSD_NAMAIN1@DF_QNA_INC_SAV(1.1),Q,N,DNK,S1,S1,B6N,_Z,_Z,_Z,XDC,V,N,T0107,2023-Q3,564484,,,F,1,A,6,DKK
OECD.SDD.NAD:DSD_NAMAIN1@DF_QNA_INC_SAV(1.1),Q,N,DNK,S1,S1,B6N,_Z,_Z,_Z,XDC,V,N,T0107,2023-Q2,610374,,,F,1,A,6,DKK
OECD.SDD.NAD:DSD_NAMAIN1@DF_QNA_INC_SAV(1.1),Q,N,DNK,S1,S1,B6N,_Z,_Z,_Z,XDC,V,N,T0107,2023-Q1,558686,,,F,1,A,6,DKK
OECD.SDD.NAD:DSD_NAMAIN1@DF_QNA_INC_SAV(1.1),Q,N,DNK,S1,S1,B6N,_Z,_Z,_Z,XDC,V,N,T0107,2022-Q4,648933,,,F,1,A,6,DKK
OECD.SDD.NAD:DSD_NAMAIN1@DF_QNA_INC_SAV(1.1),Q,N,DNK,S1,S1,B6N,_Z,_Z,_Z,XDC,V,N,T0107,2007-Q1,329999,,,F,1,A,6,DKK
OECD.SDD.NAD:DSD_NAMAIN1@DF_QNA_INC_SAV(1.1),Q,N,DNK,S1,S1,B6N,_Z,_Z,_Z,XDC,V,N,T0107,2006-Q4,359519,,,F,1,A,6,DKK
OECD.SDD.NAD:DSD_NAMAIN1@DF_QNA_INC_SAV(1.1),Q,N,DNK,S1,S1,B6N,_Z,_Z,_Z,XDC,V,N,T0107,2006-Q3,350537,,,F,1,A,6,DKK
OECD.SDD.NAD:DSD_NAMAIN1@DF_QNA_INC_SAV(1.1),Q,N,DNK,S1,S1,B6N,_Z,_Z,_Z,XDC,V,N,T0107,2011-Q4,400205,,,F,1,A,6,DKK
OECD.SDD.NAD:DSD_NAMAIN1@DF_QNA_INC_SAV(1.1),Q,N,DNK,S1,S1,B6N,_Z,_Z,_Z,XDC,V,N,T0107,2011-Q3,376393,,,F,1,A,6,DKK
OECD.SDD.NAD:DSD_NAMAIN1@DF_QNA_INC_SAV(1.1),Q,N,DNK,S1,S1,B6N,_Z,_Z,_Z,XDC,V,N,T0107,2011-Q2,387170,,,F,1,A,6,DKK
OECD.SDD.NAD:DSD_NAMAIN1@DF_QNA_INC_SAV(1.1),Q,N,DNK,S1,S1,B6N,_Z,_Z,_Z,XDC,V,N,T0107,2011-Q1,364062,,,F,1,A,6,DKK
OECD.SDD.NAD:DSD_NAMAIN1@DF_QNA_INC_SAV(1.1),Q,N,DNK,S1,S1,B6N,_Z,_Z,_Z,XDC,V,N,T0107,2010-Q4,394696,,,F,1,A,6,DKK
OECD.SDD.NAD:DSD_NAMAIN1@DF_QNA_INC_SAV(1.1),Q,N,DNK,S1,S1,B6N,_Z,_Z,_Z,XDC,V,N,T0107,2022-Q2,624346,,,F,1,A,6,DKK
OECD.SDD.NAD:DSD_NAMAIN1@DF_QNA_INC_SAV(1.1),Q,N,DNK,S1,S1,B6N,_Z,_Z,_Z,XDC,V,N,T0107,2022-Q1,539424,,,F,1,A,6,DKK
OECD.SDD.NAD:DSD_NAMAIN1@DF_QNA_INC_SAV(1.1),Q,N,DNK,S1,S1,B6N,_Z,_Z,_Z,XDC,V,N,T0107,2021-Q4,612734,,,F,1,A,6,DKK
OECD.SDD.NAD:DSD_NAMAIN1@DF_QNA_INC_SAV(1.1),Q,N,DNK,S1,S1,B6N,_Z,_Z,_Z,XDC,V,N,T0107,2021-Q3,543587,,,F,1,A,6,DKK
OECD.SDD.NAD:DSD_NAMAIN1@DF_QNA_INC_SAV(1.1),Q,N,DNK,S1,S1,B6N,_Z,_Z,_Z,XDC,V,N,T0107,2021-Q2,548827,,,F,1,A,6,DKK
OECD.SDD.NAD:DSD_NAMAIN1@DF_QNA_INC_SAV(1.1),Q,N,DNK,S1,S1,B6N,_Z,_Z,_Z,XDC,V,N,T0107,2021-Q1,484459,,,F,1,A,6,DKK
OECD.SDD.NAD:DSD_NAMAIN1@DF_QNA_INC_SAV(1.1),Q,N,DNK,S1,S1,B6N,_Z,_Z,_Z,XDC,V,N,T0107,2020-Q4,527708,,,F,1,A,6,DKK
OECD.SDD.NAD:DSD_NAMAIN1@DF_QNA_INC_SAV(1.1),Q,N,DNK,S1,S1,B6N,_Z,_Z,_Z,XDC,V,N,T0107,2020-Q3,491774,,,F,1,A,6,DKK
OECD.SDD.NAD:DSD_NAMAIN1@DF_QNA_INC_SAV(1.1),Q,N,DNK,S1,S1,B6N,_Z,_Z,_Z,XDC,V,N,T0107,2020-Q2,472568,,,F,1,A,6,DKK
OECD.SDD.NAD:DSD_NAMAIN1@DF_QNA_INC_SAV(1.1),Q,N,DNK,S1,S1,B6N,_Z,_Z,_Z,XDC,V,N,T0107,2020-Q1,466352,,,F,1,A,6,DKK
OECD.SDD.NAD:DSD_NAMAIN1@DF_QNA_INC_SAV(1.1),Q,N,DNK,S1,S1,B6N,_Z,_Z,_Z,XDC,V,N,T0107,2008-Q1,341786,,,F,1,A,6,DKK
OECD.SDD.NAD:DSD_NAMAIN1@DF_QNA_INC_SAV(1.1),Q,N,DNK,S1,S1,B6N,_Z,_Z,_Z,XDC,V,N,T0107,2007-Q4,383543,,,F,1,A,6,DKK
OECD.SDD.NAD:DSD_NAMAIN1@DF_QNA_INC_SAV(1.1),Q,N,DNK,S1,S1,B6N,_Z,_Z,_Z,XDC,V,N,T0107,2004-Q1,289473,,,F,1,A,6,DKK
OECD.SDD.NAD:DSD_NAMAIN1@DF_QNA_INC_SAV(1.1),Q,N,DNK,S1,S1,B6N,_Z,_Z,_Z,XDC,V,N,T0107,2003-Q4,301058,,,F,1,A,6,DKK
OECD.SDD.NAD:DSD_NAMAIN1@DF_QNA_INC_SAV(1.1),Q,N,DNK,S1,S1,B6N,_Z,_Z,_Z,XDC,V,N,T0107,2022-Q3,612336,,,F,1,A,6,DKK
OECD.SDD.NAD:DSD_NAMAIN1@DF_QNA_INC_SAV(1.1),Q,N,DNK,S1,S1,B6N,_Z,_Z,_Z,XDC,V,N,T0107,2003-Q3,279070,,,F,1,A,6,DKK
OECD.SDD.NAD:DSD_NAMAIN1@DF_QNA_INC_SAV(1.1),Q,N,DNK,S1,S1,B6N,_Z,_Z,_Z,XDC,V,N,T0107,2003-Q2,284944,,,F,1,A,6,DKK
OECD.SDD.NAD:DSD_NAMAIN1@DF_QNA_INC_SAV(1.1),Q,N,DNK,S1,S1,B6N,_Z,_Z,_Z,XDC,V,N,T0107,2003-Q1,276880,,,F,1,A,6,DKK
OECD.SDD.NAD:DSD_NAMAIN1@DF_QNA_INC_SAV(1.1),Q,N,DNK,S1,S1,B6N,_Z,_Z,_Z,XDC,V,N,T0107,2002-Q4,288935,,,F,1,A,6,DKK
OECD.SDD.NAD:DSD_NAMAIN1@DF_QNA_INC_SAV(1.1),Q,N,DNK,S1,S1,B6N,_Z,_Z,_Z,XDC,V,N,T0107,2002-Q3,275272,,,F,1,A,6,DKK
OECD.SDD.NAD:DSD_NAMAIN1@DF_QNA_INC_SAV(1.1),Q,N,DNK,S1,S1,B6N,_Z,_Z,_Z,XDC,V,N,T0107,2002-Q2,288648,,,F,1,A,6,DKK
OECD.SDD.NAD:DSD_NAMAIN1@DF_QNA_INC_SAV(1.1),Q,N,DNK,S1,S1,B6N,_Z,_Z,_Z,XDC,V,N,T0107,2002-Q1,264589,,,F,1,A,6,DKK
OECD.SDD.NAD:DSD_NAMAIN1@DF_QNA_INC_SAV(1.1),Q,N,DNK,S1,S1,B6N,_Z,_Z,_Z,XDC,V,N,T0107,2001-Q4,280049,,,F,1,A,6,DKK
OECD.SDD.NAD:DSD_NAMAIN1@DF_QNA_INC_SAV(1.1),Q,N,DNK,S1,S1,B6N,_Z,_Z,_Z,XDC,V,N,T0107,2001-Q3,269834,,,F,1,A,6,DKK
OECD.SDD.NAD:DSD_NAMAIN1@DF_QNA_INC_SAV(1.1),Q,N,DNK,S1,S1,B6N,_Z,_Z,_Z,XDC,V,N,T0107,2001-Q2,276914,,,F,1,A,6,DKK
OECD.SDD.NAD:DSD_NAMAIN1@DF_QNA_INC_SAV(1.1),Q,N,DNK,S1,S1,B6N,_Z,_Z,_Z,XDC,V,N,T0107,2001-Q1,262862,,,F,1,A,6,DKK
OECD.SDD.NAD:DSD_NAMAIN1@DF_QNA_INC_SAV(1.1),Q,N,DNK,S1,S1,B6N,_Z,_Z,_Z,XDC,V,N,T0107,2000-Q4,274650,,,F,1,A,6,DKK
OECD.SDD.NAD:DSD_NAMAIN1@DF_QNA_INC_SAV(1.1),Q,N,DNK,S1,S1,B6N,_Z,_Z,_Z,XDC,V,N,T0107,2000-Q3,257129,,,F,1,A,6,DKK
OECD.SDD.NAD:DSD_NAMAIN1@DF_QNA_INC_SAV(1.1),Q,N,DNK,S1,S1,B6N,_Z,_Z,_Z,XDC,V,N,T0107,2000-Q2,262309,,,F,1,A,6,DKK
OECD.SDD.NAD:DSD_NAMAIN1@DF_QNA_INC_SAV(1.1),Q,N,DNK,S1,S1,B6N,_Z,_Z,_Z,XDC,V,N,T0107,2009-Q3,346567,,,F,1,A,6,DKK
OECD.SDD.NAD:DSD_NAMAIN1@DF_QNA_INC_SAV(1.1),Q,N,DNK,S1,S1,B6N,_Z,_Z,_Z,XDC,V,N,T0107,2009-Q2,348775,,,F,1,A,6,DKK
OECD.SDD.NAD:DSD_NAMAIN1@DF_QNA_INC_SAV(1.1),Q,N,DNK,S1,S1,B6N,_Z,_Z,_Z,XDC,V,N,T0107,2009-Q1,332381,,,F,1,A,6,DKK
OECD.SDD.NAD:DSD_NAMAIN1@DF_QNA_INC_SAV(1.1),Q,N,DNK,S1,S1,B6N,_Z,_Z,_Z,XDC,V,N,T0107,2019-Q2,497356,,,F,1,A,6,DKK
OECD.SDD.NAD:DSD_NAMAIN1@DF_QNA_INC_SAV(1.1),Q,N,DNK,S1,S1,B6N,_Z,_Z,_Z,XDC,V,N,T0107,2019-Q1,450386,,,F,1,A,6,DKK
OECD.SDD.NAD:DSD_NAMAIN1@DF_QNA_INC_SAV(1.1),Q,N,DNK,S1,S1,B6N,_Z,_Z,_Z,XDC,V,N,T0107,2018-Q4,499758,,,F,1,A,6,DKK
OECD.SDD.NAD:DSD_NAMAIN1@DF_QNA_INC_SAV(1.1),Q,N,DNK,S1,S1,B6N,_Z,_Z,_Z,XDC,V,N,T0107,2018-Q3,470817,,,F,1,A,6,DKK
OECD.SDD.NAD:DSD_NAMAIN1@DF_QNA_INC_SAV(1.1),Q,N,DNK,S1,S1,B6N,_Z,_Z,_Z,XDC,V,N,T0107,2018-Q2,486800,,,F,1,A,6,DKK
OECD.SDD.NAD:DSD_NAMAIN1@DF_QNA_INC_SAV(1.1),Q,N,DNK,S1,S1,B6N,_Z,_Z,_Z,XDC,V,N,T0107,2018-Q1,439998,,,F,1,A,6,DKK
OECD.SDD.NAD:DSD_NAMAIN1@DF_QNA_INC_SAV(1.1),Q,N,DNK,S1,S1,B6N,_Z,_Z,_Z,XDC,V,N,T0107,2017-Q4,485344,,,F,1,A,6,DKK
OECD.SDD.NAD:DSD_NAMAIN1@DF_QNA_INC_SAV(1.1),Q,N,DNK,S1,S1,B6N,_Z,_Z,_Z,XDC,V,N,T0107,2017-Q3,451298,,,F,1,A,6,DKK
OECD.SDD.NAD:DSD_NAMAIN1@DF_QNA_INC_SAV(1.1),Q,N,DNK,S1,S1,B6N,_Z,_Z,_Z,XDC,V,N,T0107,2019-Q4,514933,,,F,1,A,6,DKK
OECD.SDD.NAD:DSD_NAMAIN1@DF_QNA_INC_SAV(1.1),Q,N,DNK,S1,S1,B6N,_Z,_Z,_Z,XDC,V,N,T0107,2019-Q3,480537,,,F,1,A,6,DKK
OECD.SDD.NAD:DSD_NAMAIN1@DF_QNA_INC_SAV(1.1),Q,N,DNK,S1,S1,B6N,_Z,_Z,_Z,XDC,V,N,T0107,2017-Q2,475886,,,F,1,A,6,DKK
OECD.SDD.NAD:DSD_NAMAIN1@DF_QNA_INC_SAV(1.1),Q,N,DNK,S1,S1,B6N,_Z,_Z,_Z,XDC,V,N,T0107,2017-Q1,437079,,,F,1,A,6,DKK
OECD.SDD.NAD:DSD_NAMAIN1@DF_QNA_INC_SAV(1.1),Q,N,DNK,S1,S1,B6N,_Z,_Z,_Z,XDC,V,N,T0107,2016-Q4,474169,,,F,1,A,6,DKK
OECD.SDD.NAD:DSD_NAMAIN1@DF_QNA_INC_SAV(1.1),Q,N,DNK,S1,S1,B6N,_Z,_Z,_Z,XDC,V,N,T0107,2016-Q3,437176,,,F,1,A,6,DKK
OECD.SDD.NAD:DSD_NAMAIN1@DF_QNA_INC_SAV(1.1),Q,N,DNK,S1,S1,B6N,_Z,_Z,_Z,XDC,V,N,T0107,2016-Q2,453599,,,F,1,A,6,DKK
OECD.SDD.NAD:DSD_NAMAIN1@DF_QNA_INC_SAV(1.1),Q,N,DNK,S1,S1,B6N,_Z,_Z,_Z,XDC,V,N,T0107,2016-Q1,409830,,,F,1,A,6,DKK
OECD.SDD.NAD:DSD_NAMAIN1@DF_QNA_INC_SAV(1.1),Q,N,DNK,S1,S1,B6N,_Z,_Z,_Z,XDC,V,N,T0107,2015-Q4,448490,,,F,1,A,6,DKK
OECD.SDD.NAD:DSD_NAMAIN1@DF_QNA_INC_SAV(1.1),Q,N,DNK,S1,S1,B6N,_Z,_Z,_Z,XDC,V,N,T0107,2015-Q3,432476,,,F,1,A,6,DKK
OECD.SDD.NAD:DSD_NAMAIN1@DF_QNA_INC_SAV(1.1),Q,N,DNK,S1,S1,B6N,_Z,_Z,_Z,XDC,V,N,T0107,2015-Q2,432305,,,F,1,A,6,DKK
OECD.SDD.NAD:DSD_NAMAIN1@DF_QNA_INC_SAV(1.1),Q,N,DNK,S1,S1,B6N,_Z,_Z,_Z,XDC,V,N,T0107,2015-Q1,408440,,,F,1,A,6,DKK
OECD.SDD.NAD:DSD_NAMAIN1@DF_QNA_INC_SAV(1.1),Q,N,DNK,S1,S1,B6N,_Z,_Z,_Z,XDC,V,N,T0107,2014-Q4,445946,,,F,1,A,6,DKK
OECD.SDD.NAD:DSD_NAMAIN1@DF_QNA_INC_SAV(1.1),Q,N,DNK,S1,S1,B6N,_Z,_Z,_Z,XDC,V,N,T0107,2014-Q3,423277,,,F,1,A,6,DKK
OECD.SDD.NAD:DSD_NAMAIN1@DF_QNA_INC_SAV(1.1),Q,N,DNK,S1,S1,B6N,_Z,_Z,_Z,XDC,V,N,T0107,2014-Q2,421045,,,F,1,A,6,DKK
OECD.SDD.NAD:DSD_NAMAIN1@DF_QNA_INC_SAV(1.1),Q,N,DNK,S1,S1,B6N,_Z,_Z,_Z,XDC,V,N,T0107,2010-Q3,372655,,,F,1,A,6,DKK
OECD.SDD.NAD:DSD_NAMAIN1@DF_QNA_INC_SAV(1.1),Q,N,DNK,S1,S1,B6N,_Z,_Z,_Z,XDC,V,N,T0107,2010-Q2,375247,,,F,1,A,6,DKK
OECD.SDD.NAD:DSD_NAMAIN1@DF_QNA_INC_SAV(1.1),Q,N,DNK,S1,S1,B6N,_Z,_Z,_Z,XDC,V,N,T0107,2010-Q1,342660,,,F,1,A,6,DKK
OECD.SDD.NAD:DSD_NAMAIN1@DF_QNA_INC_SAV(1.1),Q,N,DNK,S1,S1,B6N,_Z,_Z,_Z,XDC,V,N,T0107,2009-Q4,370802,,,F,1,A,6,DKK
OECD.SDD.NAD:DSD_NAMAIN1@DF_QNA_INC_SAV(1.1),Q,N,DNK,S1,S1,B6N,_Z,_Z,_Z,XDC,V,N,T0107,2014-Q1,394574,,,F,1,A,6,DKK
OECD.SDD.NAD:DSD_NAMAIN1@DF_QNA_INC_SAV(1.1),Q,N,DNK,S1,S1,B6N,_Z,_Z,_Z,XDC,V,N,T0107,2013-Q4,427222,,,F,1,A,6,DKK
OECD.SDD.NAD:DSD_NAMAIN1@DF_QNA_INC_SAV(1.1),Q,N,DNK,S1,S1,B6N,_Z,_Z,_Z,XDC,V,N,T0107,2013-Q3,406141,,,F,1,A,6,DKK
OECD.SDD.NAD:DSD_NAMAIN1@DF_QNA_INC_SAV(1.1),Q,N,DNK,S1,S1,B6N,_Z,_Z,_Z,XDC,V,N,T0107,2013-Q2,412027,,,F,1,A,6,DKK
OECD.SDD.NAD:DSD_NAMAIN1@DF_QNA_INC_SAV(1.1),Q,N,DNK,S1,S1,B6N,_Z,_Z,_Z,XDC,V,N,T0107,2013-Q1,378830,,,F,1,A,6,DKK
OECD.SDD.NAD:DSD_NAMAIN1@DF_QNA_INC_SAV(1.1),Q,N,DNK,S1,S1,B6N,_Z,_Z,_Z,XDC,V,N,T0107,2012-Q4,411106,,,F,1,A,6,DKK
OECD.SDD.NAD:DSD_NAMAIN1@DF_QNA_INC_SAV(1.1),Q,N,DNK,S1,S1,B6N,_Z,_Z,_Z,XDC,V,N,T0107,2012-Q3,390137,,,F,1,A,6,DKK
OECD.SDD.NAD:DSD_NAMAIN1@DF_QNA_INC_SAV(1.1),Q,Y,EST,S1,S1,B6G,_Z,_Z,_Z,XDC,V,N,T0107,2001-Q3,1688.3,,,F,1,A,6,EUR
OECD.SDD.NAD:DSD_NAMAIN1@DF_QNA_INC_SAV(1.1),Q,N,EST,S1,S1,B6G,_Z,_Z,_Z,XDC,V,N,T0107,2000-Q2,1319.5,,,F,1,A,6,EUR
OECD.SDD.NAD:DSD_NAMAIN1@DF_QNA_INC_SAV(1.1),Q,N,EST,S1,S1,B6G,_Z,_Z,_Z,XDC,V,N,T0107,2000-Q1,1172.6,,,F,1,A,6,EUR
OECD.SDD.NAD:DSD_NAMAIN1@DF_QNA_INC_SAV(1.1),Q,N,DEU,S1,S1,B6N,_Z,_Z,_Z,XDC,V,N,T0107,2024-Q4,916155,,,F,1,P,6,EUR
OECD.SDD.NAD:DSD_NAMAIN1@DF_QNA_INC_SAV(1.1),Q,N,EST,S1,S1,B6G,_Z,_Z,_Z,XDC,V,N,T0107,2006-Q1,2394,,,F,1,A,6,EUR
OECD.SDD.NAD:DSD_NAMAIN1@DF_QNA_INC_SAV(1.1),Q,N,EST,S1,S1,B6G,_Z,_Z,_Z,XDC,V,N,T0107,2005-Q4,2526,,,F,1,A,6,EUR
OECD.SDD.NAD:DSD_NAMAIN1@DF_QNA_INC_SAV(1.1),Q,N,EST,S1,S1,B6G,_Z,_Z,_Z,XDC,V,N,T0107,2005-Q3,2407,,,F,1,A,6,EUR
OECD.SDD.NAD:DSD_NAMAIN1@DF_QNA_INC_SAV(1.1),Q,N,EST,S1,S1,B6G,_Z,_Z,_Z,XDC,V,N,T0107,2005-Q2,2371.3,,,F,1,A,6,EUR
OECD.SDD.NAD:DSD_NAMAIN1@DF_QNA_INC_SAV(1.1),Q,N,EST,S1,S1,B6G,_Z,_Z,_Z,XDC,V,N,T0107,2005-Q1,1998.2,,,F,1,A,6,EUR
OECD.SDD.NAD:DSD_NAMAIN1@DF_QNA_INC_SAV(1.1),Q,N,EST,S1,S1,B6G,_Z,_Z,_Z,XDC,V,N,T0107,2001-Q1,1276.2,,,F,1,A,6,EUR
OECD.SDD.NAD:DSD_NAMAIN1@DF_QNA_INC_SAV(1.1),Q,N,EST,S1,S1,B6G,_Z,_Z,_Z,XDC,V,N,T0107,2000-Q4,1403.2,,,F,1,A,6,EUR
OECD.SDD.NAD:DSD_NAMAIN1@DF_QNA_INC_SAV(1.1),Q,N,EST,S1,S1,B6G,_Z,_Z,_Z,XDC,V,N,T0107,2000-Q3,1239.8,,,F,1,A,6,EUR
OECD.SDD.NAD:DSD_NAMAIN1@DF_QNA_INC_SAV(1.1),Q,N,ESP,S1,S1,B6N,_Z,_Z,_Z,XDC,V,N,T0107,2002-Q3,155914,,,F,1,A,6,EUR
OECD.SDD.NAD:DSD_NAMAIN1@DF_QNA_INC_SAV(1.1),Q,N,EST,S1,S1,B6G,_Z,_Z,_Z,XDC,V,N,T0107,2002-Q1,1406.5,,,F,1,A,6,EUR
OECD.SDD.NAD:DSD_NAMAIN1@DF_QNA_INC_SAV(1.1),Q,N,EST,S1,S1,B6G,_Z,_Z,_Z,XDC,V,N,T0107,2001-Q4,1508.8,,,F,1,A,6,EUR
OECD.SDD.NAD:DSD_NAMAIN1@DF_QNA_INC_SAV(1.1),Q,N,EST,S1,S1,B6G,_Z,_Z,_Z,XDC,V,N,T0107,2001-Q2,1509.4,,,F,1,A,6,EUR
OECD.SDD.NAD:DSD_NAMAIN1@DF_QNA_INC_SAV(1.1),Q,N,EST,S1,S1,B6G,_Z,_Z,_Z,XDC,V,N,T0107,2009-Q3,2770.1,,,F,1,A,6,EUR
OECD.SDD.NAD:DSD_NAMAIN1@DF_QNA_INC_SAV(1.1),Q,N,EST,S1,S1,B6G,_Z,_Z,_Z,XDC,V,N,T0107,2009-Q2,2808,,,F,1,A,6,EUR
OECD.SDD.NAD:DSD_NAMAIN1@DF_QNA_INC_SAV(1.1),Q,N,EST,S1,S1,B6G,_Z,_Z,_Z,XDC,V,N,T0107,2009-Q1,2732.9,,,F,1,A,6,EUR
OECD.SDD.NAD:DSD_NAMAIN1@DF_QNA_INC_SAV(1.1),Q,N,EST,S1,S1,B6G,_Z,_Z,_Z,XDC,V,N,T0107,2008-Q4,3385.2,,,F,1,A,6,EUR
OECD.SDD.NAD:DSD_NAMAIN1@DF_QNA_INC_SAV(1.1),Q,N,EST,S1,S1,B6G,_Z,_Z,_Z,XDC,V,N,T0107,2008-Q3,3469.4,,,F,1,A,6,EUR
OECD.SDD.NAD:DSD_NAMAIN1@DF_QNA_INC_SAV(1.1),Q,N,EST,S1,S1,B6G,_Z,_Z,_Z,XDC,V,N,T0107,2008-Q2,3542.7,,,F,1,A,6,EUR
OECD.SDD.NAD:DSD_NAMAIN1@DF_QNA_INC_SAV(1.1),Q,N,EST,S1,S1,B6G,_Z,_Z,_Z,XDC,V,N,T0107,2008-Q1,2946.6,,,F,1,A,6,EUR
OECD.SDD.NAD:DSD_NAMAIN1@DF_QNA_INC_SAV(1.1),Q,N,EST,S1,S1,B6G,_Z,_Z,_Z,XDC,V,N,T0107,2007-Q4,3568.6,,,F,1,A,6,EUR
OECD.SDD.NAD:DSD_NAMAIN1@DF_QNA_INC_SAV(1.1),Q,N,EST,S1,S1,B6G,_Z,_Z,_Z,XDC,V,N,T0107,2007-Q3,3345.7,,,F,1,A,6,EUR
OECD.SDD.NAD:DSD_NAMAIN1@DF_QNA_INC_SAV(1.1),Q,N,EST,S1,S1,B6G,_Z,_Z,_Z,XDC,V,N,T0107,2007-Q2,3352.7,,,F,1,A,6,EUR
OECD.SDD.NAD:DSD_NAMAIN1@DF_QNA_INC_SAV(1.1),Q,N,EST,S1,S1,B6G,_Z,_Z,_Z,XDC,V,N,T0107,2007-Q1,2874.1,,,F,1,A,6,EUR
OECD.SDD.NAD:DSD_NAMAIN1@DF_QNA_INC_SAV(1.1),Q,N,EST,S1,S1,B6G,_Z,_Z,_Z,XDC,V,N,T0107,2006-Q4,2979.6,,,F,1,A,6,EUR
OECD.SDD.NAD:DSD_NAMAIN1@DF_QNA_INC_SAV(1.1),Q,N,EST,S1,S1,B6G,_Z,_Z,_Z,XDC,V,N,T0107,2006-Q3,2878.4,,,F,1,A,6,EUR
OECD.SDD.NAD:DSD_NAMAIN1@DF_QNA_INC_SAV(1.1),Q,N,EST,S1,S1,B6G,_Z,_Z,_Z,XDC,V,N,T0107,2006-Q2,2742.8,,,F,1,A,6,EUR
OECD.SDD.NAD:DSD_NAMAIN1@DF_QNA_INC_SAV(1.1),Q,N,GRC,S1,S1,B6G,_Z,_Z,_Z,XDC,V,N,T0107,2022-Q1,45513.8,,,F,1,A,6,EUR
OECD.SDD.NAD:DSD_NAMAIN1@DF_QNA_INC_SAV(1.1),Q,N,GRC,S1,S1,B6G,_Z,_Z,_Z,XDC,V,N,T0107,2021-Q4,48536.1,,,F,1,A,6,EUR
OECD.SDD.NAD:DSD_NAMAIN1@DF_QNA_INC_SAV(1.1),Q,N,GRC,S1,S1,B6G,_Z,_Z,_Z,XDC,V,N,T0107,2021-Q3,49949.6,,,F,1,A,6,EUR
OECD.SDD.NAD:DSD_NAMAIN1@DF_QNA_INC_SAV(1.1),Q,N,GRC,S1,S1,B6G,_Z,_Z,_Z,XDC,V,N,T0107,2021-Q2,44887.3,,,F,1,A,6,EUR
OECD.SDD.NAD:DSD_NAMAIN1@DF_QNA_INC_SAV(1.1),Q,N,GRC,S1,S1,B6G,_Z,_Z,_Z,XDC,V,N,T0107,2021-Q1,39789.3,,,F,1,A,6,EUR
OECD.SDD.NAD:DSD_NAMAIN1@DF_QNA_INC_SAV(1.1),Q,N,GRC,S1,S1,B6G,_Z,_Z,_Z,XDC,V,N,T0107,2020-Q4,43115.1,,,F,1,A,6,EUR
OECD.SDD.NAD:DSD_NAMAIN1@DF_QNA_INC_SAV(1.1),Q,N,GRC,S1,S1,B6G,_Z,_Z,_Z,XDC,V,N,T0107,2020-Q3,44454,,,F,1,A,6,EUR
OECD.SDD.NAD:DSD_NAMAIN1@DF_QNA_INC_SAV(1.1),Q,N,GRC,S1,S1,B6G,_Z,_Z,_Z,XDC,V,N,T0107,2020-Q2,37821,,,F,1,A,6,EUR
OECD.SDD.NAD:DSD_NAMAIN1@DF_QNA_INC_SAV(1.1),Q,N,GRC,S1,S1,B6G,_Z,_Z,_Z,XDC,V,N,T0107,2020-Q1,40722.4,,,F,1,A,6,EUR
OECD.SDD.NAD:DSD_NAMAIN1@DF_QNA_INC_SAV(1.1),Q,N,GRC,S1,S1,B6G,_Z,_Z,_Z,XDC,V,N,T0107,2019-Q4,46484.5,,,F,1,A,6,EUR
OECD.SDD.NAD:DSD_NAMAIN1@DF_QNA_INC_SAV(1.1),Q,N,GRC,S1,S1,B6G,_Z,_Z,_Z,XDC,V,N,T0107,2019-Q3,48766.2,,,F,1,A,6,EUR
OECD.SDD.NAD:DSD_NAMAIN1@DF_QNA_INC_SAV(1.1),Q,N,GRC,S1,S1,B6G,_Z,_Z,_Z,XDC,V,N,T0107,2019-Q2,46247,,,F,1,A,6,EUR
OECD.SDD.NAD:DSD_NAMAIN1@DF_QNA_INC_SAV(1.1),Q,N,GRC,S1,S1,B6G,_Z,_Z,_Z,XDC,V,N,T0107,2019-Q1,41420.6,,,F,1,A,6,EUR
OECD.SDD.NAD:DSD_NAMAIN1@DF_QNA_INC_SAV(1.1),Q,N,GRC,S1,S1,B6G,_Z,_Z,_Z,XDC,V,N,T0107,2018-Q4,44882.2,,,F,1,A,6,EUR
OECD.SDD.NAD:DSD_NAMAIN1@DF_QNA_INC_SAV(1.1),Q,N,GRC,S1,S1,B6G,_Z,_Z,_Z,XDC,V,N,T0107,2018-Q3,47083.6,,,F,1,A,6,EUR
OECD.SDD.NAD:DSD_NAMAIN1@DF_QNA_INC_SAV(1.1),Q,N,GRC,S1,S1,B6G,_Z,_Z,_Z,XDC,V,N,T0107,2018-Q2,43890.8,,,F,1,A,6,EUR
OECD.SDD.NAD:DSD_NAMAIN1@DF_QNA_INC_SAV(1.1),Q,N,GRC,S1,S1,B6G,_Z,_Z,_Z,XDC,V,N,T0107,2018-Q1,40972.9,,,F,1,A,6,EUR
OECD.SDD.NAD:DSD_NAMAIN1@DF_QNA_INC_SAV(1.1),Q,N,GRC,S1,S1,B6G,_Z,_Z,_Z,XDC,V,N,T0107,2017-Q4,44422.7,,,F,1,A,6,EUR
OECD.SDD.NAD:DSD_NAMAIN1@DF_QNA_INC_SAV(1.1),Q,N,GRC,S1,S1,B6G,_Z,_Z,_Z,XDC,V,N,T0107,2017-Q3,46585.6,,,F,1,A,6,EUR
OECD.SDD.NAD:DSD_NAMAIN1@DF_QNA_INC_SAV(1.1),Q,N,GRC,S1,S1,B6G,_Z,_Z,_Z,XDC,V,N,T0107,2017-Q2,43621.1,,,F,1,A,6,EUR
OECD.SDD.NAD:DSD_NAMAIN1@DF_QNA_INC_SAV(1.1),Q,N,GRC,S1,S1,B6G,_Z,_Z,_Z,XDC,V,N,T0107,2017-Q1,40490.4,,,F,1,A,6,EUR
OECD.SDD.NAD:DSD_NAMAIN1@DF_QNA_INC_SAV(1.1),Q,N,GRC,S1,S1,B6G,_Z,_Z,_Z,XDC,V,N,T0107,2016-Q4,45136.3,,,F,1,A,6,EUR
OECD.SDD.NAD:DSD_NAMAIN1@DF_QNA_INC_SAV(1.1),Q,N,GRC,S1,S1,B6G,_Z,_Z,_Z,XDC,V,N,T0107,2016-Q3,44808.6,,,F,1,A,6,EUR
OECD.SDD.NAD:DSD_NAMAIN1@DF_QNA_INC_SAV(1.1),Q,N,GRC,S1,S1,B6G,_Z,_Z,_Z,XDC,V,N,T0107,2016-Q2,42669.6,,,F,1,A,6,EUR
OECD.SDD.NAD:DSD_NAMAIN1@DF_QNA_INC_SAV(1.1),Q,N,GRC,S1,S1,B6G,_Z,_Z,_Z,XDC,V,N,T0107,2016-Q1,39304.6,,,F,1,A,6,EUR
OECD.SDD.NAD:DSD_NAMAIN1@DF_QNA_INC_SAV(1.1),Q,N,GRC,S1,S1,B6G,_Z,_Z,_Z,XDC,V,N,T0107,2015-Q4,45393.1,,,F,1,A,6,EUR
OECD.SDD.NAD:DSD_NAMAIN1@DF_QNA_INC_SAV(1.1),Q,N,GRC,S1,S1,B6G,_Z,_Z,_Z,XDC,V,N,T0107,2015-Q3,44832.1,,,F,1,A,6,EUR
OECD.SDD.NAD:DSD_NAMAIN1@DF_QNA_INC_SAV(1.1),Q,N,GRC,S1,S1,B6G,_Z,_Z,_Z,XDC,V,N,T0107,2015-Q2,43004.5,,,F,1,A,6,EUR
OECD.SDD.NAD:DSD_NAMAIN1@DF_QNA_INC_SAV(1.1),Q,N,GRC,S1,S1,B6G,_Z,_Z,_Z,XDC,V,N,T0107,2015-Q1,40178.6,,,F,1,A,6,EUR
OECD.SDD.NAD:DSD_NAMAIN1@DF_QNA_INC_SAV(1.1),Q,N,GRC,S1,S1,B6G,_Z,_Z,_Z,XDC,V,N,T0107,2014-Q4,45300,,,F,1,A,6,EUR
OECD.SDD.NAD:DSD_NAMAIN1@DF_QNA_INC_SAV(1.1),Q,N,GRC,S1,S1,B6G,_Z,_Z,_Z,XDC,V,N,T0107,2014-Q3,45906.8,,,F,1,A,6,EUR
OECD.SDD.NAD:DSD_NAMAIN1@DF_QNA_INC_SAV(1.1),Q,N,GRC,S1,S1,B6G,_Z,_Z,_Z,XDC,V,N,T0107,2014-Q2,43660.1,,,F,1,A,6,EUR
OECD.SDD.NAD:DSD_NAMAIN1@DF_QNA_INC_SAV(1.1),Q,N,GRC,S1,S1,B6G,_Z,_Z,_Z,XDC,V,N,T0107,2014-Q1,40078.8,,,F,1,A,6,EUR
OECD.SDD.NAD:DSD_NAMAIN1@DF_QNA_INC_SAV(1.1),Q,N,EST,S1,S1,B6G,_Z,_Z,_Z,XDC,V,N,T0107,2010-Q4,3099.5,,,F,1,A,6,EUR
OECD.SDD.NAD:DSD_NAMAIN1@DF_QNA_INC_SAV(1.1),Q,N,EST,S1,S1,B6G,_Z,_Z,_Z,XDC,V,N,T0107,2001-Q3,1426.4,,,F,1,A,6,EUR
OECD.SDD.NAD:DSD_NAMAIN1@DF_QNA_INC_SAV(1.1),Q,N,EST,S1,S1,B6G,_Z,_Z,_Z,XDC,V,N,T0107,2009-Q4,2966.4,,,F,1,A,6,EUR
OECD.SDD.NAD:DSD_NAMAIN1@DF_QNA_INC_SAV(1.1),Q,N,EST,S1,S1,B6G,_Z,_Z,_Z,XDC,V,N,T0107,2004-Q4,2000,,,F,1,A,6,EUR
OECD.SDD.NAD:DSD_NAMAIN1@DF_QNA_INC_SAV(1.1),Q,N,FRA,S1,S1,B6N,_Z,_Z,_Z,XDC,V,N,T0107,2019-Q2,521513.2,,,F,1,A,6,EUR
OECD.SDD.NAD:DSD_NAMAIN1@DF_QNA_INC_SAV(1.1),Q,N,FRA,S1,S1,B6N,_Z,_Z,_Z,XDC,V,N,T0107,2019-Q1,491375.5,,,F,1,A,6,EUR
OECD.SDD.NAD:DSD_NAMAIN1@DF_QNA_INC_SAV(1.1),Q,N,FRA,S1,S1,B6N,_Z,_Z,_Z,XDC,V,N,T0107,2018-Q4,514274.2,,,F,1,A,6,EUR
OECD.SDD.NAD:DSD_NAMAIN1@DF_QNA_INC_SAV(1.1),Q,N,FRA,S1,S1,B6N,_Z,_Z,_Z,XDC,V,N,T0107,2018-Q3,475987.5,,,F,1,A,6,EUR
OECD.SDD.NAD:DSD_NAMAIN1@DF_QNA_INC_SAV(1.1),Q,N,FRA,S1,S1,B6N,_Z,_Z,_Z,XDC,V,N,T0107,2018-Q2,492359.9,,,F,1,A,6,EUR
OECD.SDD.NAD:DSD_NAMAIN1@DF_QNA_INC_SAV(1.1),Q,N,FRA,S1,S1,B6N,_Z,_Z,_Z,XDC,V,N,T0107,2018-Q1,473973.4,,,F,1,A,6,EUR
OECD.SDD.NAD:DSD_NAMAIN1@DF_QNA_INC_SAV(1.1),Q,N,FRA,S1,S1,B6N,_Z,_Z,_Z,XDC,V,N,T0107,2017-Q4,498436.5,,,F,1,A,6,EUR
OECD.SDD.NAD:DSD_NAMAIN1@DF_QNA_INC_SAV(1.1),Q,N,FRA,S1,S1,B6N,_Z,_Z,_Z,XDC,V,N,T0107,2017-Q3,462391.4,,,F,1,A,6,EUR
OECD.SDD.NAD:DSD_NAMAIN1@DF_QNA_INC_SAV(1.1),Q,N,FRA,S1,S1,B6N,_Z,_Z,_Z,XDC,V,N,T0107,2017-Q2,480687.7,,,F,1,A,6,EUR
OECD.SDD.NAD:DSD_NAMAIN1@DF_QNA_INC_SAV(1.1),Q,N,GRC,S1,S1,B6G,_Z,_Z,_Z,XDC,V,N,T0107,2008-Q4,61651.6,,,F,1,A,6,EUR
OECD.SDD.NAD:DSD_NAMAIN1@DF_QNA_INC_SAV(1.1),Q,N,GRC,S1,S1,B6G,_Z,_Z,_Z,XDC,V,N,T0107,2009-Q1,51499.3,,,F,1,A,6,EUR
OECD.SDD.NAD:DSD_NAMAIN1@DF_QNA_INC_SAV(1.1),Q,N,GRC,S1,S1,B6G,_Z,_Z,_Z,XDC,V,N,T0107,2009-Q2,56887.2,,,F,1,A,6,EUR
OECD.SDD.NAD:DSD_NAMAIN1@DF_QNA_INC_SAV(1.1),Q,N,EST,S1,S1,B6G,_Z,_Z,_Z,XDC,V,N,T0107,2004-Q2,1963.4,,,F,1,A,6,EUR
OECD.SDD.NAD:DSD_NAMAIN1@DF_QNA_INC_SAV(1.1),Q,N,EST,S1,S1,B6G,_Z,_Z,_Z,XDC,V,N,T0107,2004-Q1,1870.6,,,F,1,A,6,EUR
OECD.SDD.NAD:DSD_NAMAIN1@DF_QNA_INC_SAV(1.1),Q,N,EST,S1,S1,B6G,_Z,_Z,_Z,XDC,V,N,T0107,2003-Q4,1835.6,,,F,1,A,6,EUR
OECD.SDD.NAD:DSD_NAMAIN1@DF_QNA_INC_SAV(1.1),Q,N,EST,S1,S1,B6G,_Z,_Z,_Z,XDC,V,N,T0107,2003-Q3,1764.1,,,F,1,A,6,EUR
OECD.SDD.NAD:DSD_NAMAIN1@DF_QNA_INC_SAV(1.1),Q,N,EST,S1,S1,B6G,_Z,_Z,_Z,XDC,V,N,T0107,2003-Q2,1856.3,,,F,1,A,6,EUR
OECD.SDD.NAD:DSD_NAMAIN1@DF_QNA_INC_SAV(1.1),Q,N,EST,S1,S1,B6G,_Z,_Z,_Z,XDC,V,N,T0107,2003-Q1,1637,,,F,1,A,6,EUR
OECD.SDD.NAD:DSD_NAMAIN1@DF_QNA_INC_SAV(1.1),Q,N,GRC,S1,S1,B6G,_Z,_Z,_Z,XDC,V,N,T0107,2013-Q4,45866.9,,,F,1,A,6,EUR
OECD.SDD.NAD:DSD_NAMAIN1@DF_QNA_INC_SAV(1.1),Q,N,GRC,S1,S1,B6G,_Z,_Z,_Z,XDC,V,N,T0107,2013-Q3,46816.7,,,F,1,A,6,EUR
OECD.SDD.NAD:DSD_NAMAIN1@DF_QNA_INC_SAV(1.1),Q,N,GRC,S1,S1,B6G,_Z,_Z,_Z,XDC,V,N,T0107,2013-Q2,44417.6,,,F,1,A,6,EUR
OECD.SDD.NAD:DSD_NAMAIN1@DF_QNA_INC_SAV(1.1),Q,N,GRC,S1,S1,B6G,_Z,_Z,_Z,XDC,V,N,T0107,2013-Q1,41147.4,,,F,1,A,6,EUR
OECD.SDD.NAD:DSD_NAMAIN1@DF_QNA_INC_SAV(1.1),Q,N,GRC,S1,S1,B6G,_Z,_Z,_Z,XDC,V,N,T0107,2012-Q4,47726.7,,,F,1,A,6,EUR
OECD.SDD.NAD:DSD_NAMAIN1@DF_QNA_INC_SAV(1.1),Q,N,EST,S1,S1,B6G,_Z,_Z,_Z,XDC,V,N,T0107,2010-Q3,3005.9,,,F,1,A,6,EUR
OECD.SDD.NAD:DSD_NAMAIN1@DF_QNA_INC_SAV(1.1),Q,N,EST,S1,S1,B6G,_Z,_Z,_Z,XDC,V,N,T0107,2010-Q2,2868.1,,,F,1,A,6,EUR
OECD.SDD.NAD:DSD_NAMAIN1@DF_QNA_INC_SAV(1.1),Q,N,EST,S1,S1,B6G,_Z,_Z,_Z,XDC,V,N,T0107,2010-Q1,2559.9,,,F,1,A,6,EUR
OECD.SDD.NAD:DSD_NAMAIN1@DF_QNA_INC_SAV(1.1),Q,N,PRT,S1,S1,B6N,_Z,_Z,_Z,XDC,V,N,T0107,2021-Q3,46220.2,,,F,1,A,6,EUR
OECD.SDD.NAD:DSD_NAMAIN1@DF_QNA_INC_SAV(1.1),Q,N,PRT,S1,S1,B6N,_Z,_Z,_Z,XDC,V,N,T0107,2021-Q2,43640.9,,,F,1,A,6,EUR
OECD.SDD.NAD:DSD_NAMAIN1@DF_QNA_INC_SAV(1.1),Q,N,GRC,S1,S1,B6G,_Z,_Z,_Z,XDC,V,N,T0107,2012-Q3,47554.9,,,F,1,A,6,EUR
OECD.SDD.NAD:DSD_NAMAIN1@DF_QNA_INC_SAV(1.1),Q,N,GRC,S1,S1,B6G,_Z,_Z,_Z,XDC,V,N,T0107,2012-Q2,46977.8,,,F,1,A,6,EUR
OECD.SDD.NAD:DSD_NAMAIN1@DF_QNA_INC_SAV(1.1),Q,N,GRC,S1,S1,B6G,_Z,_Z,_Z,XDC,V,N,T0107,2005-Q2,44664.9,,,F,1,A,6,EUR
OECD.SDD.NAD:DSD_NAMAIN1@DF_QNA_INC_SAV(1.1),Q,N,GRC,S1,S1,B6G,_Z,_Z,_Z,XDC,V,N,T0107,2005-Q1,44326.8,,,F,1,A,6,EUR
OECD.SDD.NAD:DSD_NAMAIN1@DF_QNA_INC_SAV(1.1),Q,N,GRC,S1,S1,B6G,_Z,_Z,_Z,XDC,V,N,T0107,2004-Q4,50440.6,,,F,1,A,6,EUR
OECD.SDD.NAD:DSD_NAMAIN1@DF_QNA_INC_SAV(1.1),Q,N,GRC,S1,S1,B6G,_Z,_Z,_Z,XDC,V,N,T0107,2004-Q3,49497.6,,,F,1,A,6,EUR
OECD.SDD.NAD:DSD_NAMAIN1@DF_QNA_INC_SAV(1.1),Q,N,GRC,S1,S1,B6G,_Z,_Z,_Z,XDC,V,N,T0107,2004-Q2,44432.1,,,F,1,A,6,EUR
OECD.SDD.NAD:DSD_NAMAIN1@DF_QNA_INC_SAV(1.1),Q,N,GRC,S1,S1,B6G,_Z,_Z,_Z,XDC,V,N,T0107,2004-Q1,43875.1,,,F,1,A,6,EUR
OECD.SDD.NAD:DSD_NAMAIN1@DF_QNA_INC_SAV(1.1),Q,N,GRC,S1,S1,B6G,_Z,_Z,_Z,XDC,V,N,T0107,2003-Q4,46973.3,,,F,1,A,6,EUR
OECD.SDD.NAD:DSD_NAMAIN1@DF_QNA_INC_SAV(1.1),Q,N,GRC,S1,S1,B6G,_Z,_Z,_Z,XDC,V,N,T0107,2003-Q3,44942.3,,,F,1,A,6,EUR
OECD.SDD.NAD:DSD_NAMAIN1@DF_QNA_INC_SAV(1.1),Q,N,GRC,S1,S1,B6G,_Z,_Z,_Z,XDC,V,N,T0107,2003-Q2,41991.7,,,F,1,A,6,EUR
OECD.SDD.NAD:DSD_NAMAIN1@DF_QNA_INC_SAV(1.1),Q,N,GRC,S1,S1,B6G,_Z,_Z,_Z,XDC,V,N,T0107,2003-Q1,40100.7,,,F,1,A,6,EUR
OECD.SDD.NAD:DSD_NAMAIN1@DF_QNA_INC_SAV(1.1),Q,N,GRC,S1,S1,B6G,_Z,_Z,_Z,XDC,V,N,T0107,2002-Q4,43339.3,,,F,1,A,6,EUR
OECD.SDD.NAD:DSD_NAMAIN1@DF_QNA_INC_SAV(1.1),Q,N,GRC,S1,S1,B6G,_Z,_Z,_Z,XDC,V,N,T0107,2002-Q3,41119.1,,,F,1,A,6,EUR
OECD.SDD.NAD:DSD_NAMAIN1@DF_QNA_INC_SAV(1.1),Q,N,EST,S1,S1,B6G,_Z,_Z,_Z,XDC,V,N,T0107,2025-Q2,8598.6,,,F,1,A,6,EUR
OECD.SDD.NAD:DSD_NAMAIN1@DF_QNA_INC_SAV(1.1),Q,N,EST,S1,S1,B6G,_Z,_Z,_Z,XDC,V,N,T0107,2025-Q1,7658.7,,,F,1,A,6,EUR
OECD.SDD.NAD:DSD_NAMAIN1@DF_QNA_INC_SAV(1.1),Q,N,EST,S1,S1,B6G,_Z,_Z,_Z,XDC,V,N,T0107,2024-Q4,8991.6,,,F,1,A,6,EUR
OECD.SDD.NAD:DSD_NAMAIN1@DF_QNA_INC_SAV(1.1),Q,N,EST,S1,S1,B6G,_Z,_Z,_Z,XDC,V,N,T0107,2024-Q3,8066.9,,,F,1,A,6,EUR
OECD.SDD.NAD:DSD_NAMAIN1@DF_QNA_INC_SAV(1.1),Q,N,EST,S1,S1,B6G,_Z,_Z,_Z,XDC,V,N,T0107,2024-Q2,8005.8,,,F,1,A,6,EUR
OECD.SDD.NAD:DSD_NAMAIN1@DF_QNA_INC_SAV(1.1),Q,N,EST,S1,S1,B6G,_Z,_Z,_Z,XDC,V,N,T0107,2024-Q1,7363.7,,,F,1,A,6,EUR
OECD.SDD.NAD:DSD_NAMAIN1@DF_QNA_INC_SAV(1.1),Q,N,EST,S1,S1,B6G,_Z,_Z,_Z,XDC,V,N,T0107,2023-Q4,8600.1,,,F,1,A,6,EUR
OECD.SDD.NAD:DSD_NAMAIN1@DF_QNA_INC_SAV(1.1),Q,N,EST,S1,S1,B6G,_Z,_Z,_Z,XDC,V,N,T0107,2023-Q3,7668.8,,,F,1,A,6,EUR
OECD.SDD.NAD:DSD_NAMAIN1@DF_QNA_INC_SAV(1.1),Q,N,EST,S1,S1,B6G,_Z,_Z,_Z,XDC,V,N,T0107,2023-Q2,7731.8,,,F,1,A,6,EUR
OECD.SDD.NAD:DSD_NAMAIN1@DF_QNA_INC_SAV(1.1),Q,N,EST,S1,S1,B6G,_Z,_Z,_Z,XDC,V,N,T0107,2023-Q1,7161.1,,,F,1,A,6,EUR
OECD.SDD.NAD:DSD_NAMAIN1@DF_QNA_INC_SAV(1.1),Q,N,EST,S1,S1,B6G,_Z,_Z,_Z,XDC,V,N,T0107,2022-Q4,8137.7,,,F,1,A,6,EUR
OECD.SDD.NAD:DSD_NAMAIN1@DF_QNA_INC_SAV(1.1),Q,N,EST,S1,S1,B6G,_Z,_Z,_Z,XDC,V,N,T0107,2022-Q3,7745.8,,,F,1,A,6,EUR
OECD.SDD.NAD:DSD_NAMAIN1@DF_QNA_INC_SAV(1.1),Q,N,EST,S1,S1,B6G,_Z,_Z,_Z,XDC,V,N,T0107,2022-Q2,7225.2,,,F,1,A,6,EUR
OECD.SDD.NAD:DSD_NAMAIN1@DF_QNA_INC_SAV(1.1),Q,N,EST,S1,S1,B6G,_Z,_Z,_Z,XDC,V,N,T0107,2022-Q1,6472,,,F,1,A,6,EUR
OECD.SDD.NAD:DSD_NAMAIN1@DF_QNA_INC_SAV(1.1),Q,N,EST,S1,S1,B6G,_Z,_Z,_Z,XDC,V,N,T0107,2021-Q4,7254.3,,,F,1,A,6,EUR
OECD.SDD.NAD:DSD_NAMAIN1@DF_QNA_INC_SAV(1.1),Q,N,EST,S1,S1,B6G,_Z,_Z,_Z,XDC,V,N,T0107,2021-Q3,6590.2,,,F,1,A,6,EUR
OECD.SDD.NAD:DSD_NAMAIN1@DF_QNA_INC_SAV(1.1),Q,N,EST,S1,S1,B6G,_Z,_Z,_Z,XDC,V,N,T0107,2021-Q2,6174.1,,,F,1,A,6,EUR
OECD.SDD.NAD:DSD_NAMAIN1@DF_QNA_INC_SAV(1.1),Q,N,EST,S1,S1,B6G,_Z,_Z,_Z,XDC,V,N,T0107,2021-Q1,5622.5,,,F,1,A,6,EUR
OECD.SDD.NAD:DSD_NAMAIN1@DF_QNA_INC_SAV(1.1),Q,N,EST,S1,S1,B6G,_Z,_Z,_Z,XDC,V,N,T0107,2020-Q4,6305.7,,,F,1,A,6,EUR
OECD.SDD.NAD:DSD_NAMAIN1@DF_QNA_INC_SAV(1.1),Q,N,EST,S1,S1,B6G,_Z,_Z,_Z,XDC,V,N,T0107,2020-Q3,5835.4,,,F,1,A,6,EUR
OECD.SDD.NAD:DSD_NAMAIN1@DF_QNA_INC_SAV(1.1),Q,N,EST,S1,S1,B6G,_Z,_Z,_Z,XDC,V,N,T0107,2020-Q2,5372.8,,,F,1,A,6,EUR
OECD.SDD.NAD:DSD_NAMAIN1@DF_QNA_INC_SAV(1.1),Q,N,GRC,S1,S1,B6G,_Z,_Z,_Z,XDC,V,N,T0107,2002-Q2,39012.4,,,F,1,A,6,EUR
OECD.SDD.NAD:DSD_NAMAIN1@DF_QNA_INC_SAV(1.1),Q,N,GRC,S1,S1,B6G,_Z,_Z,_Z,XDC,V,N,T0107,2002-Q1,37127.1,,,F,1,A,6,EUR
OECD.SDD.NAD:DSD_NAMAIN1@DF_QNA_INC_SAV(1.1),Q,N,GRC,S1,S1,B6G,_Z,_Z,_Z,XDC,V,N,T0107,2001-Q4,40243.9,,,F,1,A,6,EUR
OECD.SDD.NAD:DSD_NAMAIN1@DF_QNA_INC_SAV(1.1),Q,N,GRC,S1,S1,B6G,_Z,_Z,_Z,XDC,V,N,T0107,2001-Q3,38592,,,F,1,A,6,EUR
OECD.SDD.NAD:DSD_NAMAIN1@DF_QNA_INC_SAV(1.1),Q,N,GRC,S1,S1,B6G,_Z,_Z,_Z,XDC,V,N,T0107,2001-Q2,35666,,,F,1,A,6,EUR
OECD.SDD.NAD:DSD_NAMAIN1@DF_QNA_INC_SAV(1.1),Q,N,GRC,S1,S1,B6G,_Z,_Z,_Z,XDC,V,N,T0107,2001-Q1,34576.2,,,F,1,A,6,EUR
OECD.SDD.NAD:DSD_NAMAIN1@DF_QNA_INC_SAV(1.1),Q,N,GRC,S1,S1,B6G,_Z,_Z,_Z,XDC,V,N,T0107,2000-Q4,37198.8,,,F,1,A,6,EUR
OECD.SDD.NAD:DSD_NAMAIN1@DF_QNA_INC_SAV(1.1),Q,N,GRC,S1,S1,B6G,_Z,_Z,_Z,XDC,V,N,T0107,2000-Q3,35841.4,,,F,1,A,6,EUR
OECD.SDD.NAD:DSD_NAMAIN1@DF_QNA_INC_SAV(1.1),Q,N,GRC,S1,S1,B6G,_Z,_Z,_Z,XDC,V,N,T0107,2000-Q2,33744.8,,,F,1,A,6,EUR
OECD.SDD.NAD:DSD_NAMAIN1@DF_QNA_INC_SAV(1.1),Q,N,GRC,S1,S1,B6G,_Z,_Z,_Z,XDC,V,N,T0107,2000-Q1,32088.7,,,F,1,A,6,EUR
OECD.SDD.NAD:DSD_NAMAIN1@DF_QNA_INC_SAV(1.1),Q,N,GRC,S1,S1,B6G,_Z,_Z,_Z,XDC,V,N,T0107,2022-Q4,53231.4,,,F,1,A,6,EUR
OECD.SDD.NAD:DSD_NAMAIN1@DF_QNA_INC_SAV(1.1),Q,N,GRC,S1,S1,B6G,_Z,_Z,_Z,XDC,V,N,T0107,2022-Q3,55476.5,,,F,1,A,6,EUR
OECD.SDD.NAD:DSD_NAMAIN1@DF_QNA_INC_SAV(1.1),Q,N,GRC,S1,S1,B6G,_Z,_Z,_Z,XDC,V,N,T0107,2022-Q2,50412.1,,,F,1,A,6,EUR
OECD.SDD.NAD:DSD_NAMAIN1@DF_QNA_INC_SAV(1.1),Q,N,DEU,S1,S1,B6N,_Z,_Z,_Z,XDC,V,N,T0107,2010-Q4,576570,,,F,1,A,6,EUR
OECD.SDD.NAD:DSD_NAMAIN1@DF_QNA_INC_SAV(1.1),Q,N,DEU,S1,S1,B6N,_Z,_Z,_Z,XDC,V,N,T0107,2010-Q3,551263,,,F,1,A,6,EUR
OECD.SDD.NAD:DSD_NAMAIN1@DF_QNA_INC_SAV(1.1),Q,N,DEU,S1,S1,B6N,_Z,_Z,_Z,XDC,V,N,T0107,2010-Q2,521695,,,F,1,A,6,EUR
OECD.SDD.NAD:DSD_NAMAIN1@DF_QNA_INC_SAV(1.1),Q,N,DEU,S1,S1,B6N,_Z,_Z,_Z,XDC,V,N,T0107,2010-Q1,517427,,,F,1,A,6,EUR
OECD.SDD.NAD:DSD_NAMAIN1@DF_QNA_INC_SAV(1.1),Q,N,DEU,S1,S1,B6N,_Z,_Z,_Z,XDC,V,N,T0107,2009-Q4,542756,,,F,1,A,6,EUR
OECD.SDD.NAD:DSD_NAMAIN1@DF_QNA_INC_SAV(1.1),Q,N,DEU,S1,S1,B6N,_Z,_Z,_Z,XDC,V,N,T0107,2009-Q3,525546,,,F,1,A,6,EUR
OECD.SDD.NAD:DSD_NAMAIN1@DF_QNA_INC_SAV(1.1),Q,N,PRT,S1,S1,B6N,_Z,_Z,_Z,XDC,V,N,T0107,2023-Q4,57682.8,,,F,1,A,6,EUR
OECD.SDD.NAD:DSD_NAMAIN1@DF_QNA_INC_SAV(1.1),Q,N,PRT,S1,S1,B6N,_Z,_Z,_Z,XDC,V,N,T0107,2023-Q3,56391.5,,,F,1,A,6,EUR
OECD.SDD.NAD:DSD_NAMAIN1@DF_QNA_INC_SAV(1.1),Q,N,PRT,S1,S1,B6N,_Z,_Z,_Z,XDC,V,N,T0107,2023-Q2,54092.3,,,F,1,A,6,EUR
OECD.SDD.NAD:DSD_NAMAIN1@DF_QNA_INC_SAV(1.1),Q,N,PRT,S1,S1,B6N,_Z,_Z,_Z,XDC,V,N,T0107,2023-Q1,51078,,,F,1,A,6,EUR
OECD.SDD.NAD:DSD_NAMAIN1@DF_QNA_INC_SAV(1.1),Q,N,PRT,S1,S1,B6N,_Z,_Z,_Z,XDC,V,N,T0107,2022-Q4,53489.7,,,F,1,A,6,EUR
OECD.SDD.NAD:DSD_NAMAIN1@DF_QNA_INC_SAV(1.1),Q,N,PRT,S1,S1,B6N,_Z,_Z,_Z,XDC,V,N,T0107,2022-Q3,50638.3,,,F,1,A,6,EUR
OECD.SDD.NAD:DSD_NAMAIN1@DF_QNA_INC_SAV(1.1),Q,N,PRT,S1,S1,B6N,_Z,_Z,_Z,XDC,V,N,T0107,2022-Q2,48645,,,F,1,A,6,EUR
OECD.SDD.NAD:DSD_NAMAIN1@DF_QNA_INC_SAV(1.1),Q,N,PRT,S1,S1,B6N,_Z,_Z,_Z,XDC,V,N,T0107,2022-Q1,45057.5,,,F,1,A,6,EUR
OECD.SDD.NAD:DSD_NAMAIN1@DF_QNA_INC_SAV(1.1),Q,N,PRT,S1,S1,B6N,_Z,_Z,_Z,XDC,V,N,T0107,2021-Q4,48744.6,,,F,1,A,6,EUR
OECD.SDD.NAD:DSD_NAMAIN1@DF_QNA_INC_SAV(1.1),Q,N,GRC,S1,S1,B6G,_Z,_Z,_Z,XDC,V,N,T0107,2011-Q1,47090.9,,,F,1,A,6,EUR
OECD.SDD.NAD:DSD_NAMAIN1@DF_QNA_INC_SAV(1.1),Q,N,GRC,S1,S1,B6G,_Z,_Z,_Z,XDC,V,N,T0107,2010-Q4,55880.2,,,F,1,A,6,EUR
OECD.SDD.NAD:DSD_NAMAIN1@DF_QNA_INC_SAV(1.1),Q,N,GRC,S1,S1,B6G,_Z,_Z,_Z,XDC,V,N,T0107,2010-Q3,54091.2,,,F,1,A,6,EUR
OECD.SDD.NAD:DSD_NAMAIN1@DF_QNA_INC_SAV(1.1),Q,N,GRC,S1,S1,B6G,_Z,_Z,_Z,XDC,V,N,T0107,2010-Q2,54326.4,,,F,1,A,6,EUR
OECD.SDD.NAD:DSD_NAMAIN1@DF_QNA_INC_SAV(1.1),Q,N,GRC,S1,S1,B6G,_Z,_Z,_Z,XDC,V,N,T0107,2009-Q4,61101.2,,,F,1,A,6,EUR
OECD.SDD.NAD:DSD_NAMAIN1@DF_QNA_INC_SAV(1.1),Q,N,GRC,S1,S1,B6G,_Z,_Z,_Z,XDC,V,N,T0107,2009-Q3,58050,,,F,1,A,6,EUR
OECD.SDD.NAD:DSD_NAMAIN1@DF_QNA_INC_SAV(1.1),Q,N,EST,S1,S1,B6G,_Z,_Z,_Z,XDC,V,N,T0107,2004-Q3,2098.6,,,F,1,A,6,EUR
OECD.SDD.NAD:DSD_NAMAIN1@DF_QNA_INC_SAV(1.1),Q,N,EST,S1,S1,B6G,_Z,_Z,_Z,XDC,V,N,T0107,2002-Q4,1679.4,,,F,1,A,6,EUR
OECD.SDD.NAD:DSD_NAMAIN1@DF_QNA_INC_SAV(1.1),Q,N,EST,S1,S1,B6G,_Z,_Z,_Z,XDC,V,N,T0107,2002-Q3,1639.4,,,F,1,A,6,EUR
OECD.SDD.NAD:DSD_NAMAIN1@DF_QNA_INC_SAV(1.1),Q,N,EST,S1,S1,B6G,_Z,_Z,_Z,XDC,V,N,T0107,2002-Q2,1669.2,,,F,1,A,6,EUR
OECD.SDD.NAD:DSD_NAMAIN1@DF_QNA_INC_SAV(1.1),Q,N,FRA,S1,S1,B6N,_Z,_Z,_Z,XDC,V,N,T0107,2012-Q4,445191.9,,,F,1,A,6,EUR
OECD.SDD.NAD:DSD_NAMAIN1@DF_QNA_INC_SAV(1.1),Q,N,FRA,S1,S1,B6N,_Z,_Z,_Z,XDC,V,N,T0107,2012-Q3,418889.5,,,F,1,A,6,EUR
OECD.SDD.NAD:DSD_NAMAIN1@DF_QNA_INC_SAV(1.1),Q,N,FRA,S1,S1,B6N,_Z,_Z,_Z,XDC,V,N,T0107,2012-Q2,448880.4,,,F,1,A,6,EUR
OECD.SDD.NAD:DSD_NAMAIN1@DF_QNA_INC_SAV(1.1),Q,N,FRA,S1,S1,B6N,_Z,_Z,_Z,XDC,V,N,T0107,2012-Q1,423308.6,,,F,1,A,6,EUR
OECD.SDD.NAD:DSD_NAMAIN1@DF_QNA_INC_SAV(1.1),Q,N,FRA,S1,S1,B6N,_Z,_Z,_Z,XDC,V,N,T0107,2011-Q4,444296,,,F,1,A,6,EUR
OECD.SDD.NAD:DSD_NAMAIN1@DF_QNA_INC_SAV(1.1),Q,N,FRA,S1,S1,B6N,_Z,_Z,_Z,XDC,V,N,T0107,2011-Q3,418803.7,,,F,1,A,6,EUR
OECD.SDD.NAD:DSD_NAMAIN1@DF_QNA_INC_SAV(1.1),Q,N,FRA,S1,S1,B6N,_Z,_Z,_Z,XDC,V,N,T0107,2011-Q2,448547.3,,,F,1,A,6,EUR
OECD.SDD.NAD:DSD_NAMAIN1@DF_QNA_INC_SAV(1.1),Q,N,FRA,S1,S1,B6N,_Z,_Z,_Z,XDC,V,N,T0107,2011-Q1,420999.6,,,F,1,A,6,EUR
OECD.SDD.NAD:DSD_NAMAIN1@DF_QNA_INC_SAV(1.1),Q,N,FRA,S1,S1,B6N,_Z,_Z,_Z,XDC,V,N,T0107,2010-Q4,434056.9,,,F,1,A,6,EUR
OECD.SDD.NAD:DSD_NAMAIN1@DF_QNA_INC_SAV(1.1),Q,N,FRA,S1,S1,B6N,_Z,_Z,_Z,XDC,V,N,T0107,2010-Q3,409798.7,,,F,1,A,6,EUR
OECD.SDD.NAD:DSD_NAMAIN1@DF_QNA_INC_SAV(1.1),Q,N,FRA,S1,S1,B6N,_Z,_Z,_Z,XDC,V,N,T0107,2010-Q2,427390.8,,,F,1,A,6,EUR
OECD.SDD.NAD:DSD_NAMAIN1@DF_QNA_INC_SAV(1.1),Q,N,FRA,S1,S1,B6N,_Z,_Z,_Z,XDC,V,N,T0107,2010-Q1,400545.4,,,F,1,A,6,EUR
OECD.SDD.NAD:DSD_NAMAIN1@DF_QNA_INC_SAV(1.1),Q,N,FRA,S1,S1,B6N,_Z,_Z,_Z,XDC,V,N,T0107,2009-Q4,421254.2,,,F,1,A,6,EUR
OECD.SDD.NAD:DSD_NAMAIN1@DF_QNA_INC_SAV(1.1),Q,N,FRA,S1,S1,B6N,_Z,_Z,_Z,XDC,V,N,T0107,2009-Q3,395623.2,,,F,1,A,6,EUR
OECD.SDD.NAD:DSD_NAMAIN1@DF_QNA_INC_SAV(1.1),Q,N,FRA,S1,S1,B6N,_Z,_Z,_Z,XDC,V,N,T0107,2009-Q2,406780.2,,,F,1,A,6,EUR
OECD.SDD.NAD:DSD_NAMAIN1@DF_QNA_INC_SAV(1.1),Q,N,FRA,S1,S1,B6N,_Z,_Z,_Z,XDC,V,N,T0107,2009-Q1,393529.6,,,F,1,A,6,EUR
OECD.SDD.NAD:DSD_NAMAIN1@DF_QNA_INC_SAV(1.1),Q,N,FRA,S1,S1,B6N,_Z,_Z,_Z,XDC,V,N,T0107,2008-Q4,425152.7,,,F,1,A,6,EUR
OECD.SDD.NAD:DSD_NAMAIN1@DF_QNA_INC_SAV(1.1),Q,N,FRA,S1,S1,B6N,_Z,_Z,_Z,XDC,V,N,T0107,2008-Q3,408388.8,,,F,1,A,6,EUR
OECD.SDD.NAD:DSD_NAMAIN1@DF_QNA_INC_SAV(1.1),Q,N,FRA,S1,S1,B6N,_Z,_Z,_Z,XDC,V,N,T0107,2008-Q2,432647.1,,,F,1,A,6,EUR
OECD.SDD.NAD:DSD_NAMAIN1@DF_QNA_INC_SAV(1.1),Q,N,FRA,S1,S1,B6N,_Z,_Z,_Z,XDC,V,N,T0107,2008-Q1,410603.2,,,F,1,A,6,EUR
OECD.SDD.NAD:DSD_NAMAIN1@DF_QNA_INC_SAV(1.1),Q,N,FRA,S1,S1,B6N,_Z,_Z,_Z,XDC,V,N,T0107,2007-Q4,426955.7,,,F,1,A,6,EUR
OECD.SDD.NAD:DSD_NAMAIN1@DF_QNA_INC_SAV(1.1),Q,N,FRA,S1,S1,B6N,_Z,_Z,_Z,XDC,V,N,T0107,2007-Q3,398821.4,,,F,1,A,6,EUR
OECD.SDD.NAD:DSD_NAMAIN1@DF_QNA_INC_SAV(1.1),Q,N,FRA,S1,S1,B6N,_Z,_Z,_Z,XDC,V,N,T0107,2007-Q2,414335.9,,,F,1,A,6,EUR
OECD.SDD.NAD:DSD_NAMAIN1@DF_QNA_INC_SAV(1.1),Q,N,FRA,S1,S1,B6N,_Z,_Z,_Z,XDC,V,N,T0107,2007-Q1,397420.2,,,F,1,A,6,EUR
OECD.SDD.NAD:DSD_NAMAIN1@DF_QNA_INC_SAV(1.1),Q,N,FRA,S1,S1,B6N,_Z,_Z,_Z,XDC,V,N,T0107,2006-Q4,409438.4,,,F,1,A,6,EUR
OECD.SDD.NAD:DSD_NAMAIN1@DF_QNA_INC_SAV(1.1),Q,N,EST,S1,S1,B6G,_Z,_Z,_Z,XDC,V,N,T0107,2018-Q4,6024.7,,,F,1,A,6,EUR
OECD.SDD.NAD:DSD_NAMAIN1@DF_QNA_INC_SAV(1.1),Q,N,EST,S1,S1,B6G,_Z,_Z,_Z,XDC,V,N,T0107,2018-Q3,5511.7,,,F,1,A,6,EUR
OECD.SDD.NAD:DSD_NAMAIN1@DF_QNA_INC_SAV(1.1),Q,N,EST,S1,S1,B6G,_Z,_Z,_Z,XDC,V,N,T0107,2020-Q1,5292.2,,,F,1,A,6,EUR
OECD.SDD.NAD:DSD_NAMAIN1@DF_QNA_INC_SAV(1.1),Q,N,EST,S1,S1,B6G,_Z,_Z,_Z,XDC,V,N,T0107,2019-Q4,6340.3,,,F,1,A,6,EUR
OECD.SDD.NAD:DSD_NAMAIN1@DF_QNA_INC_SAV(1.1),Q,N,EST,S1,S1,B6G,_Z,_Z,_Z,XDC,V,N,T0107,2019-Q3,5973.8,,,F,1,A,6,EUR
OECD.SDD.NAD:DSD_NAMAIN1@DF_QNA_INC_SAV(1.1),Q,N,EST,S1,S1,B6G,_Z,_Z,_Z,XDC,V,N,T0107,2019-Q2,5896.9,,,F,1,A,6,EUR
OECD.SDD.NAD:DSD_NAMAIN1@DF_QNA_INC_SAV(1.1),Q,N,EST,S1,S1,B6G,_Z,_Z,_Z,XDC,V,N,T0107,2019-Q1,5310.8,,,F,1,A,6,EUR
OECD.SDD.NAD:DSD_NAMAIN1@DF_QNA_INC_SAV(1.1),Q,N,FRA,S1,S1,B6N,_Z,_Z,_Z,XDC,V,N,T0107,2025-Q4,627671,,,F,1,A,6,EUR
OECD.SDD.NAD:DSD_NAMAIN1@DF_QNA_INC_SAV(1.1),Q,N,FRA,S1,S1,B6N,_Z,_Z,_Z,XDC,V,N,T0107,2025-Q3,588430.1,,,F,1,A,6,EUR
OECD.SDD.NAD:DSD_NAMAIN1@DF_QNA_INC_SAV(1.1),Q,N,FRA,S1,S1,B6N,_Z,_Z,_Z,XDC,V,N,T0107,2025-Q2,635728.7,,,F,1,A,6,EUR
OECD.SDD.NAD:DSD_NAMAIN1@DF_QNA_INC_SAV(1.1),Q,N,FRA,S1,S1,B6N,_Z,_Z,_Z,XDC,V,N,T0107,2025-Q1,588444.9,,,F,1,A,6,EUR
OECD.SDD.NAD:DSD_NAMAIN1@DF_QNA_INC_SAV(1.1),Q,N,FRA,S1,S1,B6N,_Z,_Z,_Z,XDC,V,N,T0107,2024-Q4,609857.6,,,F,1,A,6,EUR
OECD.SDD.NAD:DSD_NAMAIN1@DF_QNA_INC_SAV(1.1),Q,N,FRA,S1,S1,B6N,_Z,_Z,_Z,XDC,V,N,T0107,2024-Q3,579254.3,,,F,1,A,6,EUR
OECD.SDD.NAD:DSD_NAMAIN1@DF_QNA_INC_SAV(1.1),Q,N,FRA,S1,S1,B6N,_Z,_Z,_Z,XDC,V,N,T0107,2024-Q2,621814.7,,,F,1,A,6,EUR
OECD.SDD.NAD:DSD_NAMAIN1@DF_QNA_INC_SAV(1.1),Q,N,FRA,S1,S1,B6N,_Z,_Z,_Z,XDC,V,N,T0107,2024-Q1,579897.7,,,F,1,A,6,EUR
OECD.SDD.NAD:DSD_NAMAIN1@DF_QNA_INC_SAV(1.1),Q,N,FRA,S1,S1,B6N,_Z,_Z,_Z,XDC,V,N,T0107,2023-Q4,600817.3,,,F,1,A,6,EUR
OECD.SDD.NAD:DSD_NAMAIN1@DF_QNA_INC_SAV(1.1),Q,N,FRA,S1,S1,B6N,_Z,_Z,_Z,XDC,V,N,T0107,2023-Q3,557528,,,F,1,A,6,EUR
OECD.SDD.NAD:DSD_NAMAIN1@DF_QNA_INC_SAV(1.1),Q,N,FRA,S1,S1,B6N,_Z,_Z,_Z,XDC,V,N,T0107,2023-Q2,604928.2,,,F,1,A,6,EUR
OECD.SDD.NAD:DSD_NAMAIN1@DF_QNA_INC_SAV(1.1),Q,N,FRA,S1,S1,B6N,_Z,_Z,_Z,XDC,V,N,T0107,2023-Q1,553232.6,,,F,1,A,6,EUR
OECD.SDD.NAD:DSD_NAMAIN1@DF_QNA_INC_SAV(1.1),Q,N,FRA,S1,S1,B6N,_Z,_Z,_Z,XDC,V,N,T0107,2022-Q4,568700.9,,,F,1,A,6,EUR
OECD.SDD.NAD:DSD_NAMAIN1@DF_QNA_INC_SAV(1.1),Q,N,FRA,S1,S1,B6N,_Z,_Z,_Z,XDC,V,N,T0107,2022-Q3,529173.9,,,F,1,A,6,EUR
OECD.SDD.NAD:DSD_NAMAIN1@DF_QNA_INC_SAV(1.1),Q,N,FRA,S1,S1,B6N,_Z,_Z,_Z,XDC,V,N,T0107,2022-Q2,564889,,,F,1,A,6,EUR
OECD.SDD.NAD:DSD_NAMAIN1@DF_QNA_INC_SAV(1.1),Q,N,FRA,S1,S1,B6N,_Z,_Z,_Z,XDC,V,N,T0107,2022-Q1,524303.8,,,F,1,A,6,EUR
OECD.SDD.NAD:DSD_NAMAIN1@DF_QNA_INC_SAV(1.1),Q,N,FRA,S1,S1,B6N,_Z,_Z,_Z,XDC,V,N,T0107,2021-Q4,550424.3,,,F,1,A,6,EUR
OECD.SDD.NAD:DSD_NAMAIN1@DF_QNA_INC_SAV(1.1),Q,N,FRA,S1,S1,B6N,_Z,_Z,_Z,XDC,V,N,T0107,2021-Q3,516803.8,,,F,1,A,6,EUR
OECD.SDD.NAD:DSD_NAMAIN1@DF_QNA_INC_SAV(1.1),Q,N,FRA,S1,S1,B6N,_Z,_Z,_Z,XDC,V,N,T0107,2021-Q2,525133.5,,,F,1,A,6,EUR
OECD.SDD.NAD:DSD_NAMAIN1@DF_QNA_INC_SAV(1.1),Q,N,FRA,S1,S1,B6N,_Z,_Z,_Z,XDC,V,N,T0107,2021-Q1,486595.5,,,F,1,A,6,EUR
OECD.SDD.NAD:DSD_NAMAIN1@DF_QNA_INC_SAV(1.1),Q,N,FRA,S1,S1,B6N,_Z,_Z,_Z,XDC,V,N,T0107,2020-Q4,509683.3,,,F,1,A,6,EUR
OECD.SDD.NAD:DSD_NAMAIN1@DF_QNA_INC_SAV(1.1),Q,N,FRA,S1,S1,B6N,_Z,_Z,_Z,XDC,V,N,T0107,2020-Q3,472357.4,,,F,1,A,6,EUR
OECD.SDD.NAD:DSD_NAMAIN1@DF_QNA_INC_SAV(1.1),Q,N,FRA,S1,S1,B6N,_Z,_Z,_Z,XDC,V,N,T0107,2020-Q2,428687.1,,,F,1,A,6,EUR
OECD.SDD.NAD:DSD_NAMAIN1@DF_QNA_INC_SAV(1.1),Q,N,FRA,S1,S1,B6N,_Z,_Z,_Z,XDC,V,N,T0107,2020-Q1,466767.2,,,F,1,A,6,EUR
OECD.SDD.NAD:DSD_NAMAIN1@DF_QNA_INC_SAV(1.1),Q,N,FRA,S1,S1,B6N,_Z,_Z,_Z,XDC,V,N,T0107,2019-Q4,526336.2,,,F,1,A,6,EUR
OECD.SDD.NAD:DSD_NAMAIN1@DF_QNA_INC_SAV(1.1),Q,N,FRA,S1,S1,B6N,_Z,_Z,_Z,XDC,V,N,T0107,2019-Q3,496591.8,,,F,1,A,6,EUR
OECD.SDD.NAD:DSD_NAMAIN1@DF_QNA_INC_SAV(1.1),Q,N,PRT,S1,S1,B6N,_Z,_Z,_Z,XDC,V,N,T0107,2020-Q4,44252.5,,,F,1,A,6,EUR
OECD.SDD.NAD:DSD_NAMAIN1@DF_QNA_INC_SAV(1.1),Q,N,GRC,S1,S1,B6G,_Z,_Z,_Z,XDC,V,N,T0107,2012-Q1,43424,,,F,1,A,6,EUR
OECD.SDD.NAD:DSD_NAMAIN1@DF_QNA_INC_SAV(1.1),Q,N,GRC,S1,S1,B6G,_Z,_Z,_Z,XDC,V,N,T0107,2011-Q4,49382.4,,,F,1,A,6,EUR
OECD.SDD.NAD:DSD_NAMAIN1@DF_QNA_INC_SAV(1.1),Q,N,GRC,S1,S1,B6G,_Z,_Z,_Z,XDC,V,N,T0107,2011-Q3,49912.4,,,F,1,A,6,EUR
OECD.SDD.NAD:DSD_NAMAIN1@DF_QNA_INC_SAV(1.1),Q,N,GRC,S1,S1,B6G,_Z,_Z,_Z,XDC,V,N,T0107,2011-Q2,50037.9,,,F,1,A,6,EUR
OECD.SDD.NAD:DSD_NAMAIN1@DF_QNA_INC_SAV(1.1),Q,N,PRT,S1,S1,B6N,_Z,_Z,_Z,XDC,V,N,T0107,2018-Q1,40078.9,,,F,1,A,6,EUR
OECD.SDD.NAD:DSD_NAMAIN1@DF_QNA_INC_SAV(1.1),Q,N,PRT,S1,S1,B6N,_Z,_Z,_Z,XDC,V,N,T0107,2017-Q4,42682.9,,,F,1,A,6,EUR
OECD.SDD.NAD:DSD_NAMAIN1@DF_QNA_INC_SAV(1.1),Q,N,PRT,S1,S1,B6N,_Z,_Z,_Z,XDC,V,N,T0107,2017-Q3,41513.5,,,F,1,A,6,EUR
OECD.SDD.NAD:DSD_NAMAIN1@DF_QNA_INC_SAV(1.1),Q,N,PRT,S1,S1,B6N,_Z,_Z,_Z,XDC,V,N,T0107,2017-Q2,39952.3,,,F,1,A,6,EUR
OECD.SDD.NAD:DSD_NAMAIN1@DF_QNA_INC_SAV(1.1),Q,N,FRA,S1,S1,B6N,_Z,_Z,_Z,XDC,V,N,T0107,2015-Q3,444550.3,,,F,1,A,6,EUR
OECD.SDD.NAD:DSD_NAMAIN1@DF_QNA_INC_SAV(1.1),Q,N,FRA,S1,S1,B6N,_Z,_Z,_Z,XDC,V,N,T0107,2015-Q2,471705.2,,,F,1,A,6,EUR
OECD.SDD.NAD:DSD_NAMAIN1@DF_QNA_INC_SAV(1.1),Q,N,FRA,S1,S1,B6N,_Z,_Z,_Z,XDC,V,N,T0107,2015-Q1,438148.6,,,F,1,A,6,EUR
OECD.SDD.NAD:DSD_NAMAIN1@DF_QNA_INC_SAV(1.1),Q,N,FRA,S1,S1,B6N,_Z,_Z,_Z,XDC,V,N,T0107,2014-Q4,462744.6,,,F,1,A,6,EUR
OECD.SDD.NAD:DSD_NAMAIN1@DF_QNA_INC_SAV(1.1),Q,N,FRA,S1,S1,B6N,_Z,_Z,_Z,XDC,V,N,T0107,2014-Q3,435161,,,F,1,A,6,EUR
OECD.SDD.NAD:DSD_NAMAIN1@DF_QNA_INC_SAV(1.1),Q,N,FRA,S1,S1,B6N,_Z,_Z,_Z,XDC,V,N,T0107,2014-Q2,461700.7,,,F,1,A,6,EUR
OECD.SDD.NAD:DSD_NAMAIN1@DF_QNA_INC_SAV(1.1),Q,N,FRA,S1,S1,B6N,_Z,_Z,_Z,XDC,V,N,T0107,2014-Q1,427734.5,,,F,1,A,6,EUR
OECD.SDD.NAD:DSD_NAMAIN1@DF_QNA_INC_SAV(1.1),Q,N,FRA,S1,S1,B6N,_Z,_Z,_Z,XDC,V,N,T0107,2013-Q4,453729.7,,,F,1,A,6,EUR
OECD.SDD.NAD:DSD_NAMAIN1@DF_QNA_INC_SAV(1.1),Q,N,FRA,S1,S1,B6N,_Z,_Z,_Z,XDC,V,N,T0107,2013-Q3,427105.6,,,F,1,A,6,EUR
OECD.SDD.NAD:DSD_NAMAIN1@DF_QNA_INC_SAV(1.1),Q,N,FRA,S1,S1,B6N,_Z,_Z,_Z,XDC,V,N,T0107,2013-Q2,459488,,,F,1,A,6,EUR
OECD.SDD.NAD:DSD_NAMAIN1@DF_QNA_INC_SAV(1.1),Q,N,FRA,S1,S1,B6N,_Z,_Z,_Z,XDC,V,N,T0107,2013-Q1,422402.5,,,F,1,A,6,EUR
OECD.SDD.NAD:DSD_NAMAIN1@DF_QNA_INC_SAV(1.1),Q,N,NLD,S1,S1,B6N,_Z,_Z,_Z,XDC,V,N,T0107,2006-Q3,114864,,,F,1,A,6,EUR
OECD.SDD.NAD:DSD_NAMAIN1@DF_QNA_INC_SAV(1.1),Q,N,NLD,S1,S1,B6N,_Z,_Z,_Z,XDC,V,N,T0107,2006-Q2,118159,,,F,1,A,6,EUR
OECD.SDD.NAD:DSD_NAMAIN1@DF_QNA_INC_SAV(1.1),Q,N,NLD,S1,S1,B6N,_Z,_Z,_Z,XDC,V,N,T0107,2006-Q1,120000,,,F,1,A,6,EUR
OECD.SDD.NAD:DSD_NAMAIN1@DF_QNA_INC_SAV(1.1),Q,N,NLD,S1,S1,B6N,_Z,_Z,_Z,XDC,V,N,T0107,2005-Q4,120485,,,F,1,A,6,EUR
OECD.SDD.NAD:DSD_NAMAIN1@DF_QNA_INC_SAV(1.1),Q,N,NLD,S1,S1,B6N,_Z,_Z,_Z,XDC,V,N,T0107,2005-Q3,107873,,,F,1,A,6,EUR
OECD.SDD.NAD:DSD_NAMAIN1@DF_QNA_INC_SAV(1.1),Q,N,NLD,S1,S1,B6N,_Z,_Z,_Z,XDC,V,N,T0107,2005-Q2,111560,,,F,1,A,6,EUR
OECD.SDD.NAD:DSD_NAMAIN1@DF_QNA_INC_SAV(1.1),Q,N,NLD,S1,S1,B6N,_Z,_Z,_Z,XDC,V,N,T0107,2005-Q1,107868,,,F,1,A,6,EUR
OECD.SDD.NAD:DSD_NAMAIN1@DF_QNA_INC_SAV(1.1),Q,N,NLD,S1,S1,B6N,_Z,_Z,_Z,XDC,V,N,T0107,2004-Q4,112574,,,F,1,A,6,EUR
OECD.SDD.NAD:DSD_NAMAIN1@DF_QNA_INC_SAV(1.1),Q,N,NLD,S1,S1,B6N,_Z,_Z,_Z,XDC,V,N,T0107,2004-Q3,104588,,,F,1,A,6,EUR
OECD.SDD.NAD:DSD_NAMAIN1@DF_QNA_INC_SAV(1.1),Q,N,NLD,S1,S1,B6N,_Z,_Z,_Z,XDC,V,N,T0107,2018-Q4,170180,,,F,1,A,6,EUR
OECD.SDD.NAD:DSD_NAMAIN1@DF_QNA_INC_SAV(1.1),Q,N,NLD,S1,S1,B6N,_Z,_Z,_Z,XDC,V,N,T0107,2018-Q3,158524,,,F,1,A,6,EUR
OECD.SDD.NAD:DSD_NAMAIN1@DF_QNA_INC_SAV(1.1),Q,N,NLD,S1,S1,B6N,_Z,_Z,_Z,XDC,V,N,T0107,2018-Q2,160735,,,F,1,A,6,EUR
OECD.SDD.NAD:DSD_NAMAIN1@DF_QNA_INC_SAV(1.1),Q,N,NLD,S1,S1,B6N,_Z,_Z,_Z,XDC,V,N,T0107,2018-Q1,158666,,,F,1,A,6,EUR
OECD.SDD.NAD:DSD_NAMAIN1@DF_QNA_INC_SAV(1.1),Q,N,NLD,S1,S1,B6N,_Z,_Z,_Z,XDC,V,N,T0107,2017-Q4,160123,,,F,1,A,6,EUR
OECD.SDD.NAD:DSD_NAMAIN1@DF_QNA_INC_SAV(1.1),Q,N,NLD,S1,S1,B6N,_Z,_Z,_Z,XDC,V,N,T0107,2017-Q3,150274,,,F,1,A,6,EUR
OECD.SDD.NAD:DSD_NAMAIN1@DF_QNA_INC_SAV(1.1),Q,N,NLD,S1,S1,B6N,_Z,_Z,_Z,XDC,V,N,T0107,2017-Q2,150753,,,F,1,A,6,EUR
OECD.SDD.NAD:DSD_NAMAIN1@DF_QNA_INC_SAV(1.1),Q,N,NLD,S1,S1,B6N,_Z,_Z,_Z,XDC,V,N,T0107,2017-Q1,149320,,,F,1,A,6,EUR
OECD.SDD.NAD:DSD_NAMAIN1@DF_QNA_INC_SAV(1.1),Q,N,NLD,S1,S1,B6N,_Z,_Z,_Z,XDC,V,N,T0107,2016-Q4,153526,,,F,1,A,6,EUR
OECD.SDD.NAD:DSD_NAMAIN1@DF_QNA_INC_SAV(1.1),Q,N,NLD,S1,S1,B6N,_Z,_Z,_Z,XDC,V,N,T0107,2016-Q3,139822,,,F,1,A,6,EUR
OECD.SDD.NAD:DSD_NAMAIN1@DF_QNA_INC_SAV(1.1),Q,N,NLD,S1,S1,B6N,_Z,_Z,_Z,XDC,V,N,T0107,2016-Q2,144229,,,F,1,A,6,EUR
OECD.SDD.NAD:DSD_NAMAIN1@DF_QNA_INC_SAV(1.1),Q,N,NLD,S1,S1,B6N,_Z,_Z,_Z,XDC,V,N,T0107,2016-Q1,138630,,,F,1,A,6,EUR
OECD.SDD.NAD:DSD_NAMAIN1@DF_QNA_INC_SAV(1.1),Q,N,NLD,S1,S1,B6N,_Z,_Z,_Z,XDC,V,N,T0107,2015-Q4,144724,,,F,1,A,6,EUR
OECD.SDD.NAD:DSD_NAMAIN1@DF_QNA_INC_SAV(1.1),Q,N,NLD,S1,S1,B6N,_Z,_Z,_Z,XDC,V,N,T0107,2015-Q3,138082,,,F,1,A,6,EUR
OECD.SDD.NAD:DSD_NAMAIN1@DF_QNA_INC_SAV(1.1),Q,N,NLD,S1,S1,B6N,_Z,_Z,_Z,XDC,V,N,T0107,2015-Q2,144341,,,F,1,A,6,EUR
OECD.SDD.NAD:DSD_NAMAIN1@DF_QNA_INC_SAV(1.1),Q,N,NLD,S1,S1,B6N,_Z,_Z,_Z,XDC,V,N,T0107,2015-Q1,136819,,,F,1,A,6,EUR
OECD.SDD.NAD:DSD_NAMAIN1@DF_QNA_INC_SAV(1.1),Q,N,NLD,S1,S1,B6N,_Z,_Z,_Z,XDC,V,N,T0107,2014-Q4,141163,,,F,1,A,6,EUR
OECD.SDD.NAD:DSD_NAMAIN1@DF_QNA_INC_SAV(1.1),Q,N,NLD,S1,S1,B6N,_Z,_Z,_Z,XDC,V,N,T0107,2014-Q3,134450,,,F,1,A,6,EUR
OECD.SDD.NAD:DSD_NAMAIN1@DF_QNA_INC_SAV(1.1),Q,N,ESP,S1,S1,B6N,_Z,_Z,_Z,XDC,V,N,T0107,2026-Q1,351824,,,F,1,A,6,EUR
OECD.SDD.NAD:DSD_NAMAIN1@DF_QNA_INC_SAV(1.1),Q,N,ESP,S1,S1,B6N,_Z,_Z,_Z,XDC,V,N,T0107,2025-Q4,383279,,,F,1,A,6,EUR
OECD.SDD.NAD:DSD_NAMAIN1@DF_QNA_INC_SAV(1.1),Q,N,ESP,S1,S1,B6N,_Z,_Z,_Z,XDC,V,N,T0107,2025-Q3,347674,,,F,1,A,6,EUR
OECD.SDD.NAD:DSD_NAMAIN1@DF_QNA_INC_SAV(1.1),Q,N,ESP,S1,S1,B6N,_Z,_Z,_Z,XDC,V,N,T0107,2025-Q2,352574,,,F,1,A,6,EUR
OECD.SDD.NAD:DSD_NAMAIN1@DF_QNA_INC_SAV(1.1),Q,N,ESP,S1,S1,B6N,_Z,_Z,_Z,XDC,V,N,T0107,2025-Q1,332784,,,F,1,A,6,EUR
OECD.SDD.NAD:DSD_NAMAIN1@DF_QNA_INC_SAV(1.1),Q,N,DEU,S1,S1,B6N,_Z,_Z,_Z,XDC,V,N,T0107,2009-Q2,496700,,,F,1,A,6,EUR
OECD.SDD.NAD:DSD_NAMAIN1@DF_QNA_INC_SAV(1.1),Q,N,DEU,S1,S1,B6N,_Z,_Z,_Z,XDC,V,N,T0107,2009-Q1,497896,,,F,1,A,6,EUR
OECD.SDD.NAD:DSD_NAMAIN1@DF_QNA_INC_SAV(1.1),Q,N,DEU,S1,S1,B6N,_Z,_Z,_Z,XDC,V,N,T0107,2008-Q4,541584,,,F,1,A,6,EUR
OECD.SDD.NAD:DSD_NAMAIN1@DF_QNA_INC_SAV(1.1),Q,N,DEU,S1,S1,B6N,_Z,_Z,_Z,XDC,V,N,T0107,2008-Q3,540530,,,F,1,A,6,EUR
OECD.SDD.NAD:DSD_NAMAIN1@DF_QNA_INC_SAV(1.1),Q,N,DEU,S1,S1,B6N,_Z,_Z,_Z,XDC,V,N,T0107,2008-Q2,526698,,,F,1,A,6,EUR
OECD.SDD.NAD:DSD_NAMAIN1@DF_QNA_INC_SAV(1.1),Q,N,DEU,S1,S1,B6N,_Z,_Z,_Z,XDC,V,N,T0107,2008-Q1,526205,,,F,1,A,6,EUR
OECD.SDD.NAD:DSD_NAMAIN1@DF_QNA_INC_SAV(1.1),Q,N,DEU,S1,S1,B6N,_Z,_Z,_Z,XDC,V,N,T0107,2007-Q4,555330,,,F,1,A,6,EUR
OECD.SDD.NAD:DSD_NAMAIN1@DF_QNA_INC_SAV(1.1),Q,N,DEU,S1,S1,B6N,_Z,_Z,_Z,XDC,V,N,T0107,2007-Q3,535182,,,F,1,A,6,EUR
OECD.SDD.NAD:DSD_NAMAIN1@DF_QNA_INC_SAV(1.1),Q,N,DEU,S1,S1,B6N,_Z,_Z,_Z,XDC,V,N,T0107,2007-Q2,513131,,,F,1,A,6,EUR
OECD.SDD.NAD:DSD_NAMAIN1@DF_QNA_INC_SAV(1.1),Q,N,DEU,S1,S1,B6N,_Z,_Z,_Z,XDC,V,N,T0107,2007-Q1,518162,,,F,1,A,6,EUR
OECD.SDD.NAD:DSD_NAMAIN1@DF_QNA_INC_SAV(1.1),Q,N,DEU,S1,S1,B6N,_Z,_Z,_Z,XDC,V,N,T0107,2006-Q4,538697,,,F,1,A,6,EUR
OECD.SDD.NAD:DSD_NAMAIN1@DF_QNA_INC_SAV(1.1),Q,N,DEU,S1,S1,B6N,_Z,_Z,_Z,XDC,V,N,T0107,2006-Q3,512826,,,F,1,A,6,EUR
OECD.SDD.NAD:DSD_NAMAIN1@DF_QNA_INC_SAV(1.1),Q,N,DEU,S1,S1,B6N,_Z,_Z,_Z,XDC,V,N,T0107,2006-Q2,493791,,,F,1,A,6,EUR
OECD.SDD.NAD:DSD_NAMAIN1@DF_QNA_INC_SAV(1.1),Q,N,FRA,S1,S1,B6N,_Z,_Z,_Z,XDC,V,N,T0107,2017-Q1,463513.4,,,F,1,A,6,EUR
OECD.SDD.NAD:DSD_NAMAIN1@DF_QNA_INC_SAV(1.1),Q,N,FRA,S1,S1,B6N,_Z,_Z,_Z,XDC,V,N,T0107,2016-Q4,478072.9,,,F,1,A,6,EUR
OECD.SDD.NAD:DSD_NAMAIN1@DF_QNA_INC_SAV(1.1),Q,N,FRA,S1,S1,B6N,_Z,_Z,_Z,XDC,V,N,T0107,2016-Q3,446304.7,,,F,1,A,6,EUR
OECD.SDD.NAD:DSD_NAMAIN1@DF_QNA_INC_SAV(1.1),Q,N,GRC,S1,S1,B6G,_Z,_Z,_Z,XDC,V,N,T0107,2008-Q3,60635.4,,,F,1,A,6,EUR
OECD.SDD.NAD:DSD_NAMAIN1@DF_QNA_INC_SAV(1.1),Q,N,GRC,S1,S1,B6G,_Z,_Z,_Z,XDC,V,N,T0107,2008-Q2,54888.8,,,F,1,A,6,EUR
OECD.SDD.NAD:DSD_NAMAIN1@DF_QNA_INC_SAV(1.1),Q,N,GRC,S1,S1,B6G,_Z,_Z,_Z,XDC,V,N,T0107,2008-Q1,53451,,,F,1,A,6,EUR
OECD.SDD.NAD:DSD_NAMAIN1@DF_QNA_INC_SAV(1.1),Q,N,DEU,S1,S1,B6N,_Z,_Z,_Z,XDC,V,N,T0107,2012-Q4,602923,,,F,1,A,6,EUR
OECD.SDD.NAD:DSD_NAMAIN1@DF_QNA_INC_SAV(1.1),Q,N,DEU,S1,S1,B6N,_Z,_Z,_Z,XDC,V,N,T0107,2012-Q3,591200,,,F,1,A,6,EUR
OECD.SDD.NAD:DSD_NAMAIN1@DF_QNA_INC_SAV(1.1),Q,N,DEU,S1,S1,B6N,_Z,_Z,_Z,XDC,V,N,T0107,2012-Q2,562771,,,F,1,A,6,EUR
OECD.SDD.NAD:DSD_NAMAIN1@DF_QNA_INC_SAV(1.1),Q,N,DEU,S1,S1,B6N,_Z,_Z,_Z,XDC,V,N,T0107,2012-Q1,576186,,,F,1,A,6,EUR
OECD.SDD.NAD:DSD_NAMAIN1@DF_QNA_INC_SAV(1.1),Q,N,PRT,S1,S1,B6N,_Z,_Z,_Z,XDC,V,N,T0107,2017-Q1,38765.3,,,F,1,A,6,EUR
OECD.SDD.NAD:DSD_NAMAIN1@DF_QNA_INC_SAV(1.1),Q,N,PRT,S1,S1,B6N,_Z,_Z,_Z,XDC,V,N,T0107,2016-Q4,39849.2,,,F,1,A,6,EUR
OECD.SDD.NAD:DSD_NAMAIN1@DF_QNA_INC_SAV(1.1),Q,N,PRT,S1,S1,B6N,_Z,_Z,_Z,XDC,V,N,T0107,2016-Q3,39229.7,,,F,1,A,6,EUR
OECD.SDD.NAD:DSD_NAMAIN1@DF_QNA_INC_SAV(1.1),Q,N,PRT,S1,S1,B6N,_Z,_Z,_Z,XDC,V,N,T0107,2016-Q2,38487.7,,,F,1,A,6,EUR
OECD.SDD.NAD:DSD_NAMAIN1@DF_QNA_INC_SAV(1.1),Q,N,DEU,S1,S1,B6N,_Z,_Z,_Z,XDC,V,N,T0107,2011-Q4,600376,,,F,1,A,6,EUR
OECD.SDD.NAD:DSD_NAMAIN1@DF_QNA_INC_SAV(1.1),Q,N,DEU,S1,S1,B6N,_Z,_Z,_Z,XDC,V,N,T0107,2011-Q3,586324,,,F,1,A,6,EUR
OECD.SDD.NAD:DSD_NAMAIN1@DF_QNA_INC_SAV(1.1),Q,N,DEU,S1,S1,B6N,_Z,_Z,_Z,XDC,V,N,T0107,2011-Q2,556587,,,F,1,A,6,EUR
OECD.SDD.NAD:DSD_NAMAIN1@DF_QNA_INC_SAV(1.1),Q,N,DEU,S1,S1,B6N,_Z,_Z,_Z,XDC,V,N,T0107,2011-Q1,560403,,,F,1,A,6,EUR
OECD.SDD.NAD:DSD_NAMAIN1@DF_QNA_INC_SAV(1.1),Q,N,PRT,S1,S1,B6N,_Z,_Z,_Z,XDC,V,N,T0107,2019-Q3,44788.4,,,F,1,A,6,EUR
OECD.SDD.NAD:DSD_NAMAIN1@DF_QNA_INC_SAV(1.1),Q,N,PRT,S1,S1,B6N,_Z,_Z,_Z,XDC,V,N,T0107,2019-Q2,43650.4,,,F,1,A,6,EUR
OECD.SDD.NAD:DSD_NAMAIN1@DF_QNA_INC_SAV(1.1),Q,N,PRT,S1,S1,B6N,_Z,_Z,_Z,XDC,V,N,T0107,2019-Q1,42361.8,,,F,1,A,6,EUR
OECD.SDD.NAD:DSD_NAMAIN1@DF_QNA_INC_SAV(1.1),Q,N,PRT,S1,S1,B6N,_Z,_Z,_Z,XDC,V,N,T0107,2018-Q4,45121.8,,,F,1,A,6,EUR
OECD.SDD.NAD:DSD_NAMAIN1@DF_QNA_INC_SAV(1.1),Q,N,PRT,S1,S1,B6N,_Z,_Z,_Z,XDC,V,N,T0107,2018-Q3,43032.3,,,F,1,A,6,EUR
OECD.SDD.NAD:DSD_NAMAIN1@DF_QNA_INC_SAV(1.1),Q,N,PRT,S1,S1,B6N,_Z,_Z,_Z,XDC,V,N,T0107,2018-Q2,41539.9,,,F,1,A,6,EUR
OECD.SDD.NAD:DSD_NAMAIN1@DF_QNA_INC_SAV(1.1),Q,N,NLD,S1,S1,B6N,_Z,_Z,_Z,XDC,V,N,T0107,2019-Q4,173999,,,F,1,A,6,EUR
OECD.SDD.NAD:DSD_NAMAIN1@DF_QNA_INC_SAV(1.1),Q,N,NLD,S1,S1,B6N,_Z,_Z,_Z,XDC,V,N,T0107,2019-Q3,166293,,,F,1,A,6,EUR
OECD.SDD.NAD:DSD_NAMAIN1@DF_QNA_INC_SAV(1.1),Q,N,NLD,S1,S1,B6N,_Z,_Z,_Z,XDC,V,N,T0107,2019-Q2,166523,,,F,1,A,6,EUR
OECD.SDD.NAD:DSD_NAMAIN1@DF_QNA_INC_SAV(1.1),Q,N,NLD,S1,S1,B6N,_Z,_Z,_Z,XDC,V,N,T0107,2019-Q1,165139,,,F,1,A,6,EUR
OECD.SDD.NAD:DSD_NAMAIN1@DF_QNA_INC_SAV(1.1),Q,N,NLD,S1,S1,B6N,_Z,_Z,_Z,XDC,V,N,T0107,2002-Q3,98920,,,F,1,A,6,EUR
OECD.SDD.NAD:DSD_NAMAIN1@DF_QNA_INC_SAV(1.1),Q,N,NLD,S1,S1,B6N,_Z,_Z,_Z,XDC,V,N,T0107,2002-Q2,100216,,,F,1,A,6,EUR
OECD.SDD.NAD:DSD_NAMAIN1@DF_QNA_INC_SAV(1.1),Q,N,NLD,S1,S1,B6N,_Z,_Z,_Z,XDC,V,N,T0107,2002-Q1,98785,,,F,1,A,6,EUR
OECD.SDD.NAD:DSD_NAMAIN1@DF_QNA_INC_SAV(1.1),Q,N,NLD,S1,S1,B6N,_Z,_Z,_Z,XDC,V,N,T0107,2001-Q4,100029,,,F,1,A,6,EUR
OECD.SDD.NAD:DSD_NAMAIN1@DF_QNA_INC_SAV(1.1),Q,N,NLD,S1,S1,B6N,_Z,_Z,_Z,XDC,V,N,T0107,2001-Q3,95013,,,F,1,A,6,EUR
OECD.SDD.NAD:DSD_NAMAIN1@DF_QNA_INC_SAV(1.1),Q,N,NLD,S1,S1,B6N,_Z,_Z,_Z,XDC,V,N,T0107,2001-Q2,98982,,,F,1,A,6,EUR
OECD.SDD.NAD:DSD_NAMAIN1@DF_QNA_INC_SAV(1.1),Q,N,DEU,S1,S1,B6N,_Z,_Z,_Z,XDC,V,N,T0107,2004-Q4,494447,,,F,1,A,6,EUR
OECD.SDD.NAD:DSD_NAMAIN1@DF_QNA_INC_SAV(1.1),Q,N,DEU,S1,S1,B6N,_Z,_Z,_Z,XDC,V,N,T0107,2004-Q3,477405,,,F,1,A,6,EUR
OECD.SDD.NAD:DSD_NAMAIN1@DF_QNA_INC_SAV(1.1),Q,N,DEU,S1,S1,B6N,_Z,_Z,_Z,XDC,V,N,T0107,2004-Q2,463160,,,F,1,A,6,EUR
OECD.SDD.NAD:DSD_NAMAIN1@DF_QNA_INC_SAV(1.1),Q,N,DEU,S1,S1,B6N,_Z,_Z,_Z,XDC,V,N,T0107,2004-Q1,454959,,,F,1,A,6,EUR
OECD.SDD.NAD:DSD_NAMAIN1@DF_QNA_INC_SAV(1.1),Q,N,DEU,S1,S1,B6N,_Z,_Z,_Z,XDC,V,N,T0107,2003-Q4,474373,,,F,1,A,6,EUR
OECD.SDD.NAD:DSD_NAMAIN1@DF_QNA_INC_SAV(1.1),Q,N,NLD,S1,S1,B6N,_Z,_Z,_Z,XDC,V,N,T0107,2004-Q2,107626,,,F,1,A,6,EUR
OECD.SDD.NAD:DSD_NAMAIN1@DF_QNA_INC_SAV(1.1),Q,N,NLD,S1,S1,B6N,_Z,_Z,_Z,XDC,V,N,T0107,2004-Q1,104770,,,F,1,A,6,EUR
OECD.SDD.NAD:DSD_NAMAIN1@DF_QNA_INC_SAV(1.1),Q,N,NLD,S1,S1,B6N,_Z,_Z,_Z,XDC,V,N,T0107,2003-Q4,110172,,,F,1,A,6,EUR
OECD.SDD.NAD:DSD_NAMAIN1@DF_QNA_INC_SAV(1.1),Q,N,NLD,S1,S1,B6N,_Z,_Z,_Z,XDC,V,N,T0107,2003-Q3,102250,,,F,1,A,6,EUR
OECD.SDD.NAD:DSD_NAMAIN1@DF_QNA_INC_SAV(1.1),Q,N,NLD,S1,S1,B6N,_Z,_Z,_Z,XDC,V,N,T0107,2003-Q2,104715,,,F,1,A,6,EUR
OECD.SDD.NAD:DSD_NAMAIN1@DF_QNA_INC_SAV(1.1),Q,N,NLD,S1,S1,B6N,_Z,_Z,_Z,XDC,V,N,T0107,2003-Q1,100648,,,F,1,A,6,EUR
OECD.SDD.NAD:DSD_NAMAIN1@DF_QNA_INC_SAV(1.1),Q,N,NLD,S1,S1,B6N,_Z,_Z,_Z,XDC,V,N,T0107,2002-Q4,103618,,,F,1,A,6,EUR
OECD.SDD.NAD:DSD_NAMAIN1@DF_QNA_INC_SAV(1.1),Q,N,DEU,S1,S1,B6N,_Z,_Z,_Z,XDC,V,N,T0107,2006-Q1,485784,,,F,1,A,6,EUR
OECD.SDD.NAD:DSD_NAMAIN1@DF_QNA_INC_SAV(1.1),Q,N,DEU,S1,S1,B6N,_Z,_Z,_Z,XDC,V,N,T0107,2005-Q4,504253,,,F,1,A,6,EUR
OECD.SDD.NAD:DSD_NAMAIN1@DF_QNA_INC_SAV(1.1),Q,N,DEU,S1,S1,B6N,_Z,_Z,_Z,XDC,V,N,T0107,2005-Q3,486338,,,F,1,A,6,EUR
OECD.SDD.NAD:DSD_NAMAIN1@DF_QNA_INC_SAV(1.1),Q,N,DEU,S1,S1,B6N,_Z,_Z,_Z,XDC,V,N,T0107,2005-Q2,472642,,,F,1,A,6,EUR
OECD.SDD.NAD:DSD_NAMAIN1@DF_QNA_INC_SAV(1.1),Q,N,DEU,S1,S1,B6N,_Z,_Z,_Z,XDC,V,N,T0107,2005-Q1,455699,,,F,1,A,6,EUR
OECD.SDD.NAD:DSD_NAMAIN1@DF_QNA_INC_SAV(1.1),Q,N,FRA,S1,S1,B6N,_Z,_Z,_Z,XDC,V,N,T0107,2016-Q2,479888.9,,,F,1,A,6,EUR
OECD.SDD.NAD:DSD_NAMAIN1@DF_QNA_INC_SAV(1.1),Q,N,FRA,S1,S1,B6N,_Z,_Z,_Z,XDC,V,N,T0107,2016-Q1,449025.4,,,F,1,A,6,EUR
OECD.SDD.NAD:DSD_NAMAIN1@DF_QNA_INC_SAV(1.1),Q,N,FRA,S1,S1,B6N,_Z,_Z,_Z,XDC,V,N,T0107,2015-Q4,476018.3,,,F,1,A,6,EUR
OECD.SDD.NAD:DSD_NAMAIN1@DF_QNA_INC_SAV(1.1),Q,N,GRC,S1,S1,B6G,_Z,_Z,_Z,XDC,V,N,T0107,2007-Q4,60738.1,,,F,1,A,6,EUR
OECD.SDD.NAD:DSD_NAMAIN1@DF_QNA_INC_SAV(1.1),Q,N,GRC,S1,S1,B6G,_Z,_Z,_Z,XDC,V,N,T0107,2007-Q3,57634.3,,,F,1,A,6,EUR
OECD.SDD.NAD:DSD_NAMAIN1@DF_QNA_INC_SAV(1.1),Q,N,GRC,S1,S1,B6G,_Z,_Z,_Z,XDC,V,N,T0107,2007-Q2,52370.5,,,F,1,A,6,EUR
OECD.SDD.NAD:DSD_NAMAIN1@DF_QNA_INC_SAV(1.1),Q,N,NLD,S1,S1,B6N,_Z,_Z,_Z,XDC,V,N,T0107,2014-Q2,139212,,,F,1,A,6,EUR
OECD.SDD.NAD:DSD_NAMAIN1@DF_QNA_INC_SAV(1.1),Q,N,NLD,S1,S1,B6N,_Z,_Z,_Z,XDC,V,N,T0107,2014-Q1,133339,,,F,1,A,6,EUR
OECD.SDD.NAD:DSD_NAMAIN1@DF_QNA_INC_SAV(1.1),Q,N,NLD,S1,S1,B6N,_Z,_Z,_Z,XDC,V,N,T0107,2013-Q4,137245,,,F,1,A,6,EUR
OECD.SDD.NAD:DSD_NAMAIN1@DF_QNA_INC_SAV(1.1),Q,N,NLD,S1,S1,B6N,_Z,_Z,_Z,XDC,V,N,T0107,2010-Q2,135746,,,F,1,A,6,EUR
OECD.SDD.NAD:DSD_NAMAIN1@DF_QNA_INC_SAV(1.1),Q,N,NLD,S1,S1,B6N,_Z,_Z,_Z,XDC,V,N,T0107,2010-Q1,122608,,,F,1,A,6,EUR
OECD.SDD.NAD:DSD_NAMAIN1@DF_QNA_INC_SAV(1.1),Q,N,NLD,S1,S1,B6N,_Z,_Z,_Z,XDC,V,N,T0107,2009-Q4,128205,,,F,1,A,6,EUR
OECD.SDD.NAD:DSD_NAMAIN1@DF_QNA_INC_SAV(1.1),Q,N,NLD,S1,S1,B6N,_Z,_Z,_Z,XDC,V,N,T0107,2009-Q3,117761,,,F,1,A,6,EUR
OECD.SDD.NAD:DSD_NAMAIN1@DF_QNA_INC_SAV(1.1),Q,N,NLD,S1,S1,B6N,_Z,_Z,_Z,XDC,V,N,T0107,2009-Q2,129820,,,F,1,A,6,EUR
OECD.SDD.NAD:DSD_NAMAIN1@DF_QNA_INC_SAV(1.1),Q,N,NLD,S1,S1,B6N,_Z,_Z,_Z,XDC,V,N,T0107,2009-Q1,117748,,,F,1,A,6,EUR
OECD.SDD.NAD:DSD_NAMAIN1@DF_QNA_INC_SAV(1.1),Q,N,NLD,S1,S1,B6N,_Z,_Z,_Z,XDC,V,N,T0107,2008-Q4,127094,,,F,1,A,6,EUR
OECD.SDD.NAD:DSD_NAMAIN1@DF_QNA_INC_SAV(1.1),Q,N,NLD,S1,S1,B6N,_Z,_Z,_Z,XDC,V,N,T0107,2008-Q3,127212,,,F,1,A,6,EUR
OECD.SDD.NAD:DSD_NAMAIN1@DF_QNA_INC_SAV(1.1),Q,N,NLD,S1,S1,B6N,_Z,_Z,_Z,XDC,V,N,T0107,2008-Q2,128191,,,F,1,A,6,EUR
OECD.SDD.NAD:DSD_NAMAIN1@DF_QNA_INC_SAV(1.1),Q,N,NLD,S1,S1,B6N,_Z,_Z,_Z,XDC,V,N,T0107,2008-Q1,124321,,,F,1,A,6,EUR
OECD.SDD.NAD:DSD_NAMAIN1@DF_QNA_INC_SAV(1.1),Q,N,NLD,S1,S1,B6N,_Z,_Z,_Z,XDC,V,N,T0107,2007-Q4,134409,,,F,1,A,6,EUR
OECD.SDD.NAD:DSD_NAMAIN1@DF_QNA_INC_SAV(1.1),Q,N,NLD,S1,S1,B6N,_Z,_Z,_Z,XDC,V,N,T0107,2007-Q3,123418,,,F,1,A,6,EUR
OECD.SDD.NAD:DSD_NAMAIN1@DF_QNA_INC_SAV(1.1),Q,N,NLD,S1,S1,B6N,_Z,_Z,_Z,XDC,V,N,T0107,2007-Q2,124465,,,F,1,A,6,EUR
OECD.SDD.NAD:DSD_NAMAIN1@DF_QNA_INC_SAV(1.1),Q,N,NLD,S1,S1,B6N,_Z,_Z,_Z,XDC,V,N,T0107,2007-Q1,125842,,,F,1,A,6,EUR
OECD.SDD.NAD:DSD_NAMAIN1@DF_QNA_INC_SAV(1.1),Q,N,NLD,S1,S1,B6N,_Z,_Z,_Z,XDC,V,N,T0107,2006-Q4,127251,,,F,1,A,6,EUR
OECD.SDD.NAD:DSD_NAMAIN1@DF_QNA_INC_SAV(1.1),Q,N,PRT,S1,S1,B6N,_Z,_Z,_Z,XDC,V,N,T0107,2012-Q2,33456.2,,,F,1,A,6,EUR
OECD.SDD.NAD:DSD_NAMAIN1@DF_QNA_INC_SAV(1.1),Q,N,PRT,S1,S1,B6N,_Z,_Z,_Z,XDC,V,N,T0107,2012-Q1,31791,,,F,1,A,6,EUR
OECD.SDD.NAD:DSD_NAMAIN1@DF_QNA_INC_SAV(1.1),Q,N,PRT,S1,S1,B6N,_Z,_Z,_Z,XDC,V,N,T0107,2011-Q4,36984.2,,,F,1,A,6,EUR
OECD.SDD.NAD:DSD_NAMAIN1@DF_QNA_INC_SAV(1.1),Q,N,PRT,S1,S1,B6N,_Z,_Z,_Z,XDC,V,N,T0107,2011-Q3,35373.4,,,F,1,A,6,EUR
OECD.SDD.NAD:DSD_NAMAIN1@DF_QNA_INC_SAV(1.1),Q,N,PRT,S1,S1,B6N,_Z,_Z,_Z,XDC,V,N,T0107,2011-Q2,36497,,,F,1,A,6,EUR
OECD.SDD.NAD:DSD_NAMAIN1@DF_QNA_INC_SAV(1.1),Q,N,PRT,S1,S1,B6N,_Z,_Z,_Z,XDC,V,N,T0107,2011-Q1,34442.5,,,F,1,A,6,EUR
OECD.SDD.NAD:DSD_NAMAIN1@DF_QNA_INC_SAV(1.1),Q,N,PRT,S1,S1,B6N,_Z,_Z,_Z,XDC,V,N,T0107,2016-Q1,36839.1,,,F,1,A,6,EUR
OECD.SDD.NAD:DSD_NAMAIN1@DF_QNA_INC_SAV(1.1),Q,N,PRT,S1,S1,B6N,_Z,_Z,_Z,XDC,V,N,T0107,2015-Q4,38245.3,,,F,1,A,6,EUR
OECD.SDD.NAD:DSD_NAMAIN1@DF_QNA_INC_SAV(1.1),Q,N,PRT,S1,S1,B6N,_Z,_Z,_Z,XDC,V,N,T0107,2015-Q3,37826.3,,,F,1,A,6,EUR
OECD.SDD.NAD:DSD_NAMAIN1@DF_QNA_INC_SAV(1.1),Q,N,PRT,S1,S1,B6N,_Z,_Z,_Z,XDC,V,N,T0107,2015-Q2,36688.9,,,F,1,A,6,EUR
OECD.SDD.NAD:DSD_NAMAIN1@DF_QNA_INC_SAV(1.1),Q,N,PRT,S1,S1,B6N,_Z,_Z,_Z,XDC,V,N,T0107,2015-Q1,35266.7,,,F,1,A,6,EUR
OECD.SDD.NAD:DSD_NAMAIN1@DF_QNA_INC_SAV(1.1),Q,N,PRT,S1,S1,B6N,_Z,_Z,_Z,XDC,V,N,T0107,2014-Q4,37416.4,,,F,1,A,6,EUR
OECD.SDD.NAD:DSD_NAMAIN1@DF_QNA_INC_SAV(1.1),Q,N,PRT,S1,S1,B6N,_Z,_Z,_Z,XDC,V,N,T0107,2014-Q3,36212.8,,,F,1,A,6,EUR
OECD.SDD.NAD:DSD_NAMAIN1@DF_QNA_INC_SAV(1.1),Q,N,PRT,S1,S1,B6N,_Z,_Z,_Z,XDC,V,N,T0107,2014-Q2,35523.7,,,F,1,A,6,EUR
OECD.SDD.NAD:DSD_NAMAIN1@DF_QNA_INC_SAV(1.1),Q,N,PRT,S1,S1,B6N,_Z,_Z,_Z,XDC,V,N,T0107,2014-Q1,33708.8,,,F,1,A,6,EUR
OECD.SDD.NAD:DSD_NAMAIN1@DF_QNA_INC_SAV(1.1),Q,N,PRT,S1,S1,B6N,_Z,_Z,_Z,XDC,V,N,T0107,2013-Q4,37283.8,,,F,1,A,6,EUR
OECD.SDD.NAD:DSD_NAMAIN1@DF_QNA_INC_SAV(1.1),Q,N,PRT,S1,S1,B6N,_Z,_Z,_Z,XDC,V,N,T0107,2013-Q3,36079.2,,,F,1,A,6,EUR
OECD.SDD.NAD:DSD_NAMAIN1@DF_QNA_INC_SAV(1.1),Q,N,PRT,S1,S1,B6N,_Z,_Z,_Z,XDC,V,N,T0107,2013-Q2,34342.8,,,F,1,A,6,EUR
OECD.SDD.NAD:DSD_NAMAIN1@DF_QNA_INC_SAV(1.1),Q,N,PRT,S1,S1,B6N,_Z,_Z,_Z,XDC,V,N,T0107,2013-Q1,32788.9,,,F,1,A,6,EUR
OECD.SDD.NAD:DSD_NAMAIN1@DF_QNA_INC_SAV(1.1),Q,N,PRT,S1,S1,B6N,_Z,_Z,_Z,XDC,V,N,T0107,2012-Q4,36376.7,,,F,1,A,6,EUR
OECD.SDD.NAD:DSD_NAMAIN1@DF_QNA_INC_SAV(1.1),Q,N,PRT,S1,S1,B6N,_Z,_Z,_Z,XDC,V,N,T0107,2012-Q3,34362.5,,,F,1,A,6,EUR
OECD.SDD.NAD:DSD_NAMAIN1@DF_QNA_INC_SAV(1.1),Q,N,FRA,S1,S1,B6N,_Z,_Z,_Z,XDC,V,N,T0107,2006-Q3,379523.1,,,F,1,A,6,EUR
OECD.SDD.NAD:DSD_NAMAIN1@DF_QNA_INC_SAV(1.1),Q,N,FRA,S1,S1,B6N,_Z,_Z,_Z,XDC,V,N,T0107,2006-Q2,395135.5,,,F,1,A,6,EUR
OECD.SDD.NAD:DSD_NAMAIN1@DF_QNA_INC_SAV(1.1),Q,N,FRA,S1,S1,B6N,_Z,_Z,_Z,XDC,V,N,T0107,2006-Q1,378620.1,,,F,1,A,6,EUR
OECD.SDD.NAD:DSD_NAMAIN1@DF_QNA_INC_SAV(1.1),Q,N,FRA,S1,S1,B6N,_Z,_Z,_Z,XDC,V,N,T0107,2005-Q4,386000.6,,,F,1,A,6,EUR
OECD.SDD.NAD:DSD_NAMAIN1@DF_QNA_INC_SAV(1.1),Q,N,PRT,S1,S1,B6N,_Z,_Z,_Z,XDC,V,N,T0107,2021-Q1,40580,,,F,1,A,6,EUR
OECD.SDD.NAD:DSD_NAMAIN1@DF_QNA_INC_SAV(1.1),Q,N,DEU,S1,S1,B6N,_Z,_Z,_Z,XDC,V,N,T0107,2018-Q4,756294,,,F,1,A,6,EUR
OECD.SDD.NAD:DSD_NAMAIN1@DF_QNA_INC_SAV(1.1),Q,N,DEU,S1,S1,B6N,_Z,_Z,_Z,XDC,V,N,T0107,2018-Q3,726939,,,F,1,A,6,EUR
OECD.SDD.NAD:DSD_NAMAIN1@DF_QNA_INC_SAV(1.1),Q,N,DEU,S1,S1,B6N,_Z,_Z,_Z,XDC,V,N,T0107,2018-Q2,706318,,,F,1,A,6,EUR
OECD.SDD.NAD:DSD_NAMAIN1@DF_QNA_INC_SAV(1.1),Q,N,DEU,S1,S1,B6N,_Z,_Z,_Z,XDC,V,N,T0107,2018-Q1,717390,,,F,1,A,6,EUR
OECD.SDD.NAD:DSD_NAMAIN1@DF_QNA_INC_SAV(1.1),Q,N,DEU,S1,S1,B6N,_Z,_Z,_Z,XDC,V,N,T0107,2017-Q4,728994,,,F,1,A,6,EUR
OECD.SDD.NAD:DSD_NAMAIN1@DF_QNA_INC_SAV(1.1),Q,N,DEU,S1,S1,B6N,_Z,_Z,_Z,XDC,V,N,T0107,2017-Q3,707406,,,F,1,A,6,EUR
OECD.SDD.NAD:DSD_NAMAIN1@DF_QNA_INC_SAV(1.1),Q,N,DEU,S1,S1,B6N,_Z,_Z,_Z,XDC,V,N,T0107,2017-Q2,664815,,,F,1,A,6,EUR
OECD.SDD.NAD:DSD_NAMAIN1@DF_QNA_INC_SAV(1.1),Q,N,DEU,S1,S1,B6N,_Z,_Z,_Z,XDC,V,N,T0107,2017-Q1,683280,,,F,1,A,6,EUR
OECD.SDD.NAD:DSD_NAMAIN1@DF_QNA_INC_SAV(1.1),Q,N,DEU,S1,S1,B6N,_Z,_Z,_Z,XDC,V,N,T0107,2016-Q4,699870,,,F,1,A,6,EUR
OECD.SDD.NAD:DSD_NAMAIN1@DF_QNA_INC_SAV(1.1),Q,N,DEU,S1,S1,B6N,_Z,_Z,_Z,XDC,V,N,T0107,2016-Q3,674655,,,F,1,A,6,EUR
OECD.SDD.NAD:DSD_NAMAIN1@DF_QNA_INC_SAV(1.1),Q,N,DEU,S1,S1,B6N,_Z,_Z,_Z,XDC,V,N,T0107,2016-Q2,657413,,,F,1,A,6,EUR
OECD.SDD.NAD:DSD_NAMAIN1@DF_QNA_INC_SAV(1.1),Q,N,DEU,S1,S1,B6N,_Z,_Z,_Z,XDC,V,N,T0107,2016-Q1,654726,,,F,1,A,6,EUR
OECD.SDD.NAD:DSD_NAMAIN1@DF_QNA_INC_SAV(1.1),Q,N,DEU,S1,S1,B6N,_Z,_Z,_Z,XDC,V,N,T0107,2015-Q4,672183,,,F,1,A,6,EUR
OECD.SDD.NAD:DSD_NAMAIN1@DF_QNA_INC_SAV(1.1),Q,N,DEU,S1,S1,B6N,_Z,_Z,_Z,XDC,V,N,T0107,2015-Q3,655663,,,F,1,A,6,EUR
OECD.SDD.NAD:DSD_NAMAIN1@DF_QNA_INC_SAV(1.1),Q,N,DEU,S1,S1,B6N,_Z,_Z,_Z,XDC,V,N,T0107,2015-Q2,616339,,,F,1,A,6,EUR
OECD.SDD.NAD:DSD_NAMAIN1@DF_QNA_INC_SAV(1.1),Q,N,DEU,S1,S1,B6N,_Z,_Z,_Z,XDC,V,N,T0107,2015-Q1,620569,,,F,1,A,6,EUR
OECD.SDD.NAD:DSD_NAMAIN1@DF_QNA_INC_SAV(1.1),Q,N,DEU,S1,S1,B6N,_Z,_Z,_Z,XDC,V,N,T0107,2003-Q3,461414,,,F,1,A,6,EUR
OECD.SDD.NAD:DSD_NAMAIN1@DF_QNA_INC_SAV(1.1),Q,N,DEU,S1,S1,B6N,_Z,_Z,_Z,XDC,V,N,T0107,2014-Q4,649693,,,F,1,A,6,EUR
OECD.SDD.NAD:DSD_NAMAIN1@DF_QNA_INC_SAV(1.1),Q,N,DEU,S1,S1,B6N,_Z,_Z,_Z,XDC,V,N,T0107,2014-Q3,631771,,,F,1,A,6,EUR
OECD.SDD.NAD:DSD_NAMAIN1@DF_QNA_INC_SAV(1.1),Q,N,DEU,S1,S1,B6N,_Z,_Z,_Z,XDC,V,N,T0107,2014-Q2,596272,,,F,1,A,6,EUR
OECD.SDD.NAD:DSD_NAMAIN1@DF_QNA_INC_SAV(1.1),Q,N,GRC,S1,S1,B6G,_Z,_Z,_Z,XDC,V,N,T0107,2007-Q1,51053.5,,,F,1,A,6,EUR
OECD.SDD.NAD:DSD_NAMAIN1@DF_QNA_INC_SAV(1.1),Q,N,GRC,S1,S1,B6G,_Z,_Z,_Z,XDC,V,N,T0107,2006-Q4,57846.9,,,F,1,A,6,EUR
OECD.SDD.NAD:DSD_NAMAIN1@DF_QNA_INC_SAV(1.1),Q,N,GRC,S1,S1,B6G,_Z,_Z,_Z,XDC,V,N,T0107,2006-Q3,54780.3,,,F,1,A,6,EUR
OECD.SDD.NAD:DSD_NAMAIN1@DF_QNA_INC_SAV(1.1),Q,N,GRC,S1,S1,B6G,_Z,_Z,_Z,XDC,V,N,T0107,2006-Q2,48599.5,,,F,1,A,6,EUR
OECD.SDD.NAD:DSD_NAMAIN1@DF_QNA_INC_SAV(1.1),Q,N,GRC,S1,S1,B6G,_Z,_Z,_Z,XDC,V,N,T0107,2006-Q1,48828.5,,,F,1,A,6,EUR
OECD.SDD.NAD:DSD_NAMAIN1@DF_QNA_INC_SAV(1.1),Q,N,NLD,S1,S1,B6N,_Z,_Z,_Z,XDC,V,N,T0107,2013-Q3,132708,,,F,1,A,6,EUR
OECD.SDD.NAD:DSD_NAMAIN1@DF_QNA_INC_SAV(1.1),Q,N,NLD,S1,S1,B6N,_Z,_Z,_Z,XDC,V,N,T0107,2013-Q2,135299,,,F,1,A,6,EUR
OECD.SDD.NAD:DSD_NAMAIN1@DF_QNA_INC_SAV(1.1),Q,N,NLD,S1,S1,B6N,_Z,_Z,_Z,XDC,V,N,T0107,2013-Q1,133270,,,F,1,A,6,EUR
OECD.SDD.NAD:DSD_NAMAIN1@DF_QNA_INC_SAV(1.1),Q,N,NLD,S1,S1,B6N,_Z,_Z,_Z,XDC,V,N,T0107,2012-Q4,136067,,,F,1,A,6,EUR
OECD.SDD.NAD:DSD_NAMAIN1@DF_QNA_INC_SAV(1.1),Q,N,NLD,S1,S1,B6N,_Z,_Z,_Z,XDC,V,N,T0107,2012-Q3,127596,,,F,1,A,6,EUR
OECD.SDD.NAD:DSD_NAMAIN1@DF_QNA_INC_SAV(1.1),Q,N,NLD,S1,S1,B6N,_Z,_Z,_Z,XDC,V,N,T0107,2012-Q2,138549,,,F,1,A,6,EUR
OECD.SDD.NAD:DSD_NAMAIN1@DF_QNA_INC_SAV(1.1),Q,N,NLD,S1,S1,B6N,_Z,_Z,_Z,XDC,V,N,T0107,2012-Q1,130439,,,F,1,A,6,EUR
OECD.SDD.NAD:DSD_NAMAIN1@DF_QNA_INC_SAV(1.1),Q,N,NLD,S1,S1,B6N,_Z,_Z,_Z,XDC,V,N,T0107,2011-Q4,134644,,,F,1,A,6,EUR
OECD.SDD.NAD:DSD_NAMAIN1@DF_QNA_INC_SAV(1.1),Q,N,NLD,S1,S1,B6N,_Z,_Z,_Z,XDC,V,N,T0107,2011-Q3,131607,,,F,1,A,6,EUR
OECD.SDD.NAD:DSD_NAMAIN1@DF_QNA_INC_SAV(1.1),Q,N,NLD,S1,S1,B6N,_Z,_Z,_Z,XDC,V,N,T0107,2011-Q2,133404,,,F,1,A,6,EUR
OECD.SDD.NAD:DSD_NAMAIN1@DF_QNA_INC_SAV(1.1),Q,N,NLD,S1,S1,B6N,_Z,_Z,_Z,XDC,V,N,T0107,2011-Q1,136464,,,F,1,A,6,EUR
OECD.SDD.NAD:DSD_NAMAIN1@DF_QNA_INC_SAV(1.1),Q,N,NLD,S1,S1,B6N,_Z,_Z,_Z,XDC,V,N,T0107,2010-Q4,135142,,,F,1,A,6,EUR
OECD.SDD.NAD:DSD_NAMAIN1@DF_QNA_INC_SAV(1.1),Q,N,NLD,S1,S1,B6N,_Z,_Z,_Z,XDC,V,N,T0107,2010-Q3,126769,,,F,1,A,6,EUR
OECD.SDD.NAD:DSD_NAMAIN1@DF_QNA_INC_SAV(1.1),Q,N,DEU,S1,S1,B6N,_Z,_Z,_Z,XDC,V,N,T0107,2013-Q3,606027,,,F,1,A,6,EUR
OECD.SDD.NAD:DSD_NAMAIN1@DF_QNA_INC_SAV(1.1),Q,N,DEU,S1,S1,B6N,_Z,_Z,_Z,XDC,V,N,T0107,2013-Q2,580164,,,F,1,A,6,EUR
OECD.SDD.NAD:DSD_NAMAIN1@DF_QNA_INC_SAV(1.1),Q,N,DEU,S1,S1,B6N,_Z,_Z,_Z,XDC,V,N,T0107,2013-Q1,571821,,,F,1,A,6,EUR
OECD.SDD.NAD:DSD_NAMAIN1@DF_QNA_INC_SAV(1.1),Q,N,FRA,S1,S1,B6N,_Z,_Z,_Z,XDC,V,N,T0107,2003-Q2,339732.7,,,F,1,A,6,EUR
OECD.SDD.NAD:DSD_NAMAIN1@DF_QNA_INC_SAV(1.1),Q,N,FRA,S1,S1,B6N,_Z,_Z,_Z,XDC,V,N,T0107,2003-Q1,338318.6,,,F,1,A,6,EUR
OECD.SDD.NAD:DSD_NAMAIN1@DF_QNA_INC_SAV(1.1),Q,N,FRA,S1,S1,B6N,_Z,_Z,_Z,XDC,V,N,T0107,2002-Q4,345786.9,,,F,1,A,6,EUR
OECD.SDD.NAD:DSD_NAMAIN1@DF_QNA_INC_SAV(1.1),Q,N,FRA,S1,S1,B6N,_Z,_Z,_Z,XDC,V,N,T0107,2002-Q3,325621,,,F,1,A,6,EUR
OECD.SDD.NAD:DSD_NAMAIN1@DF_QNA_INC_SAV(1.1),Q,N,FRA,S1,S1,B6N,_Z,_Z,_Z,XDC,V,N,T0107,2002-Q2,335907.2,,,F,1,A,6,EUR
OECD.SDD.NAD:DSD_NAMAIN1@DF_QNA_INC_SAV(1.1),Q,N,FRA,S1,S1,B6N,_Z,_Z,_Z,XDC,V,N,T0107,2002-Q1,327628.6,,,F,1,A,6,EUR
OECD.SDD.NAD:DSD_NAMAIN1@DF_QNA_INC_SAV(1.1),Q,N,FRA,S1,S1,B6N,_Z,_Z,_Z,XDC,V,N,T0107,2001-Q4,337304,,,F,1,A,6,EUR
OECD.SDD.NAD:DSD_NAMAIN1@DF_QNA_INC_SAV(1.1),Q,N,FRA,S1,S1,B6N,_Z,_Z,_Z,XDC,V,N,T0107,2001-Q3,315634.4,,,F,1,A,6,EUR
OECD.SDD.NAD:DSD_NAMAIN1@DF_QNA_INC_SAV(1.1),Q,N,FRA,S1,S1,B6N,_Z,_Z,_Z,XDC,V,N,T0107,2001-Q2,331284.7,,,F,1,A,6,EUR
OECD.SDD.NAD:DSD_NAMAIN1@DF_QNA_INC_SAV(1.1),Q,N,FRA,S1,S1,B6N,_Z,_Z,_Z,XDC,V,N,T0107,2001-Q1,322586.1,,,F,1,A,6,EUR
OECD.SDD.NAD:DSD_NAMAIN1@DF_QNA_INC_SAV(1.1),Q,N,FRA,S1,S1,B6N,_Z,_Z,_Z,XDC,V,N,T0107,2000-Q4,327940,,,F,1,A,6,EUR
OECD.SDD.NAD:DSD_NAMAIN1@DF_QNA_INC_SAV(1.1),Q,N,FRA,S1,S1,B6N,_Z,_Z,_Z,XDC,V,N,T0107,2000-Q3,305935.3,,,F,1,A,6,EUR
OECD.SDD.NAD:DSD_NAMAIN1@DF_QNA_INC_SAV(1.1),Q,N,FRA,S1,S1,B6N,_Z,_Z,_Z,XDC,V,N,T0107,2000-Q2,314910.7,,,F,1,A,6,EUR
OECD.SDD.NAD:DSD_NAMAIN1@DF_QNA_INC_SAV(1.1),Q,N,FRA,S1,S1,B6N,_Z,_Z,_Z,XDC,V,N,T0107,2000-Q1,309602.5,,,F,1,A,6,EUR
OECD.SDD.NAD:DSD_NAMAIN1@DF_QNA_INC_SAV(1.1),Q,N,NLD,S1,S1,B6N,_Z,_Z,_Z,XDC,V,N,T0107,2021-Q4,190992,,,F,1,A,6,EUR
OECD.SDD.NAD:DSD_NAMAIN1@DF_QNA_INC_SAV(1.1),Q,N,NLD,S1,S1,B6N,_Z,_Z,_Z,XDC,V,N,T0107,2021-Q3,189094,,,F,1,A,6,EUR
OECD.SDD.NAD:DSD_NAMAIN1@DF_QNA_INC_SAV(1.1),Q,N,NLD,S1,S1,B6N,_Z,_Z,_Z,XDC,V,N,T0107,2022-Q3,200089,,,F,1,A,6,EUR
OECD.SDD.NAD:DSD_NAMAIN1@DF_QNA_INC_SAV(1.1),Q,N,FRA,S1,S1,B6N,_Z,_Z,_Z,XDC,V,N,T0107,2005-Q3,362131,,,F,1,A,6,EUR
OECD.SDD.NAD:DSD_NAMAIN1@DF_QNA_INC_SAV(1.1),Q,N,FRA,S1,S1,B6N,_Z,_Z,_Z,XDC,V,N,T0107,2005-Q2,379100,,,F,1,A,6,EUR
OECD.SDD.NAD:DSD_NAMAIN1@DF_QNA_INC_SAV(1.1),Q,N,FRA,S1,S1,B6N,_Z,_Z,_Z,XDC,V,N,T0107,2005-Q1,364451.3,,,F,1,A,6,EUR
OECD.SDD.NAD:DSD_NAMAIN1@DF_QNA_INC_SAV(1.1),Q,N,FRA,S1,S1,B6N,_Z,_Z,_Z,XDC,V,N,T0107,2004-Q4,372350.7,,,F,1,A,6,EUR
OECD.SDD.NAD:DSD_NAMAIN1@DF_QNA_INC_SAV(1.1),Q,N,FRA,S1,S1,B6N,_Z,_Z,_Z,XDC,V,N,T0107,2004-Q3,349058,,,F,1,A,6,EUR
OECD.SDD.NAD:DSD_NAMAIN1@DF_QNA_INC_SAV(1.1),Q,N,FRA,S1,S1,B6N,_Z,_Z,_Z,XDC,V,N,T0107,2004-Q2,359595.8,,,F,1,A,6,EUR
OECD.SDD.NAD:DSD_NAMAIN1@DF_QNA_INC_SAV(1.1),Q,N,EST,S1,S1,B6G,_Z,_Z,_Z,XDC,V,N,T0107,2017-Q2,5106.6,,,F,1,A,6,EUR
OECD.SDD.NAD:DSD_NAMAIN1@DF_QNA_INC_SAV(1.1),Q,N,EST,S1,S1,B6G,_Z,_Z,_Z,XDC,V,N,T0107,2017-Q1,4574.1,,,F,1,A,6,EUR
OECD.SDD.NAD:DSD_NAMAIN1@DF_QNA_INC_SAV(1.1),Q,N,EST,S1,S1,B6G,_Z,_Z,_Z,XDC,V,N,T0107,2016-Q4,4867.6,,,F,1,A,6,EUR
OECD.SDD.NAD:DSD_NAMAIN1@DF_QNA_INC_SAV(1.1),Q,N,EST,S1,S1,B6G,_Z,_Z,_Z,XDC,V,N,T0107,2016-Q3,4561.2,,,F,1,A,6,EUR
OECD.SDD.NAD:DSD_NAMAIN1@DF_QNA_INC_SAV(1.1),Q,N,EST,S1,S1,B6G,_Z,_Z,_Z,XDC,V,N,T0107,2016-Q2,4606.4,,,F,1,A,6,EUR
OECD.SDD.NAD:DSD_NAMAIN1@DF_QNA_INC_SAV(1.1),Q,N,EST,S1,S1,B6G,_Z,_Z,_Z,XDC,V,N,T0107,2016-Q1,4139.4,,,F,1,A,6,EUR
OECD.SDD.NAD:DSD_NAMAIN1@DF_QNA_INC_SAV(1.1),Q,N,EST,S1,S1,B6G,_Z,_Z,_Z,XDC,V,N,T0107,2015-Q4,4534.4,,,F,1,A,6,EUR
OECD.SDD.NAD:DSD_NAMAIN1@DF_QNA_INC_SAV(1.1),Q,N,EST,S1,S1,B6G,_Z,_Z,_Z,XDC,V,N,T0107,2015-Q3,4392.5,,,F,1,A,6,EUR
OECD.SDD.NAD:DSD_NAMAIN1@DF_QNA_INC_SAV(1.1),Q,N,EST,S1,S1,B6G,_Z,_Z,_Z,XDC,V,N,T0107,2015-Q2,4433,,,F,1,A,6,EUR
OECD.SDD.NAD:DSD_NAMAIN1@DF_QNA_INC_SAV(1.1),Q,N,EST,S1,S1,B6G,_Z,_Z,_Z,XDC,V,N,T0107,2015-Q1,3774.1,,,F,1,A,6,EUR
OECD.SDD.NAD:DSD_NAMAIN1@DF_QNA_INC_SAV(1.1),Q,N,EST,S1,S1,B6G,_Z,_Z,_Z,XDC,V,N,T0107,2014-Q4,4532.3,,,F,1,A,6,EUR
OECD.SDD.NAD:DSD_NAMAIN1@DF_QNA_INC_SAV(1.1),Q,N,EST,S1,S1,B6G,_Z,_Z,_Z,XDC,V,N,T0107,2018-Q2,5468.4,,,F,1,A,6,EUR
OECD.SDD.NAD:DSD_NAMAIN1@DF_QNA_INC_SAV(1.1),Q,N,EST,S1,S1,B6G,_Z,_Z,_Z,XDC,V,N,T0107,2018-Q1,4892.5,,,F,1,A,6,EUR
OECD.SDD.NAD:DSD_NAMAIN1@DF_QNA_INC_SAV(1.1),Q,N,EST,S1,S1,B6G,_Z,_Z,_Z,XDC,V,N,T0107,2017-Q4,5459.9,,,F,1,A,6,EUR
OECD.SDD.NAD:DSD_NAMAIN1@DF_QNA_INC_SAV(1.1),Q,N,EST,S1,S1,B6G,_Z,_Z,_Z,XDC,V,N,T0107,2017-Q3,5003.6,,,F,1,A,6,EUR
OECD.SDD.NAD:DSD_NAMAIN1@DF_QNA_INC_SAV(1.1),Q,N,PRT,S1,S1,B6N,_Z,_Z,_Z,XDC,V,N,T0107,2020-Q3,42394.4,,,F,1,A,6,EUR
OECD.SDD.NAD:DSD_NAMAIN1@DF_QNA_INC_SAV(1.1),Q,N,PRT,S1,S1,B6N,_Z,_Z,_Z,XDC,V,N,T0107,2020-Q2,36055.3,,,F,1,A,6,EUR
OECD.SDD.NAD:DSD_NAMAIN1@DF_QNA_INC_SAV(1.1),Q,N,PRT,S1,S1,B6N,_Z,_Z,_Z,XDC,V,N,T0107,2020-Q1,41846.8,,,F,1,A,6,EUR
OECD.SDD.NAD:DSD_NAMAIN1@DF_QNA_INC_SAV(1.1),Q,N,PRT,S1,S1,B6N,_Z,_Z,_Z,XDC,V,N,T0107,2019-Q4,46730.3,,,F,1,A,6,EUR
OECD.SDD.NAD:DSD_NAMAIN1@DF_QNA_INC_SAV(1.1),Q,N,PRT,S1,S1,B6N,_Z,_Z,_Z,XDC,V,N,T0107,2003-Q4,32942.1,,,F,1,A,6,EUR
OECD.SDD.NAD:DSD_NAMAIN1@DF_QNA_INC_SAV(1.1),Q,N,PRT,S1,S1,B6N,_Z,_Z,_Z,XDC,V,N,T0107,2003-Q3,30969.5,,,F,1,A,6,EUR
OECD.SDD.NAD:DSD_NAMAIN1@DF_QNA_INC_SAV(1.1),Q,N,PRT,S1,S1,B6N,_Z,_Z,_Z,XDC,V,N,T0107,2003-Q2,29695.1,,,F,1,A,6,EUR
OECD.SDD.NAD:DSD_NAMAIN1@DF_QNA_INC_SAV(1.1),Q,N,PRT,S1,S1,B6N,_Z,_Z,_Z,XDC,V,N,T0107,2003-Q1,28693.9,,,F,1,A,6,EUR
OECD.SDD.NAD:DSD_NAMAIN1@DF_QNA_INC_SAV(1.1),Q,N,PRT,S1,S1,B6N,_Z,_Z,_Z,XDC,V,N,T0107,2002-Q4,31314.3,,,F,1,A,6,EUR
OECD.SDD.NAD:DSD_NAMAIN1@DF_QNA_INC_SAV(1.1),Q,N,PRT,S1,S1,B6N,_Z,_Z,_Z,XDC,V,N,T0107,2002-Q3,30045.9,,,F,1,A,6,EUR
OECD.SDD.NAD:DSD_NAMAIN1@DF_QNA_INC_SAV(1.1),Q,N,ITA,S1,S1,B6N,_Z,_Z,_Z,XDC,V,N,T0107,2025-Q3,461471.7,,,F,1,A,6,EUR
OECD.SDD.NAD:DSD_NAMAIN1@DF_QNA_INC_SAV(1.1),Q,N,ITA,S1,S1,B6N,_Z,_Z,_Z,XDC,V,N,T0107,2025-Q2,450726.4,,,F,1,A,6,EUR
OECD.SDD.NAD:DSD_NAMAIN1@DF_QNA_INC_SAV(1.1),Q,N,ITA,S1,S1,B6N,_Z,_Z,_Z,XDC,V,N,T0107,2025-Q1,428673.1,,,F,1,A,6,EUR
OECD.SDD.NAD:DSD_NAMAIN1@DF_QNA_INC_SAV(1.1),Q,N,ITA,S1,S1,B6N,_Z,_Z,_Z,XDC,V,N,T0107,2024-Q4,481781.7,,,F,1,A,6,EUR
OECD.SDD.NAD:DSD_NAMAIN1@DF_QNA_INC_SAV(1.1),Q,N,EST,S1,S1,B6G,_Z,_Z,_Z,XDC,V,N,T0107,2013-Q1,3589.2,,,F,1,A,6,EUR
OECD.SDD.NAD:DSD_NAMAIN1@DF_QNA_INC_SAV(1.1),Q,N,EST,S1,S1,B6G,_Z,_Z,_Z,XDC,V,N,T0107,2012-Q4,3931.3,,,F,1,A,6,EUR
OECD.SDD.NAD:DSD_NAMAIN1@DF_QNA_INC_SAV(1.1),Q,N,EST,S1,S1,B6G,_Z,_Z,_Z,XDC,V,N,T0107,2012-Q3,3765.6,,,F,1,A,6,EUR
OECD.SDD.NAD:DSD_NAMAIN1@DF_QNA_INC_SAV(1.1),Q,N,EST,S1,S1,B6G,_Z,_Z,_Z,XDC,V,N,T0107,2012-Q2,3674.8,,,F,1,A,6,EUR
OECD.SDD.NAD:DSD_NAMAIN1@DF_QNA_INC_SAV(1.1),Q,N,EST,S1,S1,B6G,_Z,_Z,_Z,XDC,V,N,T0107,2012-Q1,3230.4,,,F,1,A,6,EUR
OECD.SDD.NAD:DSD_NAMAIN1@DF_QNA_INC_SAV(1.1),Q,N,EST,S1,S1,B6G,_Z,_Z,_Z,XDC,V,N,T0107,2011-Q4,3560.7,,,F,1,A,6,EUR
OECD.SDD.NAD:DSD_NAMAIN1@DF_QNA_INC_SAV(1.1),Q,N,EST,S1,S1,B6G,_Z,_Z,_Z,XDC,V,N,T0107,2011-Q3,3519.7,,,F,1,A,6,EUR
OECD.SDD.NAD:DSD_NAMAIN1@DF_QNA_INC_SAV(1.1),Q,N,EST,S1,S1,B6G,_Z,_Z,_Z,XDC,V,N,T0107,2011-Q2,3335.2,,,F,1,A,6,EUR
OECD.SDD.NAD:DSD_NAMAIN1@DF_QNA_INC_SAV(1.1),Q,N,EST,S1,S1,B6G,_Z,_Z,_Z,XDC,V,N,T0107,2011-Q1,2928.2,,,F,1,A,6,EUR
OECD.SDD.NAD:DSD_NAMAIN1@DF_QNA_INC_SAV(1.1),Q,N,NLD,S1,S1,B6N,_Z,_Z,_Z,XDC,V,N,T0107,2021-Q2,191942,,,F,1,A,6,EUR
OECD.SDD.NAD:DSD_NAMAIN1@DF_QNA_INC_SAV(1.1),Q,N,NLD,S1,S1,B6N,_Z,_Z,_Z,XDC,V,N,T0107,2021-Q1,179139,,,F,1,A,6,EUR
OECD.SDD.NAD:DSD_NAMAIN1@DF_QNA_INC_SAV(1.1),Q,N,NLD,S1,S1,B6N,_Z,_Z,_Z,XDC,V,N,T0107,2020-Q4,167078,,,F,1,A,6,EUR
OECD.SDD.NAD:DSD_NAMAIN1@DF_QNA_INC_SAV(1.1),Q,N,NLD,S1,S1,B6N,_Z,_Z,_Z,XDC,V,N,T0107,2020-Q3,160494,,,F,1,A,6,EUR
OECD.SDD.NAD:DSD_NAMAIN1@DF_QNA_INC_SAV(1.1),Q,N,NLD,S1,S1,B6N,_Z,_Z,_Z,XDC,V,N,T0107,2020-Q2,153217,,,F,1,A,6,EUR
OECD.SDD.NAD:DSD_NAMAIN1@DF_QNA_INC_SAV(1.1),Q,N,NLD,S1,S1,B6N,_Z,_Z,_Z,XDC,V,N,T0107,2020-Q1,160981,,,F,1,A,6,EUR
OECD.SDD.NAD:DSD_NAMAIN1@DF_QNA_INC_SAV(1.1),Q,N,DEU,S1,S1,B6N,_Z,_Z,_Z,XDC,V,N,T0107,2002-Q1,429709,,,F,1,A,6,EUR
OECD.SDD.NAD:DSD_NAMAIN1@DF_QNA_INC_SAV(1.1),Q,N,DEU,S1,S1,B6N,_Z,_Z,_Z,XDC,V,N,T0107,2001-Q4,466572,,,F,1,A,6,EUR
OECD.SDD.NAD:DSD_NAMAIN1@DF_QNA_INC_SAV(1.1),Q,N,DEU,S1,S1,B6N,_Z,_Z,_Z,XDC,V,N,T0107,2001-Q3,450520,,,F,1,A,6,EUR
OECD.SDD.NAD:DSD_NAMAIN1@DF_QNA_INC_SAV(1.1),Q,N,DEU,S1,S1,B6N,_Z,_Z,_Z,XDC,V,N,T0107,2001-Q2,432787,,,F,1,A,6,EUR
OECD.SDD.NAD:DSD_NAMAIN1@DF_QNA_INC_SAV(1.1),Q,N,DEU,S1,S1,B6N,_Z,_Z,_Z,XDC,V,N,T0107,2001-Q1,432513,,,F,1,A,6,EUR
OECD.SDD.NAD:DSD_NAMAIN1@DF_QNA_INC_SAV(1.1),Q,N,DEU,S1,S1,B6N,_Z,_Z,_Z,XDC,V,N,T0107,2000-Q4,451052,,,F,1,A,6,EUR
OECD.SDD.NAD:DSD_NAMAIN1@DF_QNA_INC_SAV(1.1),Q,N,DEU,S1,S1,B6N,_Z,_Z,_Z,XDC,V,N,T0107,2000-Q3,434403,,,F,1,A,6,EUR
OECD.SDD.NAD:DSD_NAMAIN1@DF_QNA_INC_SAV(1.1),Q,N,DEU,S1,S1,B6N,_Z,_Z,_Z,XDC,V,N,T0107,2000-Q2,422924,,,F,1,A,6,EUR
OECD.SDD.NAD:DSD_NAMAIN1@DF_QNA_INC_SAV(1.1),Q,N,DEU,S1,S1,B6N,_Z,_Z,_Z,XDC,V,N,T0107,2000-Q1,421519,,,F,1,A,6,EUR
OECD.SDD.NAD:DSD_NAMAIN1@DF_QNA_INC_SAV(1.1),Q,N,DEU,S1,S1,B6N,_Z,_Z,_Z,XDC,V,N,T0107,2021-Q4,806108,,,F,1,A,6,EUR
OECD.SDD.NAD:DSD_NAMAIN1@DF_QNA_INC_SAV(1.1),Q,N,DEU,S1,S1,B6N,_Z,_Z,_Z,XDC,V,N,T0107,2021-Q3,770151,,,F,1,A,6,EUR
OECD.SDD.NAD:DSD_NAMAIN1@DF_QNA_INC_SAV(1.1),Q,N,DEU,S1,S1,B6N,_Z,_Z,_Z,XDC,V,N,T0107,2021-Q2,729634,,,F,1,A,6,EUR
OECD.SDD.NAD:DSD_NAMAIN1@DF_QNA_INC_SAV(1.1),Q,N,DEU,S1,S1,B6N,_Z,_Z,_Z,XDC,V,N,T0107,2021-Q1,736005,,,F,1,A,6,EUR
OECD.SDD.NAD:DSD_NAMAIN1@DF_QNA_INC_SAV(1.1),Q,N,DEU,S1,S1,B6N,_Z,_Z,_Z,XDC,V,N,T0107,2020-Q4,751226,,,F,1,A,6,EUR
OECD.SDD.NAD:DSD_NAMAIN1@DF_QNA_INC_SAV(1.1),Q,N,DEU,S1,S1,B6N,_Z,_Z,_Z,XDC,V,N,T0107,2020-Q3,712448,,,F,1,A,6,EUR
OECD.SDD.NAD:DSD_NAMAIN1@DF_QNA_INC_SAV(1.1),Q,N,GRC,S1,S1,B6G,_Z,_Z,_Z,XDC,V,N,T0107,2005-Q4,52575.8,,,F,1,A,6,EUR
OECD.SDD.NAD:DSD_NAMAIN1@DF_QNA_INC_SAV(1.1),Q,N,GRC,S1,S1,B6G,_Z,_Z,_Z,XDC,V,N,T0107,2005-Q3,50548.4,,,F,1,A,6,EUR
OECD.SDD.NAD:DSD_NAMAIN1@DF_QNA_INC_SAV(1.1),Q,N,DEU,S1,S1,B6N,_Z,_Z,_Z,XDC,V,N,T0107,2014-Q1,603505,,,F,1,A,6,EUR
OECD.SDD.NAD:DSD_NAMAIN1@DF_QNA_INC_SAV(1.1),Q,N,DEU,S1,S1,B6N,_Z,_Z,_Z,XDC,V,N,T0107,2013-Q4,619264,,,F,1,A,6,EUR
OECD.SDD.NAD:DSD_NAMAIN1@DF_QNA_INC_SAV(1.1),Q,N,PRT,S1,S1,B6N,_Z,_Z,_Z,XDC,V,N,T0107,2010-Q4,37426.9,,,F,1,A,6,EUR
OECD.SDD.NAD:DSD_NAMAIN1@DF_QNA_INC_SAV(1.1),Q,N,PRT,S1,S1,B6N,_Z,_Z,_Z,XDC,V,N,T0107,2010-Q3,36019.5,,,F,1,A,6,EUR
OECD.SDD.NAD:DSD_NAMAIN1@DF_QNA_INC_SAV(1.1),Q,N,PRT,S1,S1,B6N,_Z,_Z,_Z,XDC,V,N,T0107,2010-Q2,36215.1,,,F,1,A,6,EUR
OECD.SDD.NAD:DSD_NAMAIN1@DF_QNA_INC_SAV(1.1),Q,N,PRT,S1,S1,B6N,_Z,_Z,_Z,XDC,V,N,T0107,2010-Q1,34371.7,,,F,1,A,6,EUR
OECD.SDD.NAD:DSD_NAMAIN1@DF_QNA_INC_SAV(1.1),Q,N,PRT,S1,S1,B6N,_Z,_Z,_Z,XDC,V,N,T0107,2009-Q4,38312.9,,,F,1,A,6,EUR
OECD.SDD.NAD:DSD_NAMAIN1@DF_QNA_INC_SAV(1.1),Q,N,PRT,S1,S1,B6N,_Z,_Z,_Z,XDC,V,N,T0107,2009-Q3,34391.7,,,F,1,A,6,EUR
OECD.SDD.NAD:DSD_NAMAIN1@DF_QNA_INC_SAV(1.1),Q,N,FRA,S1,S1,B6N,_Z,_Z,_Z,XDC,V,N,T0107,2004-Q1,354899.8,,,F,1,A,6,EUR
OECD.SDD.NAD:DSD_NAMAIN1@DF_QNA_INC_SAV(1.1),Q,N,FRA,S1,S1,B6N,_Z,_Z,_Z,XDC,V,N,T0107,2003-Q4,359648.2,,,F,1,A,6,EUR
OECD.SDD.NAD:DSD_NAMAIN1@DF_QNA_INC_SAV(1.1),Q,N,FRA,S1,S1,B6N,_Z,_Z,_Z,XDC,V,N,T0107,2003-Q3,336260.4,,,F,1,A,6,EUR
OECD.SDD.NAD:DSD_NAMAIN1@DF_QNA_INC_SAV(1.1),Q,N,PRT,S1,S1,B6N,_Z,_Z,_Z,XDC,V,N,T0107,2002-Q2,29769.7,,,F,1,A,6,EUR
OECD.SDD.NAD:DSD_NAMAIN1@DF_QNA_INC_SAV(1.1),Q,N,PRT,S1,S1,B6N,_Z,_Z,_Z,XDC,V,N,T0107,2002-Q1,28319.7,,,F,1,A,6,EUR
OECD.SDD.NAD:DSD_NAMAIN1@DF_QNA_INC_SAV(1.1),Q,N,PRT,S1,S1,B6N,_Z,_Z,_Z,XDC,V,N,T0107,2001-Q4,30758.9,,,F,1,A,6,EUR
OECD.SDD.NAD:DSD_NAMAIN1@DF_QNA_INC_SAV(1.1),Q,N,PRT,S1,S1,B6N,_Z,_Z,_Z,XDC,V,N,T0107,2001-Q3,28888.4,,,F,1,A,6,EUR
OECD.SDD.NAD:DSD_NAMAIN1@DF_QNA_INC_SAV(1.1),Q,N,PRT,S1,S1,B6N,_Z,_Z,_Z,XDC,V,N,T0107,2001-Q2,28349.4,,,F,1,A,6,EUR
OECD.SDD.NAD:DSD_NAMAIN1@DF_QNA_INC_SAV(1.1),Q,N,PRT,S1,S1,B6N,_Z,_Z,_Z,XDC,V,N,T0107,2001-Q1,26790.1,,,F,1,A,6,EUR
OECD.SDD.NAD:DSD_NAMAIN1@DF_QNA_INC_SAV(1.1),Q,N,PRT,S1,S1,B6N,_Z,_Z,_Z,XDC,V,N,T0107,2000-Q4,29099.3,,,F,1,A,6,EUR
OECD.SDD.NAD:DSD_NAMAIN1@DF_QNA_INC_SAV(1.1),Q,N,PRT,S1,S1,B6N,_Z,_Z,_Z,XDC,V,N,T0107,2000-Q3,27641.6,,,F,1,A,6,EUR
OECD.SDD.NAD:DSD_NAMAIN1@DF_QNA_INC_SAV(1.1),Q,N,PRT,S1,S1,B6N,_Z,_Z,_Z,XDC,V,N,T0107,2000-Q2,26580,,,F,1,A,6,EUR
OECD.SDD.NAD:DSD_NAMAIN1@DF_QNA_INC_SAV(1.1),Q,N,PRT,S1,S1,B6N,_Z,_Z,_Z,XDC,V,N,T0107,2000-Q1,25839.7,,,F,1,A,6,EUR
OECD.SDD.NAD:DSD_NAMAIN1@DF_QNA_INC_SAV(1.1),Q,N,NLD,S1,S1,B6N,_Z,_Z,_Z,XDC,V,N,T0107,2001-Q1,94619,,,F,1,A,6,EUR
OECD.SDD.NAD:DSD_NAMAIN1@DF_QNA_INC_SAV(1.1),Q,N,NLD,S1,S1,B6N,_Z,_Z,_Z,XDC,V,N,T0107,2000-Q4,97571,,,F,1,A,6,EUR
OECD.SDD.NAD:DSD_NAMAIN1@DF_QNA_INC_SAV(1.1),Q,N,NLD,S1,S1,B6N,_Z,_Z,_Z,XDC,V,N,T0107,2000-Q3,92876,,,F,1,A,6,EUR
OECD.SDD.NAD:DSD_NAMAIN1@DF_QNA_INC_SAV(1.1),Q,N,NLD,S1,S1,B6N,_Z,_Z,_Z,XDC,V,N,T0107,2000-Q2,93968,,,F,1,A,6,EUR
OECD.SDD.NAD:DSD_NAMAIN1@DF_QNA_INC_SAV(1.1),Q,N,NLD,S1,S1,B6N,_Z,_Z,_Z,XDC,V,N,T0107,2000-Q1,87736,,,F,1,A,6,EUR
OECD.SDD.NAD:DSD_NAMAIN1@DF_QNA_INC_SAV(1.1),Q,N,NLD,S1,S1,B6N,_Z,_Z,_Z,XDC,V,N,T0107,2022-Q4,217709,,,F,1,A,6,EUR
OECD.SDD.NAD:DSD_NAMAIN1@DF_QNA_INC_SAV(1.1),Q,N,NLD,S1,S1,B6N,_Z,_Z,_Z,XDC,V,N,T0107,2022-Q2,200464,,,F,1,A,6,EUR
OECD.SDD.NAD:DSD_NAMAIN1@DF_QNA_INC_SAV(1.1),Q,N,NLD,S1,S1,B6N,_Z,_Z,_Z,XDC,V,N,T0107,2022-Q1,198093,,,F,1,A,6,EUR
OECD.SDD.NAD:DSD_NAMAIN1@DF_QNA_INC_SAV(1.1),Q,N,EST,S1,S1,B6G,_Z,_Z,_Z,XDC,V,N,T0107,2014-Q3,4123.4,,,F,1,A,6,EUR
OECD.SDD.NAD:DSD_NAMAIN1@DF_QNA_INC_SAV(1.1),Q,N,EST,S1,S1,B6G,_Z,_Z,_Z,XDC,V,N,T0107,2014-Q2,4179.7,,,F,1,A,6,EUR
OECD.SDD.NAD:DSD_NAMAIN1@DF_QNA_INC_SAV(1.1),Q,N,EST,S1,S1,B6G,_Z,_Z,_Z,XDC,V,N,T0107,2014-Q1,3772.4,,,F,1,A,6,EUR
OECD.SDD.NAD:DSD_NAMAIN1@DF_QNA_INC_SAV(1.1),Q,N,EST,S1,S1,B6G,_Z,_Z,_Z,XDC,V,N,T0107,2013-Q4,4035,,,F,1,A,6,EUR
OECD.SDD.NAD:DSD_NAMAIN1@DF_QNA_INC_SAV(1.1),Q,N,EST,S1,S1,B6G,_Z,_Z,_Z,XDC,V,N,T0107,2013-Q3,3959.2,,,F,1,A,6,EUR
OECD.SDD.NAD:DSD_NAMAIN1@DF_QNA_INC_SAV(1.1),Q,N,EST,S1,S1,B6G,_Z,_Z,_Z,XDC,V,N,T0107,2013-Q2,3990.9,,,F,1,A,6,EUR
OECD.SDD.NAD:DSD_NAMAIN1@DF_QNA_INC_SAV(1.1),Q,N,DEU,S1,S1,B6N,_Z,_Z,_Z,XDC,V,N,T0107,2020-Q2,629221,,,F,1,A,6,EUR
OECD.SDD.NAD:DSD_NAMAIN1@DF_QNA_INC_SAV(1.1),Q,N,DEU,S1,S1,B6N,_Z,_Z,_Z,XDC,V,N,T0107,2020-Q1,728476,,,F,1,A,6,EUR
OECD.SDD.NAD:DSD_NAMAIN1@DF_QNA_INC_SAV(1.1),Q,N,DEU,S1,S1,B6N,_Z,_Z,_Z,XDC,V,N,T0107,2019-Q4,768088,,,F,1,A,6,EUR
OECD.SDD.NAD:DSD_NAMAIN1@DF_QNA_INC_SAV(1.1),Q,N,DEU,S1,S1,B6N,_Z,_Z,_Z,XDC,V,N,T0107,2019-Q3,753301,,,F,1,A,6,EUR
OECD.SDD.NAD:DSD_NAMAIN1@DF_QNA_INC_SAV(1.1),Q,N,DEU,S1,S1,B6N,_Z,_Z,_Z,XDC,V,N,T0107,2019-Q2,716747,,,F,1,A,6,EUR
OECD.SDD.NAD:DSD_NAMAIN1@DF_QNA_INC_SAV(1.1),Q,N,DEU,S1,S1,B6N,_Z,_Z,_Z,XDC,V,N,T0107,2019-Q1,738828,,,F,1,A,6,EUR
OECD.SDD.NAD:DSD_NAMAIN1@DF_QNA_INC_SAV(1.1),Q,N,GRC,S1,S1,B6N,_Z,_Z,_Z,XDC,V,N,T0107,2003-Q1,33690.3,,,F,1,A,6,EUR
OECD.SDD.NAD:DSD_NAMAIN1@DF_QNA_INC_SAV(1.1),Q,N,GRC,S1,S1,B6N,_Z,_Z,_Z,XDC,V,N,T0107,2002-Q4,37121.3,,,F,1,A,6,EUR
OECD.SDD.NAD:DSD_NAMAIN1@DF_QNA_INC_SAV(1.1),Q,N,GRC,S1,S1,B6N,_Z,_Z,_Z,XDC,V,N,T0107,2002-Q3,34963.3,,,F,1,A,6,EUR
OECD.SDD.NAD:DSD_NAMAIN1@DF_QNA_INC_SAV(1.1),Q,N,GRC,S1,S1,B6N,_Z,_Z,_Z,XDC,V,N,T0107,2002-Q2,32959,,,F,1,A,6,EUR
OECD.SDD.NAD:DSD_NAMAIN1@DF_QNA_INC_SAV(1.1),Q,N,ITA,S1,S1,B6N,_Z,_Z,_Z,XDC,V,N,T0107,2004-Q2,299422.1,,,F,1,A,6,EUR
OECD.SDD.NAD:DSD_NAMAIN1@DF_QNA_INC_SAV(1.1),Q,N,ITA,S1,S1,B6N,_Z,_Z,_Z,XDC,V,N,T0107,2004-Q1,279058.5,,,F,1,A,6,EUR
OECD.SDD.NAD:DSD_NAMAIN1@DF_QNA_INC_SAV(1.1),Q,N,ITA,S1,S1,B6N,_Z,_Z,_Z,XDC,V,N,T0107,2003-Q4,319449.5,,,F,1,A,6,EUR
OECD.SDD.NAD:DSD_NAMAIN1@DF_QNA_INC_SAV(1.1),Q,N,ITA,S1,S1,B6N,_Z,_Z,_Z,XDC,V,N,T0107,2003-Q3,286307.3,,,F,1,A,6,EUR
OECD.SDD.NAD:DSD_NAMAIN1@DF_QNA_INC_SAV(1.1),Q,N,ITA,S1,S1,B6N,_Z,_Z,_Z,XDC,V,N,T0107,2003-Q2,285939.2,,,F,1,A,6,EUR
OECD.SDD.NAD:DSD_NAMAIN1@DF_QNA_INC_SAV(1.1),Q,N,ITA,S1,S1,B6N,_Z,_Z,_Z,XDC,V,N,T0107,2003-Q1,268416.3,,,F,1,A,6,EUR
OECD.SDD.NAD:DSD_NAMAIN1@DF_QNA_INC_SAV(1.1),Q,N,ITA,S1,S1,B6N,_Z,_Z,_Z,XDC,V,N,T0107,2002-Q4,310010.1,,,F,1,A,6,EUR
OECD.SDD.NAD:DSD_NAMAIN1@DF_QNA_INC_SAV(1.1),Q,N,ITA,S1,S1,B6N,_Z,_Z,_Z,XDC,V,N,T0107,2002-Q3,275972.8,,,F,1,A,6,EUR
OECD.SDD.NAD:DSD_NAMAIN1@DF_QNA_INC_SAV(1.1),Q,N,ITA,S1,S1,B6N,_Z,_Z,_Z,XDC,V,N,T0107,2002-Q2,277434.3,,,F,1,A,6,EUR
OECD.SDD.NAD:DSD_NAMAIN1@DF_QNA_INC_SAV(1.1),Q,N,GRC,S1,S1,B6N,_Z,_Z,_Z,XDC,V,N,T0107,2022-Q4,45915.1,,,F,1,A,6,EUR
OECD.SDD.NAD:DSD_NAMAIN1@DF_QNA_INC_SAV(1.1),Q,N,GRC,S1,S1,B6N,_Z,_Z,_Z,XDC,V,N,T0107,2022-Q3,48291.9,,,F,1,A,6,EUR
OECD.SDD.NAD:DSD_NAMAIN1@DF_QNA_INC_SAV(1.1),Q,N,GRC,S1,S1,B6N,_Z,_Z,_Z,XDC,V,N,T0107,2019-Q3,42050.6,,,F,1,A,6,EUR
OECD.SDD.NAD:DSD_NAMAIN1@DF_QNA_INC_SAV(1.1),Q,N,ITA,S1,S1,B6N,_Z,_Z,_Z,XDC,V,N,T0107,2001-Q2,270701.1,,,F,1,A,6,EUR
OECD.SDD.NAD:DSD_NAMAIN1@DF_QNA_INC_SAV(1.1),Q,N,ITA,S1,S1,B6N,_Z,_Z,_Z,XDC,V,N,T0107,2001-Q1,255408.8,,,F,1,A,6,EUR
OECD.SDD.NAD:DSD_NAMAIN1@DF_QNA_INC_SAV(1.1),Q,N,ITA,S1,S1,B6N,_Z,_Z,_Z,XDC,V,N,T0107,2000-Q4,289388.3,,,F,1,A,6,EUR
OECD.SDD.NAD:DSD_NAMAIN1@DF_QNA_INC_SAV(1.1),Q,N,ITA,S1,S1,B6N,_Z,_Z,_Z,XDC,V,N,T0107,2000-Q3,252821,,,F,1,A,6,EUR
OECD.SDD.NAD:DSD_NAMAIN1@DF_QNA_INC_SAV(1.1),Q,N,GRC,S1,S1,B6N,_Z,_Z,_Z,XDC,V,N,T0107,2021-Q3,43217.5,,,F,1,A,6,EUR
OECD.SDD.NAD:DSD_NAMAIN1@DF_QNA_INC_SAV(1.1),Q,N,GRC,S1,S1,B6N,_Z,_Z,_Z,XDC,V,N,T0107,2021-Q2,38212.2,,,F,1,A,6,EUR
OECD.SDD.NAD:DSD_NAMAIN1@DF_QNA_INC_SAV(1.1),Q,N,ITA,S1,S1,B6N,_Z,_Z,_Z,XDC,V,N,T0107,2021-Q2,363930.1,,,F,1,A,6,EUR
OECD.SDD.NAD:DSD_NAMAIN1@DF_QNA_INC_SAV(1.1),Q,N,ITA,S1,S1,B6N,_Z,_Z,_Z,XDC,V,N,T0107,2021-Q1,336623.5,,,F,1,A,6,EUR
OECD.SDD.NAD:DSD_NAMAIN1@DF_QNA_INC_SAV(1.1),Q,N,ITA,S1,S1,B6N,_Z,_Z,_Z,XDC,V,N,T0107,2020-Q4,381740.1,,,F,1,A,6,EUR
OECD.SDD.NAD:DSD_NAMAIN1@DF_QNA_INC_SAV(1.1),Q,N,ITA,S1,S1,B6N,_Z,_Z,_Z,XDC,V,N,T0107,2020-Q3,347066.7,,,F,1,A,6,EUR
OECD.SDD.NAD:DSD_NAMAIN1@DF_QNA_INC_SAV(1.1),Q,N,ITA,S1,S1,B6N,_Z,_Z,_Z,XDC,V,N,T0107,2020-Q2,288470,,,F,1,A,6,EUR
OECD.SDD.NAD:DSD_NAMAIN1@DF_QNA_INC_SAV(1.1),Q,N,ITA,S1,S1,B6N,_Z,_Z,_Z,XDC,V,N,T0107,2020-Q1,323995.6,,,F,1,A,6,EUR
OECD.SDD.NAD:DSD_NAMAIN1@DF_QNA_INC_SAV(1.1),Q,N,ITA,S1,S1,B6N,_Z,_Z,_Z,XDC,V,N,T0107,2019-Q4,402464.2,,,F,1,A,6,EUR
OECD.SDD.NAD:DSD_NAMAIN1@DF_QNA_INC_SAV(1.1),Q,N,ITA,S1,S1,B6N,_Z,_Z,_Z,XDC,V,N,T0107,2019-Q3,365345.3,,,F,1,A,6,EUR
OECD.SDD.NAD:DSD_NAMAIN1@DF_QNA_INC_SAV(1.1),Q,N,ITA,S1,S1,B6N,_Z,_Z,_Z,XDC,V,N,T0107,2019-Q2,360478.7,,,F,1,A,6,EUR
OECD.SDD.NAD:DSD_NAMAIN1@DF_QNA_INC_SAV(1.1),Q,N,ITA,S1,S1,B6N,_Z,_Z,_Z,XDC,V,N,T0107,2019-Q1,343858.1,,,F,1,A,6,EUR
OECD.SDD.NAD:DSD_NAMAIN1@DF_QNA_INC_SAV(1.1),Q,N,ITA,S1,S1,B6N,_Z,_Z,_Z,XDC,V,N,T0107,2018-Q4,395432.5,,,F,1,A,6,EUR
OECD.SDD.NAD:DSD_NAMAIN1@DF_QNA_INC_SAV(1.1),Q,N,ITA,S1,S1,B6N,_Z,_Z,_Z,XDC,V,N,T0107,2018-Q3,360778.9,,,F,1,A,6,EUR
OECD.SDD.NAD:DSD_NAMAIN1@DF_QNA_INC_SAV(1.1),Q,N,ITA,S1,S1,B6N,_Z,_Z,_Z,XDC,V,N,T0107,2018-Q2,358073.9,,,F,1,A,6,EUR
OECD.SDD.NAD:DSD_NAMAIN1@DF_QNA_INC_SAV(1.1),Q,N,AUT,S1,S1,B6N,_Z,_Z,_Z,XDC,V,N,T0107,2014-Q4,73286.8,,,F,1,A,6,EUR
OECD.SDD.NAD:DSD_NAMAIN1@DF_QNA_INC_SAV(1.1),Q,N,AUT,S1,S1,B6N,_Z,_Z,_Z,XDC,V,N,T0107,2014-Q3,65648.7,,,F,1,A,6,EUR
OECD.SDD.NAD:DSD_NAMAIN1@DF_QNA_INC_SAV(1.1),Q,N,AUT,S1,S1,B6N,_Z,_Z,_Z,XDC,V,N,T0107,2014-Q2,64877.6,,,F,1,A,6,EUR
OECD.SDD.NAD:DSD_NAMAIN1@DF_QNA_INC_SAV(1.1),Q,N,AUT,S1,S1,B6N,_Z,_Z,_Z,XDC,V,N,T0107,2014-Q1,59899,,,F,1,A,6,EUR
OECD.SDD.NAD:DSD_NAMAIN1@DF_QNA_INC_SAV(1.1),Q,N,AUT,S1,S1,B6N,_Z,_Z,_Z,XDC,V,N,T0107,2013-Q4,68848.2,,,F,1,A,6,EUR
OECD.SDD.NAD:DSD_NAMAIN1@DF_QNA_INC_SAV(1.1),Q,N,AUT,S1,S1,B6N,_Z,_Z,_Z,XDC,V,N,T0107,2010-Q4,63840.7,,,F,1,A,6,EUR
OECD.SDD.NAD:DSD_NAMAIN1@DF_QNA_INC_SAV(1.1),Q,N,ITA,S1,S1,B6N,_Z,_Z,_Z,XDC,V,N,T0107,2009-Q2,315606,,,F,1,A,6,EUR
OECD.SDD.NAD:DSD_NAMAIN1@DF_QNA_INC_SAV(1.1),Q,N,ITA,S1,S1,B6N,_Z,_Z,_Z,XDC,V,N,T0107,2009-Q1,297204.6,,,F,1,A,6,EUR
OECD.SDD.NAD:DSD_NAMAIN1@DF_QNA_INC_SAV(1.1),Q,N,ITA,S1,S1,B6N,_Z,_Z,_Z,XDC,V,N,T0107,2008-Q4,346683.8,,,F,1,A,6,EUR
OECD.SDD.NAD:DSD_NAMAIN1@DF_QNA_INC_SAV(1.1),Q,N,ITA,S1,S1,B6N,_Z,_Z,_Z,XDC,V,N,T0107,2008-Q3,329264.8,,,F,1,A,6,EUR
OECD.SDD.NAD:DSD_NAMAIN1@DF_QNA_INC_SAV(1.1),Q,N,ITA,S1,S1,B6N,_Z,_Z,_Z,XDC,V,N,T0107,2001-Q4,301894.4,,,F,1,A,6,EUR
OECD.SDD.NAD:DSD_NAMAIN1@DF_QNA_INC_SAV(1.1),Q,N,ITA,S1,S1,B6N,_Z,_Z,_Z,XDC,V,N,T0107,2001-Q3,264840.3,,,F,1,A,6,EUR
OECD.SDD.NAD:DSD_NAMAIN1@DF_QNA_INC_SAV(1.1),Q,N,ITA,S1,S1,B6N,_Z,_Z,_Z,XDC,V,N,T0107,2000-Q2,256317.7,,,F,1,A,6,EUR
OECD.SDD.NAD:DSD_NAMAIN1@DF_QNA_INC_SAV(1.1),Q,N,AUT,S1,S1,B6N,_Z,_Z,_Z,XDC,V,N,T0107,2010-Q3,59926.7,,,F,1,A,6,EUR
OECD.SDD.NAD:DSD_NAMAIN1@DF_QNA_INC_SAV(1.1),Q,N,PRT,S1,S1,B6N,_Z,_Z,_Z,XDC,V,N,T0107,2009-Q2,34859.8,,,F,1,A,6,EUR
OECD.SDD.NAD:DSD_NAMAIN1@DF_QNA_INC_SAV(1.1),Q,N,PRT,S1,S1,B6N,_Z,_Z,_Z,XDC,V,N,T0107,2009-Q1,32347.5,,,F,1,A,6,EUR
OECD.SDD.NAD:DSD_NAMAIN1@DF_QNA_INC_SAV(1.1),Q,N,PRT,S1,S1,B6N,_Z,_Z,_Z,XDC,V,N,T0107,2008-Q4,37665.8,,,F,1,A,6,EUR
OECD.SDD.NAD:DSD_NAMAIN1@DF_QNA_INC_SAV(1.1),Q,N,PRT,S1,S1,B6N,_Z,_Z,_Z,XDC,V,N,T0107,2008-Q3,36035.2,,,F,1,A,6,EUR
OECD.SDD.NAD:DSD_NAMAIN1@DF_QNA_INC_SAV(1.1),Q,N,PRT,S1,S1,B6N,_Z,_Z,_Z,XDC,V,N,T0107,2008-Q2,36234.4,,,F,1,A,6,EUR
OECD.SDD.NAD:DSD_NAMAIN1@DF_QNA_INC_SAV(1.1),Q,N,PRT,S1,S1,B6N,_Z,_Z,_Z,XDC,V,N,T0107,2008-Q1,34460.5,,,F,1,A,6,EUR
OECD.SDD.NAD:DSD_NAMAIN1@DF_QNA_INC_SAV(1.1),Q,N,PRT,S1,S1,B6N,_Z,_Z,_Z,XDC,V,N,T0107,2007-Q4,38068.2,,,F,1,A,6,EUR
OECD.SDD.NAD:DSD_NAMAIN1@DF_QNA_INC_SAV(1.1),Q,N,PRT,S1,S1,B6N,_Z,_Z,_Z,XDC,V,N,T0107,2007-Q3,35728.1,,,F,1,A,6,EUR
OECD.SDD.NAD:DSD_NAMAIN1@DF_QNA_INC_SAV(1.1),Q,N,PRT,S1,S1,B6N,_Z,_Z,_Z,XDC,V,N,T0107,2007-Q2,35953.6,,,F,1,A,6,EUR
OECD.SDD.NAD:DSD_NAMAIN1@DF_QNA_INC_SAV(1.1),Q,N,PRT,S1,S1,B6N,_Z,_Z,_Z,XDC,V,N,T0107,2007-Q1,33831.8,,,F,1,A,6,EUR
OECD.SDD.NAD:DSD_NAMAIN1@DF_QNA_INC_SAV(1.1),Q,N,PRT,S1,S1,B6N,_Z,_Z,_Z,XDC,V,N,T0107,2006-Q4,36815.2,,,F,1,A,6,EUR
OECD.SDD.NAD:DSD_NAMAIN1@DF_QNA_INC_SAV(1.1),Q,N,PRT,S1,S1,B6N,_Z,_Z,_Z,XDC,V,N,T0107,2006-Q3,33406.4,,,F,1,A,6,EUR
OECD.SDD.NAD:DSD_NAMAIN1@DF_QNA_INC_SAV(1.1),Q,N,PRT,S1,S1,B6N,_Z,_Z,_Z,XDC,V,N,T0107,2006-Q2,33967.9,,,F,1,A,6,EUR
OECD.SDD.NAD:DSD_NAMAIN1@DF_QNA_INC_SAV(1.1),Q,N,ITA,S1,S1,B6N,_Z,_Z,_Z,XDC,V,N,T0107,2000-Q1,241585.9,,,F,1,A,6,EUR
OECD.SDD.NAD:DSD_NAMAIN1@DF_QNA_INC_SAV(1.1),Q,N,GRC,S1,S1,B6N,_Z,_Z,_Z,XDC,V,N,T0107,2021-Q1,33153.2,,,F,1,A,6,EUR
OECD.SDD.NAD:DSD_NAMAIN1@DF_QNA_INC_SAV(1.1),Q,N,GRC,S1,S1,B6N,_Z,_Z,_Z,XDC,V,N,T0107,2020-Q4,36473.6,,,F,1,A,6,EUR
OECD.SDD.NAD:DSD_NAMAIN1@DF_QNA_INC_SAV(1.1),Q,N,GRC,S1,S1,B6N,_Z,_Z,_Z,XDC,V,N,T0107,2020-Q3,37830.2,,,F,1,A,6,EUR
OECD.SDD.NAD:DSD_NAMAIN1@DF_QNA_INC_SAV(1.1),Q,N,GRC,S1,S1,B6N,_Z,_Z,_Z,XDC,V,N,T0107,2020-Q2,31191.1,,,F,1,A,6,EUR
OECD.SDD.NAD:DSD_NAMAIN1@DF_QNA_INC_SAV(1.1),Q,N,GRC,S1,S1,B6N,_Z,_Z,_Z,XDC,V,N,T0107,2020-Q1,34077.9,,,F,1,A,6,EUR
OECD.SDD.NAD:DSD_NAMAIN1@DF_QNA_INC_SAV(1.1),Q,N,GRC,S1,S1,B6N,_Z,_Z,_Z,XDC,V,N,T0107,2019-Q4,39811.9,,,F,1,A,6,EUR
OECD.SDD.NAD:DSD_NAMAIN1@DF_QNA_INC_SAV(1.1),Q,N,DEU,S1,S1,B6N,_Z,_Z,_Z,XDC,V,N,T0107,2003-Q2,436208,,,F,1,A,6,EUR
OECD.SDD.NAD:DSD_NAMAIN1@DF_QNA_INC_SAV(1.1),Q,N,DEU,S1,S1,B6N,_Z,_Z,_Z,XDC,V,N,T0107,2003-Q1,435212,,,F,1,A,6,EUR
OECD.SDD.NAD:DSD_NAMAIN1@DF_QNA_INC_SAV(1.1),Q,N,DEU,S1,S1,B6N,_Z,_Z,_Z,XDC,V,N,T0107,2002-Q4,467961,,,F,1,A,6,EUR
OECD.SDD.NAD:DSD_NAMAIN1@DF_QNA_INC_SAV(1.1),Q,N,DEU,S1,S1,B6N,_Z,_Z,_Z,XDC,V,N,T0107,2002-Q3,460752,,,F,1,A,6,EUR
OECD.SDD.NAD:DSD_NAMAIN1@DF_QNA_INC_SAV(1.1),Q,N,DEU,S1,S1,B6N,_Z,_Z,_Z,XDC,V,N,T0107,2002-Q2,436141,,,F,1,A,6,EUR
OECD.SDD.NAD:DSD_NAMAIN1@DF_QNA_INC_SAV(1.1),Q,N,PRT,S1,S1,B6N,_Z,_Z,_Z,XDC,V,N,T0107,2006-Q1,31541,,,F,1,A,6,EUR
OECD.SDD.NAD:DSD_NAMAIN1@DF_QNA_INC_SAV(1.1),Q,N,PRT,S1,S1,B6N,_Z,_Z,_Z,XDC,V,N,T0107,2005-Q4,35086.1,,,F,1,A,6,EUR
OECD.SDD.NAD:DSD_NAMAIN1@DF_QNA_INC_SAV(1.1),Q,N,PRT,S1,S1,B6N,_Z,_Z,_Z,XDC,V,N,T0107,2005-Q3,32611.7,,,F,1,A,6,EUR
OECD.SDD.NAD:DSD_NAMAIN1@DF_QNA_INC_SAV(1.1),Q,N,PRT,S1,S1,B6N,_Z,_Z,_Z,XDC,V,N,T0107,2005-Q2,33049.2,,,F,1,A,6,EUR
OECD.SDD.NAD:DSD_NAMAIN1@DF_QNA_INC_SAV(1.1),Q,N,PRT,S1,S1,B6N,_Z,_Z,_Z,XDC,V,N,T0107,2005-Q1,30650.5,,,F,1,A,6,EUR
OECD.SDD.NAD:DSD_NAMAIN1@DF_QNA_INC_SAV(1.1),Q,N,PRT,S1,S1,B6N,_Z,_Z,_Z,XDC,V,N,T0107,2004-Q4,33698.8,,,F,1,A,6,EUR
OECD.SDD.NAD:DSD_NAMAIN1@DF_QNA_INC_SAV(1.1),Q,N,PRT,S1,S1,B6N,_Z,_Z,_Z,XDC,V,N,T0107,2004-Q3,32314.9,,,F,1,A,6,EUR
OECD.SDD.NAD:DSD_NAMAIN1@DF_QNA_INC_SAV(1.1),Q,N,PRT,S1,S1,B6N,_Z,_Z,_Z,XDC,V,N,T0107,2004-Q2,31577.4,,,F,1,A,6,EUR
OECD.SDD.NAD:DSD_NAMAIN1@DF_QNA_INC_SAV(1.1),Q,N,PRT,S1,S1,B6N,_Z,_Z,_Z,XDC,V,N,T0107,2004-Q1,29660.8,,,F,1,A,6,EUR
OECD.SDD.NAD:DSD_NAMAIN1@DF_QNA_INC_SAV(1.1),Q,N,AUT,S1,S1,B6N,_Z,_Z,_Z,XDC,V,N,T0107,2017-Q3,71825.7,,,F,1,A,6,EUR
OECD.SDD.NAD:DSD_NAMAIN1@DF_QNA_INC_SAV(1.1),Q,N,AUT,S1,S1,B6N,_Z,_Z,_Z,XDC,V,N,T0107,2017-Q2,71341.2,,,F,1,A,6,EUR
OECD.SDD.NAD:DSD_NAMAIN1@DF_QNA_INC_SAV(1.1),Q,N,AUT,S1,S1,B6N,_Z,_Z,_Z,XDC,V,N,T0107,2017-Q1,68643.4,,,F,1,A,6,EUR
OECD.SDD.NAD:DSD_NAMAIN1@DF_QNA_INC_SAV(1.1),Q,N,AUT,S1,S1,B6N,_Z,_Z,_Z,XDC,V,N,T0107,2016-Q4,75647.7,,,F,1,A,6,EUR
OECD.SDD.NAD:DSD_NAMAIN1@DF_QNA_INC_SAV(1.1),Q,N,AUT,S1,S1,B6N,_Z,_Z,_Z,XDC,V,N,T0107,2013-Q3,64166.3,,,F,1,A,6,EUR
OECD.SDD.NAD:DSD_NAMAIN1@DF_QNA_INC_SAV(1.1),Q,N,AUT,S1,S1,B6N,_Z,_Z,_Z,XDC,V,N,T0107,2013-Q2,63580.1,,,F,1,A,6,EUR
OECD.SDD.NAD:DSD_NAMAIN1@DF_QNA_INC_SAV(1.1),Q,N,AUT,S1,S1,B6N,_Z,_Z,_Z,XDC,V,N,T0107,2013-Q1,59890.3,,,F,1,A,6,EUR
OECD.SDD.NAD:DSD_NAMAIN1@DF_QNA_INC_SAV(1.1),Q,N,AUT,S1,S1,B6N,_Z,_Z,_Z,XDC,V,N,T0107,2010-Q2,59814.7,,,F,1,A,6,EUR
OECD.SDD.NAD:DSD_NAMAIN1@DF_QNA_INC_SAV(1.1),Q,N,AUT,S1,S1,B6N,_Z,_Z,_Z,XDC,V,N,T0107,2010-Q1,54950.1,,,F,1,A,6,EUR
OECD.SDD.NAD:DSD_NAMAIN1@DF_QNA_INC_SAV(1.1),Q,N,AUT,S1,S1,B6N,_Z,_Z,_Z,XDC,V,N,T0107,2009-Q4,61266.2,,,F,1,A,6,EUR
OECD.SDD.NAD:DSD_NAMAIN1@DF_QNA_INC_SAV(1.1),Q,N,ITA,S1,S1,B6N,_Z,_Z,_Z,XDC,V,N,T0107,2024-Q3,445411.7,,,F,1,A,6,EUR
OECD.SDD.NAD:DSD_NAMAIN1@DF_QNA_INC_SAV(1.1),Q,N,ITA,S1,S1,B6N,_Z,_Z,_Z,XDC,V,N,T0107,2024-Q2,436621.2,,,F,1,A,6,EUR
OECD.SDD.NAD:DSD_NAMAIN1@DF_QNA_INC_SAV(1.1),Q,N,ITA,S1,S1,B6N,_Z,_Z,_Z,XDC,V,N,T0107,2024-Q1,420971.3,,,F,1,A,6,EUR
OECD.SDD.NAD:DSD_NAMAIN1@DF_QNA_INC_SAV(1.1),Q,N,ITA,S1,S1,B6N,_Z,_Z,_Z,XDC,V,N,T0107,2023-Q4,465203.4,,,F,1,A,6,EUR
OECD.SDD.NAD:DSD_NAMAIN1@DF_QNA_INC_SAV(1.1),Q,N,ITA,S1,S1,B6N,_Z,_Z,_Z,XDC,V,N,T0107,2023-Q3,431023.2,,,F,1,A,6,EUR
OECD.SDD.NAD:DSD_NAMAIN1@DF_QNA_INC_SAV(1.1),Q,N,ITA,S1,S1,B6N,_Z,_Z,_Z,XDC,V,N,T0107,2023-Q2,424109.2,,,F,1,A,6,EUR
OECD.SDD.NAD:DSD_NAMAIN1@DF_QNA_INC_SAV(1.1),Q,N,ITA,S1,S1,B6N,_Z,_Z,_Z,XDC,V,N,T0107,2023-Q1,408486.9,,,F,1,A,6,EUR
OECD.SDD.NAD:DSD_NAMAIN1@DF_QNA_INC_SAV(1.1),Q,N,ITA,S1,S1,B6N,_Z,_Z,_Z,XDC,V,N,T0107,2022-Q4,445566.7,,,F,1,A,6,EUR
OECD.SDD.NAD:DSD_NAMAIN1@DF_QNA_INC_SAV(1.1),Q,N,ITA,S1,S1,B6N,_Z,_Z,_Z,XDC,V,N,T0107,2022-Q3,407063.6,,,F,1,A,6,EUR
OECD.SDD.NAD:DSD_NAMAIN1@DF_QNA_INC_SAV(1.1),Q,N,ITA,S1,S1,B6N,_Z,_Z,_Z,XDC,V,N,T0107,2022-Q2,397582.2,,,F,1,A,6,EUR
OECD.SDD.NAD:DSD_NAMAIN1@DF_QNA_INC_SAV(1.1),Q,N,ITA,S1,S1,B6N,_Z,_Z,_Z,XDC,V,N,T0107,2022-Q1,375785.7,,,F,1,A,6,EUR
OECD.SDD.NAD:DSD_NAMAIN1@DF_QNA_INC_SAV(1.1),Q,N,ITA,S1,S1,B6N,_Z,_Z,_Z,XDC,V,N,T0107,2021-Q4,413584.3,,,F,1,A,6,EUR
OECD.SDD.NAD:DSD_NAMAIN1@DF_QNA_INC_SAV(1.1),Q,N,ITA,S1,S1,B6N,_Z,_Z,_Z,XDC,V,N,T0107,2021-Q3,381089.6,,,F,1,A,6,EUR
OECD.SDD.NAD:DSD_NAMAIN1@DF_QNA_INC_SAV(1.1),Q,N,ESP,S1,S1,B6N,_Z,_Z,_Z,XDC,V,N,T0107,2022-Q2,285877,,,F,1,A,6,EUR
OECD.SDD.NAD:DSD_NAMAIN1@DF_QNA_INC_SAV(1.1),Q,N,ESP,S1,S1,B6N,_Z,_Z,_Z,XDC,V,N,T0107,2022-Q1,266563,,,F,1,A,6,EUR
OECD.SDD.NAD:DSD_NAMAIN1@DF_QNA_INC_SAV(1.1),Q,N,ESP,S1,S1,B6N,_Z,_Z,_Z,XDC,V,N,T0107,2021-Q4,288792,,,F,1,A,6,EUR
OECD.SDD.NAD:DSD_NAMAIN1@DF_QNA_INC_SAV(1.1),Q,N,ESP,S1,S1,B6N,_Z,_Z,_Z,XDC,V,N,T0107,2021-Q3,254901,,,F,1,A,6,EUR
OECD.SDD.NAD:DSD_NAMAIN1@DF_QNA_INC_SAV(1.1),Q,N,ESP,S1,S1,B6N,_Z,_Z,_Z,XDC,V,N,T0107,2021-Q2,254224,,,F,1,A,6,EUR
OECD.SDD.NAD:DSD_NAMAIN1@DF_QNA_INC_SAV(1.1),Q,N,ITA,S1,S1,B6N,_Z,_Z,_Z,XDC,V,N,T0107,2018-Q1,340042.4,,,F,1,A,6,EUR
OECD.SDD.NAD:DSD_NAMAIN1@DF_QNA_INC_SAV(1.1),Q,N,ITA,S1,S1,B6N,_Z,_Z,_Z,XDC,V,N,T0107,2017-Q4,388212.1,,,F,1,A,6,EUR
OECD.SDD.NAD:DSD_NAMAIN1@DF_QNA_INC_SAV(1.1),Q,N,ITA,S1,S1,B6N,_Z,_Z,_Z,XDC,V,N,T0107,2017-Q3,352054.3,,,F,1,A,6,EUR
OECD.SDD.NAD:DSD_NAMAIN1@DF_QNA_INC_SAV(1.1),Q,N,ITA,S1,S1,B6N,_Z,_Z,_Z,XDC,V,N,T0107,2017-Q2,349412.4,,,F,1,A,6,EUR
OECD.SDD.NAD:DSD_NAMAIN1@DF_QNA_INC_SAV(1.1),Q,N,ITA,S1,S1,B6N,_Z,_Z,_Z,XDC,V,N,T0107,2017-Q1,329740.6,,,F,1,A,6,EUR
OECD.SDD.NAD:DSD_NAMAIN1@DF_QNA_INC_SAV(1.1),Q,N,ITA,S1,S1,B6N,_Z,_Z,_Z,XDC,V,N,T0107,2016-Q4,374385,,,F,1,A,6,EUR
OECD.SDD.NAD:DSD_NAMAIN1@DF_QNA_INC_SAV(1.1),Q,N,ITA,S1,S1,B6N,_Z,_Z,_Z,XDC,V,N,T0107,2016-Q3,345075,,,F,1,A,6,EUR
OECD.SDD.NAD:DSD_NAMAIN1@DF_QNA_INC_SAV(1.1),Q,N,ITA,S1,S1,B6N,_Z,_Z,_Z,XDC,V,N,T0107,2016-Q2,340491.9,,,F,1,A,6,EUR
OECD.SDD.NAD:DSD_NAMAIN1@DF_QNA_INC_SAV(1.1),Q,N,ITA,S1,S1,B6N,_Z,_Z,_Z,XDC,V,N,T0107,2016-Q1,316997.3,,,F,1,A,6,EUR
OECD.SDD.NAD:DSD_NAMAIN1@DF_QNA_INC_SAV(1.1),Q,N,ITA,S1,S1,B6N,_Z,_Z,_Z,XDC,V,N,T0107,2015-Q4,359244.3,,,F,1,A,6,EUR
OECD.SDD.NAD:DSD_NAMAIN1@DF_QNA_INC_SAV(1.1),Q,N,ITA,S1,S1,B6N,_Z,_Z,_Z,XDC,V,N,T0107,2015-Q3,333121.5,,,F,1,A,6,EUR
OECD.SDD.NAD:DSD_NAMAIN1@DF_QNA_INC_SAV(1.1),Q,N,ITA,S1,S1,B6N,_Z,_Z,_Z,XDC,V,N,T0107,2015-Q2,326065.9,,,F,1,A,6,EUR
OECD.SDD.NAD:DSD_NAMAIN1@DF_QNA_INC_SAV(1.1),Q,N,ITA,S1,S1,B6N,_Z,_Z,_Z,XDC,V,N,T0107,2015-Q1,303138.2,,,F,1,A,6,EUR
OECD.SDD.NAD:DSD_NAMAIN1@DF_QNA_INC_SAV(1.1),Q,N,ITA,S1,S1,B6N,_Z,_Z,_Z,XDC,V,N,T0107,2014-Q4,356263,,,F,1,A,6,EUR
OECD.SDD.NAD:DSD_NAMAIN1@DF_QNA_INC_SAV(1.1),Q,N,ITA,S1,S1,B6N,_Z,_Z,_Z,XDC,V,N,T0107,2014-Q3,326185.9,,,F,1,A,6,EUR
OECD.SDD.NAD:DSD_NAMAIN1@DF_QNA_INC_SAV(1.1),Q,N,ITA,S1,S1,B6N,_Z,_Z,_Z,XDC,V,N,T0107,2014-Q2,322492,,,F,1,A,6,EUR
OECD.SDD.NAD:DSD_NAMAIN1@DF_QNA_INC_SAV(1.1),Q,N,ITA,S1,S1,B6N,_Z,_Z,_Z,XDC,V,N,T0107,2014-Q1,302755.1,,,F,1,A,6,EUR
OECD.SDD.NAD:DSD_NAMAIN1@DF_QNA_INC_SAV(1.1),Q,N,ESP,S1,S1,B6N,_Z,_Z,_Z,XDC,V,N,T0107,2016-Q3,231357,,,F,1,A,6,EUR
OECD.SDD.NAD:DSD_NAMAIN1@DF_QNA_INC_SAV(1.1),Q,N,ITA,S1,S1,B6N,_Z,_Z,_Z,XDC,V,N,T0107,2013-Q4,353746.1,,,F,1,A,6,EUR
OECD.SDD.NAD:DSD_NAMAIN1@DF_QNA_INC_SAV(1.1),Q,N,ITA,S1,S1,B6N,_Z,_Z,_Z,XDC,V,N,T0107,2013-Q3,322618.2,,,F,1,A,6,EUR
OECD.SDD.NAD:DSD_NAMAIN1@DF_QNA_INC_SAV(1.1),Q,N,ITA,S1,S1,B6N,_Z,_Z,_Z,XDC,V,N,T0107,2013-Q2,317973.5,,,F,1,A,6,EUR
OECD.SDD.NAD:DSD_NAMAIN1@DF_QNA_INC_SAV(1.1),Q,N,ITA,S1,S1,B6N,_Z,_Z,_Z,XDC,V,N,T0107,2013-Q1,295833.6,,,F,1,A,6,EUR
OECD.SDD.NAD:DSD_NAMAIN1@DF_QNA_INC_SAV(1.1),Q,N,ITA,S1,S1,B6N,_Z,_Z,_Z,XDC,V,N,T0107,2012-Q4,350624.4,,,F,1,A,6,EUR
OECD.SDD.NAD:DSD_NAMAIN1@DF_QNA_INC_SAV(1.1),Q,N,ITA,S1,S1,B6N,_Z,_Z,_Z,XDC,V,N,T0107,2012-Q3,321587.6,,,F,1,A,6,EUR
OECD.SDD.NAD:DSD_NAMAIN1@DF_QNA_INC_SAV(1.1),Q,N,ITA,S1,S1,B6N,_Z,_Z,_Z,XDC,V,N,T0107,2012-Q2,323741.1,,,F,1,A,6,EUR
OECD.SDD.NAD:DSD_NAMAIN1@DF_QNA_INC_SAV(1.1),Q,N,ITA,S1,S1,B6N,_Z,_Z,_Z,XDC,V,N,T0107,2012-Q1,304663.5,,,F,1,A,6,EUR
OECD.SDD.NAD:DSD_NAMAIN1@DF_QNA_INC_SAV(1.1),Q,N,ITA,S1,S1,B6N,_Z,_Z,_Z,XDC,V,N,T0107,2011-Q4,357359.7,,,F,1,A,6,EUR
OECD.SDD.NAD:DSD_NAMAIN1@DF_QNA_INC_SAV(1.1),Q,N,ITA,S1,S1,B6N,_Z,_Z,_Z,XDC,V,N,T0107,2011-Q3,329105.6,,,F,1,A,6,EUR
OECD.SDD.NAD:DSD_NAMAIN1@DF_QNA_INC_SAV(1.1),Q,N,ITA,S1,S1,B6N,_Z,_Z,_Z,XDC,V,N,T0107,2011-Q2,332116.7,,,F,1,A,6,EUR
OECD.SDD.NAD:DSD_NAMAIN1@DF_QNA_INC_SAV(1.1),Q,N,ITA,S1,S1,B6N,_Z,_Z,_Z,XDC,V,N,T0107,2011-Q1,310497.8,,,F,1,A,6,EUR
OECD.SDD.NAD:DSD_NAMAIN1@DF_QNA_INC_SAV(1.1),Q,N,GRC,S1,S1,B6N,_Z,_Z,_Z,XDC,V,N,T0107,2008-Q4,52263.3,,,F,1,A,6,EUR
OECD.SDD.NAD:DSD_NAMAIN1@DF_QNA_INC_SAV(1.1),Q,N,GRC,S1,S1,B6N,_Z,_Z,_Z,XDC,V,N,T0107,2008-Q3,51346.4,,,F,1,A,6,EUR
OECD.SDD.NAD:DSD_NAMAIN1@DF_QNA_INC_SAV(1.1),Q,N,GRC,S1,S1,B6N,_Z,_Z,_Z,XDC,V,N,T0107,2008-Q2,45739.6,,,F,1,A,6,EUR
OECD.SDD.NAD:DSD_NAMAIN1@DF_QNA_INC_SAV(1.1),Q,N,GRC,S1,S1,B6N,_Z,_Z,_Z,XDC,V,N,T0107,2008-Q1,44480.1,,,F,1,A,6,EUR
OECD.SDD.NAD:DSD_NAMAIN1@DF_QNA_INC_SAV(1.1),Q,N,GRC,S1,S1,B6N,_Z,_Z,_Z,XDC,V,N,T0107,2007-Q4,51993,,,F,1,A,6,EUR
OECD.SDD.NAD:DSD_NAMAIN1@DF_QNA_INC_SAV(1.1),Q,N,GRC,S1,S1,B6N,_Z,_Z,_Z,XDC,V,N,T0107,2007-Q3,49077.4,,,F,1,A,6,EUR
OECD.SDD.NAD:DSD_NAMAIN1@DF_QNA_INC_SAV(1.1),Q,N,GRC,S1,S1,B6N,_Z,_Z,_Z,XDC,V,N,T0107,2007-Q2,43975.2,,,F,1,A,6,EUR
OECD.SDD.NAD:DSD_NAMAIN1@DF_QNA_INC_SAV(1.1),Q,N,GRC,S1,S1,B6N,_Z,_Z,_Z,XDC,V,N,T0107,2007-Q1,42792.1,,,F,1,A,6,EUR
OECD.SDD.NAD:DSD_NAMAIN1@DF_QNA_INC_SAV(1.1),Q,N,GRC,S1,S1,B6N,_Z,_Z,_Z,XDC,V,N,T0107,2006-Q4,49682.1,,,F,1,A,6,EUR
OECD.SDD.NAD:DSD_NAMAIN1@DF_QNA_INC_SAV(1.1),Q,N,ITA,S1,S1,B6N,_Z,_Z,_Z,XDC,V,N,T0107,2008-Q2,342026.1,,,F,1,A,6,EUR
OECD.SDD.NAD:DSD_NAMAIN1@DF_QNA_INC_SAV(1.1),Q,N,ITA,S1,S1,B6N,_Z,_Z,_Z,XDC,V,N,T0107,2008-Q1,313491.5,,,F,1,A,6,EUR
OECD.SDD.NAD:DSD_NAMAIN1@DF_QNA_INC_SAV(1.1),Q,N,ITA,S1,S1,B6N,_Z,_Z,_Z,XDC,V,N,T0107,2007-Q4,363146.1,,,F,1,A,6,EUR
OECD.SDD.NAD:DSD_NAMAIN1@DF_QNA_INC_SAV(1.1),Q,N,ITA,S1,S1,B6N,_Z,_Z,_Z,XDC,V,N,T0107,2007-Q3,330318.3,,,F,1,A,6,EUR
OECD.SDD.NAD:DSD_NAMAIN1@DF_QNA_INC_SAV(1.1),Q,N,ITA,S1,S1,B6N,_Z,_Z,_Z,XDC,V,N,T0107,2007-Q2,333433.7,,,F,1,A,6,EUR
OECD.SDD.NAD:DSD_NAMAIN1@DF_QNA_INC_SAV(1.1),Q,N,ITA,S1,S1,B6N,_Z,_Z,_Z,XDC,V,N,T0107,2007-Q1,310589.3,,,F,1,A,6,EUR
OECD.SDD.NAD:DSD_NAMAIN1@DF_QNA_INC_SAV(1.1),Q,N,ITA,S1,S1,B6N,_Z,_Z,_Z,XDC,V,N,T0107,2006-Q4,354735.4,,,F,1,A,6,EUR
OECD.SDD.NAD:DSD_NAMAIN1@DF_QNA_INC_SAV(1.1),Q,N,ITA,S1,S1,B6N,_Z,_Z,_Z,XDC,V,N,T0107,2006-Q3,318795.4,,,F,1,A,6,EUR
OECD.SDD.NAD:DSD_NAMAIN1@DF_QNA_INC_SAV(1.1),Q,N,ITA,S1,S1,B6N,_Z,_Z,_Z,XDC,V,N,T0107,2006-Q2,321712.3,,,F,1,A,6,EUR
OECD.SDD.NAD:DSD_NAMAIN1@DF_QNA_INC_SAV(1.1),Q,N,ITA,S1,S1,B6N,_Z,_Z,_Z,XDC,V,N,T0107,2006-Q1,298865.5,,,F,1,A,6,EUR
OECD.SDD.NAD:DSD_NAMAIN1@DF_QNA_INC_SAV(1.1),Q,N,ITA,S1,S1,B6N,_Z,_Z,_Z,XDC,V,N,T0107,2005-Q4,344610.1,,,F,1,A,6,EUR
OECD.SDD.NAD:DSD_NAMAIN1@DF_QNA_INC_SAV(1.1),Q,N,ITA,S1,S1,B6N,_Z,_Z,_Z,XDC,V,N,T0107,2005-Q3,305366.9,,,F,1,A,6,EUR
OECD.SDD.NAD:DSD_NAMAIN1@DF_QNA_INC_SAV(1.1),Q,N,ITA,S1,S1,B6N,_Z,_Z,_Z,XDC,V,N,T0107,2005-Q2,307719.4,,,F,1,A,6,EUR
OECD.SDD.NAD:DSD_NAMAIN1@DF_QNA_INC_SAV(1.1),Q,N,ITA,S1,S1,B6N,_Z,_Z,_Z,XDC,V,N,T0107,2005-Q1,285480,,,F,1,A,6,EUR
OECD.SDD.NAD:DSD_NAMAIN1@DF_QNA_INC_SAV(1.1),Q,N,ITA,S1,S1,B6N,_Z,_Z,_Z,XDC,V,N,T0107,2004-Q4,331187,,,F,1,A,6,EUR
OECD.SDD.NAD:DSD_NAMAIN1@DF_QNA_INC_SAV(1.1),Q,N,ITA,S1,S1,B6N,_Z,_Z,_Z,XDC,V,N,T0107,2004-Q3,298850,,,F,1,A,6,EUR
OECD.SDD.NAD:DSD_NAMAIN1@DF_QNA_INC_SAV(1.1),Q,N,ESP,S1,S1,B6N,_Z,_Z,_Z,XDC,V,N,T0107,2009-Q3,215199,,,F,1,A,6,EUR
OECD.SDD.NAD:DSD_NAMAIN1@DF_QNA_INC_SAV(1.1),Q,N,ITA,S1,S1,B6N,_Z,_Z,_Z,XDC,V,N,T0107,2002-Q1,261907.1,,,F,1,A,6,EUR
OECD.SDD.NAD:DSD_NAMAIN1@DF_QNA_INC_SAV(1.1),Q,N,ESP,S1,S1,B6N,_Z,_Z,_Z,XDC,V,N,T0107,2006-Q1,199547,,,F,1,A,6,EUR
OECD.SDD.NAD:DSD_NAMAIN1@DF_QNA_INC_SAV(1.1),Q,N,ESP,S1,S1,B6N,_Z,_Z,_Z,XDC,V,N,T0107,2005-Q4,211743,,,F,1,A,6,EUR
OECD.SDD.NAD:DSD_NAMAIN1@DF_QNA_INC_SAV(1.1),Q,N,ESP,S1,S1,B6N,_Z,_Z,_Z,XDC,V,N,T0107,2005-Q3,190125,,,F,1,A,6,EUR
OECD.SDD.NAD:DSD_NAMAIN1@DF_QNA_INC_SAV(1.1),Q,N,GRC,S1,S1,B6N,_Z,_Z,_Z,XDC,V,N,T0107,2022-Q2,43347.7,,,F,1,A,6,EUR
OECD.SDD.NAD:DSD_NAMAIN1@DF_QNA_INC_SAV(1.1),Q,N,GRC,S1,S1,B6N,_Z,_Z,_Z,XDC,V,N,T0107,2022-Q1,38578.9,,,F,1,A,6,EUR
OECD.SDD.NAD:DSD_NAMAIN1@DF_QNA_INC_SAV(1.1),Q,N,GRC,S1,S1,B6N,_Z,_Z,_Z,XDC,V,N,T0107,2021-Q4,41717,,,F,1,A,6,EUR
OECD.SDD.NAD:DSD_NAMAIN1@DF_QNA_INC_SAV(1.1),Q,N,GRC,S1,S1,B6N,_Z,_Z,_Z,XDC,V,N,T0107,2018-Q3,40205.1,,,F,1,A,6,EUR
OECD.SDD.NAD:DSD_NAMAIN1@DF_QNA_INC_SAV(1.1),Q,N,GRC,S1,S1,B6N,_Z,_Z,_Z,XDC,V,N,T0107,2016-Q1,32105.1,,,F,1,A,6,EUR
OECD.SDD.NAD:DSD_NAMAIN1@DF_QNA_INC_SAV(1.1),Q,N,GRC,S1,S1,B6N,_Z,_Z,_Z,XDC,V,N,T0107,2015-Q4,38128.1,,,F,1,A,6,EUR
OECD.SDD.NAD:DSD_NAMAIN1@DF_QNA_INC_SAV(1.1),Q,N,GRC,S1,S1,B6N,_Z,_Z,_Z,XDC,V,N,T0107,2015-Q3,37505.1,,,F,1,A,6,EUR
OECD.SDD.NAD:DSD_NAMAIN1@DF_QNA_INC_SAV(1.1),Q,N,GRC,S1,S1,B6N,_Z,_Z,_Z,XDC,V,N,T0107,2015-Q2,35608.9,,,F,1,A,6,EUR
OECD.SDD.NAD:DSD_NAMAIN1@DF_QNA_INC_SAV(1.1),Q,N,GRC,S1,S1,B6N,_Z,_Z,_Z,XDC,V,N,T0107,2015-Q1,32711.3,,,F,1,A,6,EUR
OECD.SDD.NAD:DSD_NAMAIN1@DF_QNA_INC_SAV(1.1),Q,N,GRC,S1,S1,B6N,_Z,_Z,_Z,XDC,V,N,T0107,2014-Q4,37755.7,,,F,1,A,6,EUR
OECD.SDD.NAD:DSD_NAMAIN1@DF_QNA_INC_SAV(1.1),Q,N,GRC,S1,S1,B6N,_Z,_Z,_Z,XDC,V,N,T0107,2014-Q3,38276.4,,,F,1,A,6,EUR
OECD.SDD.NAD:DSD_NAMAIN1@DF_QNA_INC_SAV(1.1),Q,N,GRC,S1,S1,B6N,_Z,_Z,_Z,XDC,V,N,T0107,2014-Q2,35931.9,,,F,1,A,6,EUR
OECD.SDD.NAD:DSD_NAMAIN1@DF_QNA_INC_SAV(1.1),Q,N,GRC,S1,S1,B6N,_Z,_Z,_Z,XDC,V,N,T0107,2014-Q1,32242.7,,,F,1,A,6,EUR
OECD.SDD.NAD:DSD_NAMAIN1@DF_QNA_INC_SAV(1.1),Q,N,GRC,S1,S1,B6N,_Z,_Z,_Z,XDC,V,N,T0107,2013-Q4,37908.9,,,F,1,A,6,EUR
OECD.SDD.NAD:DSD_NAMAIN1@DF_QNA_INC_SAV(1.1),Q,N,GRC,S1,S1,B6N,_Z,_Z,_Z,XDC,V,N,T0107,2013-Q3,38742.4,,,F,1,A,6,EUR
OECD.SDD.NAD:DSD_NAMAIN1@DF_QNA_INC_SAV(1.1),Q,N,GRC,S1,S1,B6N,_Z,_Z,_Z,XDC,V,N,T0107,2013-Q2,36228.3,,,F,1,A,6,EUR
OECD.SDD.NAD:DSD_NAMAIN1@DF_QNA_INC_SAV(1.1),Q,N,GRC,S1,S1,B6N,_Z,_Z,_Z,XDC,V,N,T0107,2013-Q1,32847.9,,,F,1,A,6,EUR
OECD.SDD.NAD:DSD_NAMAIN1@DF_QNA_INC_SAV(1.1),Q,N,GRC,S1,S1,B6N,_Z,_Z,_Z,XDC,V,N,T0107,2012-Q4,39307.1,,,F,1,A,6,EUR
OECD.SDD.NAD:DSD_NAMAIN1@DF_QNA_INC_SAV(1.1),Q,N,GRC,S1,S1,B6N,_Z,_Z,_Z,XDC,V,N,T0107,2012-Q3,39035.9,,,F,1,A,6,EUR
OECD.SDD.NAD:DSD_NAMAIN1@DF_QNA_INC_SAV(1.1),Q,N,GRC,S1,S1,B6N,_Z,_Z,_Z,XDC,V,N,T0107,2012-Q2,38349.3,,,F,1,A,6,EUR
OECD.SDD.NAD:DSD_NAMAIN1@DF_QNA_INC_SAV(1.1),Q,N,GRC,S1,S1,B6N,_Z,_Z,_Z,XDC,V,N,T0107,2012-Q1,34695.5,,,F,1,A,6,EUR
OECD.SDD.NAD:DSD_NAMAIN1@DF_QNA_INC_SAV(1.1),Q,N,GRC,S1,S1,B6N,_Z,_Z,_Z,XDC,V,N,T0107,2011-Q4,40544.1,,,F,1,A,6,EUR
OECD.SDD.NAD:DSD_NAMAIN1@DF_QNA_INC_SAV(1.1),Q,N,GRC,S1,S1,B6N,_Z,_Z,_Z,XDC,V,N,T0107,2011-Q3,40970.4,,,F,1,A,6,EUR
OECD.SDD.NAD:DSD_NAMAIN1@DF_QNA_INC_SAV(1.1),Q,N,GRC,S1,S1,B6N,_Z,_Z,_Z,XDC,V,N,T0107,2011-Q2,40984,,,F,1,A,6,EUR
OECD.SDD.NAD:DSD_NAMAIN1@DF_QNA_INC_SAV(1.1),Q,N,GRC,S1,S1,B6N,_Z,_Z,_Z,XDC,V,N,T0107,2011-Q1,37919.4,,,F,1,A,6,EUR
OECD.SDD.NAD:DSD_NAMAIN1@DF_QNA_INC_SAV(1.1),Q,N,GRC,S1,S1,B6N,_Z,_Z,_Z,XDC,V,N,T0107,2010-Q4,46559.8,,,F,1,A,6,EUR
OECD.SDD.NAD:DSD_NAMAIN1@DF_QNA_INC_SAV(1.1),Q,N,GRC,S1,S1,B6N,_Z,_Z,_Z,XDC,V,N,T0107,2010-Q3,44673.6,,,F,1,A,6,EUR
OECD.SDD.NAD:DSD_NAMAIN1@DF_QNA_INC_SAV(1.1),Q,N,GRC,S1,S1,B6N,_Z,_Z,_Z,XDC,V,N,T0107,2010-Q2,44818.9,,,F,1,A,6,EUR
OECD.SDD.NAD:DSD_NAMAIN1@DF_QNA_INC_SAV(1.1),Q,N,GRC,S1,S1,B6N,_Z,_Z,_Z,XDC,V,N,T0107,2009-Q4,51507.9,,,F,1,A,6,EUR
OECD.SDD.NAD:DSD_NAMAIN1@DF_QNA_INC_SAV(1.1),Q,N,GRC,S1,S1,B6N,_Z,_Z,_Z,XDC,V,N,T0107,2009-Q3,48497.2,,,F,1,A,6,EUR
OECD.SDD.NAD:DSD_NAMAIN1@DF_QNA_INC_SAV(1.1),Q,N,GRC,S1,S1,B6N,_Z,_Z,_Z,XDC,V,N,T0107,2009-Q2,47387.5,,,F,1,A,6,EUR
OECD.SDD.NAD:DSD_NAMAIN1@DF_QNA_INC_SAV(1.1),Q,N,GRC,S1,S1,B6N,_Z,_Z,_Z,XDC,V,N,T0107,2009-Q1,42048.3,,,F,1,A,6,EUR
OECD.SDD.NAD:DSD_NAMAIN1@DF_QNA_INC_SAV(1.1),Q,Y,EST,S1,S1,B6G,_Z,_Z,_Z,XDC,V,N,T0107,2021-Q2,7427,,,F,1,A,6,EUR
OECD.SDD.NAD:DSD_NAMAIN1@DF_QNA_INC_SAV(1.1),Q,N,GRC,S1,S1,B6N,_Z,_Z,_Z,XDC,V,N,T0107,2006-Q3,46783.2,,,F,1,A,6,EUR
OECD.SDD.NAD:DSD_NAMAIN1@DF_QNA_INC_SAV(1.1),Q,N,GRC,S1,S1,B6N,_Z,_Z,_Z,XDC,V,N,T0107,2006-Q2,40796.7,,,F,1,A,6,EUR
OECD.SDD.NAD:DSD_NAMAIN1@DF_QNA_INC_SAV(1.1),Q,N,GRC,S1,S1,B6N,_Z,_Z,_Z,XDC,V,N,T0107,2006-Q1,41246.3,,,F,1,A,6,EUR
OECD.SDD.NAD:DSD_NAMAIN1@DF_QNA_INC_SAV(1.1),Q,N,GRC,S1,S1,B6N,_Z,_Z,_Z,XDC,V,N,T0107,2005-Q4,45145.9,,,F,1,A,6,EUR
OECD.SDD.NAD:DSD_NAMAIN1@DF_QNA_INC_SAV(1.1),Q,N,GRC,S1,S1,B6N,_Z,_Z,_Z,XDC,V,N,T0107,2005-Q3,43267.9,,,F,1,A,6,EUR
OECD.SDD.NAD:DSD_NAMAIN1@DF_QNA_INC_SAV(1.1),Q,N,GRC,S1,S1,B6N,_Z,_Z,_Z,XDC,V,N,T0107,2005-Q2,37514.1,,,F,1,A,6,EUR
OECD.SDD.NAD:DSD_NAMAIN1@DF_QNA_INC_SAV(1.1),Q,N,GRC,S1,S1,B6N,_Z,_Z,_Z,XDC,V,N,T0107,2005-Q1,37237.4,,,F,1,A,6,EUR
OECD.SDD.NAD:DSD_NAMAIN1@DF_QNA_INC_SAV(1.1),Q,N,GRC,S1,S1,B6N,_Z,_Z,_Z,XDC,V,N,T0107,2004-Q4,43330.3,,,F,1,A,6,EUR
OECD.SDD.NAD:DSD_NAMAIN1@DF_QNA_INC_SAV(1.1),Q,N,GRC,S1,S1,B6N,_Z,_Z,_Z,XDC,V,N,T0107,2004-Q3,42515.7,,,F,1,A,6,EUR
OECD.SDD.NAD:DSD_NAMAIN1@DF_QNA_INC_SAV(1.1),Q,N,GRC,S1,S1,B6N,_Z,_Z,_Z,XDC,V,N,T0107,2004-Q2,37520.7,,,F,1,A,6,EUR
OECD.SDD.NAD:DSD_NAMAIN1@DF_QNA_INC_SAV(1.1),Q,N,GRC,S1,S1,B6N,_Z,_Z,_Z,XDC,V,N,T0107,2004-Q1,37078.3,,,F,1,A,6,EUR
OECD.SDD.NAD:DSD_NAMAIN1@DF_QNA_INC_SAV(1.1),Q,N,GRC,S1,S1,B6N,_Z,_Z,_Z,XDC,V,N,T0107,2003-Q4,40282.2,,,F,1,A,6,EUR
OECD.SDD.NAD:DSD_NAMAIN1@DF_QNA_INC_SAV(1.1),Q,N,GRC,S1,S1,B6N,_Z,_Z,_Z,XDC,V,N,T0107,2003-Q3,38373,,,F,1,A,6,EUR
OECD.SDD.NAD:DSD_NAMAIN1@DF_QNA_INC_SAV(1.1),Q,N,GRC,S1,S1,B6N,_Z,_Z,_Z,XDC,V,N,T0107,2003-Q2,35518.6,,,F,1,A,6,EUR
OECD.SDD.NAD:DSD_NAMAIN1@DF_QNA_INC_SAV(1.1),Q,Y,EST,S1,S1,B6G,_Z,_Z,_Z,XDC,V,N,T0107,2016-Q4,5520.9,,,F,1,A,6,EUR
OECD.SDD.NAD:DSD_NAMAIN1@DF_QNA_INC_SAV(1.1),Q,Y,EST,S1,S1,B6G,_Z,_Z,_Z,XDC,V,N,T0107,2016-Q3,5420.3,,,F,1,A,6,EUR
OECD.SDD.NAD:DSD_NAMAIN1@DF_QNA_INC_SAV(1.1),Q,Y,EST,S1,S1,B6G,_Z,_Z,_Z,XDC,V,N,T0107,2016-Q2,5400.9,,,F,1,A,6,EUR
OECD.SDD.NAD:DSD_NAMAIN1@DF_QNA_INC_SAV(1.1),Q,N,GRC,S1,S1,B6N,_Z,_Z,_Z,XDC,V,N,T0107,2002-Q1,31187.5,,,F,1,A,6,EUR
OECD.SDD.NAD:DSD_NAMAIN1@DF_QNA_INC_SAV(1.1),Q,N,GRC,S1,S1,B6N,_Z,_Z,_Z,XDC,V,N,T0107,2001-Q4,34450.4,,,F,1,A,6,EUR
OECD.SDD.NAD:DSD_NAMAIN1@DF_QNA_INC_SAV(1.1),Q,N,GRC,S1,S1,B6N,_Z,_Z,_Z,XDC,V,N,T0107,2001-Q3,32923.8,,,F,1,A,6,EUR
OECD.SDD.NAD:DSD_NAMAIN1@DF_QNA_INC_SAV(1.1),Q,N,GRC,S1,S1,B6N,_Z,_Z,_Z,XDC,V,N,T0107,2001-Q2,30126.1,,,F,1,A,6,EUR
OECD.SDD.NAD:DSD_NAMAIN1@DF_QNA_INC_SAV(1.1),Q,N,GRC,S1,S1,B6N,_Z,_Z,_Z,XDC,V,N,T0107,2001-Q1,29147.9,,,F,1,A,6,EUR
OECD.SDD.NAD:DSD_NAMAIN1@DF_QNA_INC_SAV(1.1),Q,N,GRC,S1,S1,B6N,_Z,_Z,_Z,XDC,V,N,T0107,2000-Q4,31923.2,,,F,1,A,6,EUR
OECD.SDD.NAD:DSD_NAMAIN1@DF_QNA_INC_SAV(1.1),Q,N,GRC,S1,S1,B6N,_Z,_Z,_Z,XDC,V,N,T0107,2000-Q3,30660.6,,,F,1,A,6,EUR
OECD.SDD.NAD:DSD_NAMAIN1@DF_QNA_INC_SAV(1.1),Q,N,GRC,S1,S1,B6N,_Z,_Z,_Z,XDC,V,N,T0107,2019-Q2,39482.1,,,F,1,A,6,EUR
OECD.SDD.NAD:DSD_NAMAIN1@DF_QNA_INC_SAV(1.1),Q,N,AUT,S1,S1,B6N,_Z,_Z,_Z,XDC,V,N,T0107,2022-Q3,88314.6,,,F,1,A,6,EUR
OECD.SDD.NAD:DSD_NAMAIN1@DF_QNA_INC_SAV(1.1),Q,N,AUT,S1,S1,B6N,_Z,_Z,_Z,XDC,V,N,T0107,2022-Q2,88468.5,,,F,1,A,6,EUR
OECD.SDD.NAD:DSD_NAMAIN1@DF_QNA_INC_SAV(1.1),Q,N,AUT,S1,S1,B6N,_Z,_Z,_Z,XDC,V,N,T0107,2022-Q1,83398.4,,,F,1,A,6,EUR
OECD.SDD.NAD:DSD_NAMAIN1@DF_QNA_INC_SAV(1.1),Q,N,AUT,S1,S1,B6N,_Z,_Z,_Z,XDC,V,N,T0107,2021-Q4,90815.3,,,F,1,A,6,EUR
OECD.SDD.NAD:DSD_NAMAIN1@DF_QNA_INC_SAV(1.1),Q,N,AUT,S1,S1,B6N,_Z,_Z,_Z,XDC,V,N,T0107,2021-Q3,83429.5,,,F,1,A,6,EUR
OECD.SDD.NAD:DSD_NAMAIN1@DF_QNA_INC_SAV(1.1),Q,N,AUT,S1,S1,B6N,_Z,_Z,_Z,XDC,V,N,T0107,2021-Q2,80681.2,,,F,1,A,6,EUR
OECD.SDD.NAD:DSD_NAMAIN1@DF_QNA_INC_SAV(1.1),Q,N,AUT,S1,S1,B6N,_Z,_Z,_Z,XDC,V,N,T0107,2021-Q1,71395.6,,,F,1,A,6,EUR
OECD.SDD.NAD:DSD_NAMAIN1@DF_QNA_INC_SAV(1.1),Q,N,AUT,S1,S1,B6N,_Z,_Z,_Z,XDC,V,N,T0107,2020-Q4,80802.8,,,F,1,A,6,EUR
OECD.SDD.NAD:DSD_NAMAIN1@DF_QNA_INC_SAV(1.1),Q,N,AUT,S1,S1,B6N,_Z,_Z,_Z,XDC,V,N,T0107,2020-Q3,76723.4,,,F,1,A,6,EUR
OECD.SDD.NAD:DSD_NAMAIN1@DF_QNA_INC_SAV(1.1),Q,N,AUT,S1,S1,B6N,_Z,_Z,_Z,XDC,V,N,T0107,2020-Q2,67574.5,,,F,1,A,6,EUR
OECD.SDD.NAD:DSD_NAMAIN1@DF_QNA_INC_SAV(1.1),Q,N,AUT,S1,S1,B6N,_Z,_Z,_Z,XDC,V,N,T0107,2020-Q1,75856.2,,,F,1,A,6,EUR
OECD.SDD.NAD:DSD_NAMAIN1@DF_QNA_INC_SAV(1.1),Q,N,AUT,S1,S1,B6N,_Z,_Z,_Z,XDC,V,N,T0107,2019-Q4,83392.1,,,F,1,A,6,EUR
OECD.SDD.NAD:DSD_NAMAIN1@DF_QNA_INC_SAV(1.1),Q,N,AUT,S1,S1,B6N,_Z,_Z,_Z,XDC,V,N,T0107,2019-Q3,78231.5,,,F,1,A,6,EUR
OECD.SDD.NAD:DSD_NAMAIN1@DF_QNA_INC_SAV(1.1),Q,N,AUT,S1,S1,B6N,_Z,_Z,_Z,XDC,V,N,T0107,2019-Q2,77556.2,,,F,1,A,6,EUR
OECD.SDD.NAD:DSD_NAMAIN1@DF_QNA_INC_SAV(1.1),Q,N,AUT,S1,S1,B6N,_Z,_Z,_Z,XDC,V,N,T0107,2019-Q1,75341.6,,,F,1,A,6,EUR
OECD.SDD.NAD:DSD_NAMAIN1@DF_QNA_INC_SAV(1.1),Q,N,AUT,S1,S1,B6N,_Z,_Z,_Z,XDC,V,N,T0107,2018-Q4,80220.4,,,F,1,A,6,EUR
OECD.SDD.NAD:DSD_NAMAIN1@DF_QNA_INC_SAV(1.1),Q,N,AUT,S1,S1,B6N,_Z,_Z,_Z,XDC,V,N,T0107,2018-Q3,74942.1,,,F,1,A,6,EUR
OECD.SDD.NAD:DSD_NAMAIN1@DF_QNA_INC_SAV(1.1),Q,N,AUT,S1,S1,B6N,_Z,_Z,_Z,XDC,V,N,T0107,2018-Q2,74680.9,,,F,1,A,6,EUR
OECD.SDD.NAD:DSD_NAMAIN1@DF_QNA_INC_SAV(1.1),Q,N,AUT,S1,S1,B6N,_Z,_Z,_Z,XDC,V,N,T0107,2018-Q1,72494.7,,,F,1,A,6,EUR
OECD.SDD.NAD:DSD_NAMAIN1@DF_QNA_INC_SAV(1.1),Q,N,AUT,S1,S1,B6N,_Z,_Z,_Z,XDC,V,N,T0107,2017-Q4,79070.8,,,F,1,A,6,EUR
OECD.SDD.NAD:DSD_NAMAIN1@DF_QNA_INC_SAV(1.1),Q,N,AUT,S1,S1,B6N,_Z,_Z,_Z,XDC,V,N,T0107,2006-Q3,53719.4,,,F,1,A,6,EUR
OECD.SDD.NAD:DSD_NAMAIN1@DF_QNA_INC_SAV(1.1),Q,N,AUT,S1,S1,B6N,_Z,_Z,_Z,XDC,V,N,T0107,2006-Q2,54101,,,F,1,A,6,EUR
OECD.SDD.NAD:DSD_NAMAIN1@DF_QNA_INC_SAV(1.1),Q,N,AUT,S1,S1,B6N,_Z,_Z,_Z,XDC,V,N,T0107,2006-Q1,50712.1,,,F,1,A,6,EUR
OECD.SDD.NAD:DSD_NAMAIN1@DF_QNA_INC_SAV(1.1),Q,N,AUT,S1,S1,B6N,_Z,_Z,_Z,XDC,V,N,T0107,2005-Q4,55082.2,,,F,1,A,6,EUR
OECD.SDD.NAD:DSD_NAMAIN1@DF_QNA_INC_SAV(1.1),Q,N,AUT,S1,S1,B6N,_Z,_Z,_Z,XDC,V,N,T0107,2005-Q3,51583.4,,,F,1,A,6,EUR
OECD.SDD.NAD:DSD_NAMAIN1@DF_QNA_INC_SAV(1.1),Q,N,AUT,S1,S1,B6N,_Z,_Z,_Z,XDC,V,N,T0107,2005-Q2,51240.7,,,F,1,A,6,EUR
OECD.SDD.NAD:DSD_NAMAIN1@DF_QNA_INC_SAV(1.1),Q,N,AUT,S1,S1,B6N,_Z,_Z,_Z,XDC,V,N,T0107,2005-Q1,46460.2,,,F,1,A,6,EUR
OECD.SDD.NAD:DSD_NAMAIN1@DF_QNA_INC_SAV(1.1),Q,N,AUT,S1,S1,B6N,_Z,_Z,_Z,XDC,V,N,T0107,2004-Q4,52111.3,,,F,1,A,6,EUR
OECD.SDD.NAD:DSD_NAMAIN1@DF_QNA_INC_SAV(1.1),Q,N,AUT,S1,S1,B6N,_Z,_Z,_Z,XDC,V,N,T0107,2004-Q3,48882.2,,,F,1,A,6,EUR
OECD.SDD.NAD:DSD_NAMAIN1@DF_QNA_INC_SAV(1.1),Q,N,AUT,S1,S1,B6N,_Z,_Z,_Z,XDC,V,N,T0107,2004-Q2,48597.9,,,F,1,A,6,EUR
OECD.SDD.NAD:DSD_NAMAIN1@DF_QNA_INC_SAV(1.1),Q,N,AUT,S1,S1,B6N,_Z,_Z,_Z,XDC,V,N,T0107,2004-Q1,45058,,,F,1,A,6,EUR
OECD.SDD.NAD:DSD_NAMAIN1@DF_QNA_INC_SAV(1.1),Q,N,AUT,S1,S1,B6N,_Z,_Z,_Z,XDC,V,N,T0107,2003-Q4,48920,,,F,1,A,6,EUR
OECD.SDD.NAD:DSD_NAMAIN1@DF_QNA_INC_SAV(1.1),Q,N,AUT,S1,S1,B6N,_Z,_Z,_Z,XDC,V,N,T0107,2003-Q3,46355.7,,,F,1,A,6,EUR
OECD.SDD.NAD:DSD_NAMAIN1@DF_QNA_INC_SAV(1.1),Q,N,AUT,S1,S1,B6N,_Z,_Z,_Z,XDC,V,N,T0107,2003-Q2,46790.4,,,F,1,A,6,EUR
OECD.SDD.NAD:DSD_NAMAIN1@DF_QNA_INC_SAV(1.1),Q,N,AUT,S1,S1,B6N,_Z,_Z,_Z,XDC,V,N,T0107,2003-Q1,43856.2,,,F,1,A,6,EUR
OECD.SDD.NAD:DSD_NAMAIN1@DF_QNA_INC_SAV(1.1),Q,N,AUT,S1,S1,B6N,_Z,_Z,_Z,XDC,V,N,T0107,2002-Q4,47537.9,,,F,1,A,6,EUR
OECD.SDD.NAD:DSD_NAMAIN1@DF_QNA_INC_SAV(1.1),Q,N,AUT,S1,S1,B6N,_Z,_Z,_Z,XDC,V,N,T0107,2002-Q3,45685.1,,,F,1,A,6,EUR
OECD.SDD.NAD:DSD_NAMAIN1@DF_QNA_INC_SAV(1.1),Q,N,AUT,S1,S1,B6N,_Z,_Z,_Z,XDC,V,N,T0107,2002-Q2,45559.4,,,F,1,A,6,EUR
OECD.SDD.NAD:DSD_NAMAIN1@DF_QNA_INC_SAV(1.1),Q,N,AUT,S1,S1,B6N,_Z,_Z,_Z,XDC,V,N,T0107,2002-Q1,42356.4,,,F,1,A,6,EUR
OECD.SDD.NAD:DSD_NAMAIN1@DF_QNA_INC_SAV(1.1),Q,N,AUT,S1,S1,B6N,_Z,_Z,_Z,XDC,V,N,T0107,2001-Q4,45652.2,,,F,1,A,6,EUR
OECD.SDD.NAD:DSD_NAMAIN1@DF_QNA_INC_SAV(1.1),Q,N,AUT,S1,S1,B6N,_Z,_Z,_Z,XDC,V,N,T0107,2001-Q3,43890.2,,,F,1,A,6,EUR
OECD.SDD.NAD:DSD_NAMAIN1@DF_QNA_INC_SAV(1.1),Q,N,AUT,S1,S1,B6N,_Z,_Z,_Z,XDC,V,N,T0107,2001-Q2,43954.5,,,F,1,A,6,EUR
OECD.SDD.NAD:DSD_NAMAIN1@DF_QNA_INC_SAV(1.1),Q,N,AUT,S1,S1,B6N,_Z,_Z,_Z,XDC,V,N,T0107,2001-Q1,41321,,,F,1,A,6,EUR
OECD.SDD.NAD:DSD_NAMAIN1@DF_QNA_INC_SAV(1.1),Q,N,AUT,S1,S1,B6N,_Z,_Z,_Z,XDC,V,N,T0107,2000-Q4,44939.9,,,F,1,A,6,EUR
OECD.SDD.NAD:DSD_NAMAIN1@DF_QNA_INC_SAV(1.1),Q,N,AUT,S1,S1,B6N,_Z,_Z,_Z,XDC,V,N,T0107,2000-Q3,43186.5,,,F,1,A,6,EUR
OECD.SDD.NAD:DSD_NAMAIN1@DF_QNA_INC_SAV(1.1),Q,N,AUT,S1,S1,B6N,_Z,_Z,_Z,XDC,V,N,T0107,2000-Q2,42826.1,,,F,1,A,6,EUR
OECD.SDD.NAD:DSD_NAMAIN1@DF_QNA_INC_SAV(1.1),Q,N,AUT,S1,S1,B6N,_Z,_Z,_Z,XDC,V,N,T0107,2000-Q1,39886.5,,,F,1,A,6,EUR
OECD.SDD.NAD:DSD_NAMAIN1@DF_QNA_INC_SAV(1.1),Q,N,ESP,S1,S1,B6N,_Z,_Z,_Z,XDC,V,N,T0107,2024-Q4,356279,,,F,1,A,6,EUR
OECD.SDD.NAD:DSD_NAMAIN1@DF_QNA_INC_SAV(1.1),Q,N,ESP,S1,S1,B6N,_Z,_Z,_Z,XDC,V,N,T0107,2024-Q3,326447,,,F,1,A,6,EUR
OECD.SDD.NAD:DSD_NAMAIN1@DF_QNA_INC_SAV(1.1),Q,N,ESP,S1,S1,B6N,_Z,_Z,_Z,XDC,V,N,T0107,2024-Q2,333089,,,F,1,A,6,EUR
OECD.SDD.NAD:DSD_NAMAIN1@DF_QNA_INC_SAV(1.1),Q,N,ESP,S1,S1,B6N,_Z,_Z,_Z,XDC,V,N,T0107,2024-Q1,316908,,,F,1,A,6,EUR
OECD.SDD.NAD:DSD_NAMAIN1@DF_QNA_INC_SAV(1.1),Q,N,ESP,S1,S1,B6N,_Z,_Z,_Z,XDC,V,N,T0107,2023-Q4,334245,,,F,1,A,6,EUR
OECD.SDD.NAD:DSD_NAMAIN1@DF_QNA_INC_SAV(1.1),Q,N,ESP,S1,S1,B6N,_Z,_Z,_Z,XDC,V,N,T0107,2023-Q3,304219,,,F,1,A,6,EUR
OECD.SDD.NAD:DSD_NAMAIN1@DF_QNA_INC_SAV(1.1),Q,N,ESP,S1,S1,B6N,_Z,_Z,_Z,XDC,V,N,T0107,2023-Q2,311094,,,F,1,A,6,EUR
OECD.SDD.NAD:DSD_NAMAIN1@DF_QNA_INC_SAV(1.1),Q,N,ESP,S1,S1,B6N,_Z,_Z,_Z,XDC,V,N,T0107,2023-Q1,297014,,,F,1,A,6,EUR
OECD.SDD.NAD:DSD_NAMAIN1@DF_QNA_INC_SAV(1.1),Q,N,ESP,S1,S1,B6N,_Z,_Z,_Z,XDC,V,N,T0107,2022-Q4,311133,,,F,1,A,6,EUR
OECD.SDD.NAD:DSD_NAMAIN1@DF_QNA_INC_SAV(1.1),Q,N,ESP,S1,S1,B6N,_Z,_Z,_Z,XDC,V,N,T0107,2022-Q3,282543,,,F,1,A,6,EUR
OECD.SDD.NAD:DSD_NAMAIN1@DF_QNA_INC_SAV(1.1),Q,N,ESP,S1,S1,B6N,_Z,_Z,_Z,XDC,V,N,T0107,2020-Q2,201361,,,F,1,A,6,EUR
OECD.SDD.NAD:DSD_NAMAIN1@DF_QNA_INC_SAV(1.1),Q,N,ESP,S1,S1,B6N,_Z,_Z,_Z,XDC,V,N,T0107,2020-Q1,239170,,,F,1,A,6,EUR
OECD.SDD.NAD:DSD_NAMAIN1@DF_QNA_INC_SAV(1.1),Q,N,ESP,S1,S1,B6N,_Z,_Z,_Z,XDC,V,N,T0107,2019-Q4,280386,,,F,1,A,6,EUR
OECD.SDD.NAD:DSD_NAMAIN1@DF_QNA_INC_SAV(1.1),Q,N,ESP,S1,S1,B6N,_Z,_Z,_Z,XDC,V,N,T0107,2019-Q3,257061,,,F,1,A,6,EUR
OECD.SDD.NAD:DSD_NAMAIN1@DF_QNA_INC_SAV(1.1),Q,N,ESP,S1,S1,B6N,_Z,_Z,_Z,XDC,V,N,T0107,2019-Q2,267771,,,F,1,A,6,EUR
OECD.SDD.NAD:DSD_NAMAIN1@DF_QNA_INC_SAV(1.1),Q,N,ESP,S1,S1,B6N,_Z,_Z,_Z,XDC,V,N,T0107,2019-Q1,250935,,,F,1,A,6,EUR
OECD.SDD.NAD:DSD_NAMAIN1@DF_QNA_INC_SAV(1.1),Q,N,ESP,S1,S1,B6N,_Z,_Z,_Z,XDC,V,N,T0107,2018-Q4,272362,,,F,1,A,6,EUR
OECD.SDD.NAD:DSD_NAMAIN1@DF_QNA_INC_SAV(1.1),Q,N,ESP,S1,S1,B6N,_Z,_Z,_Z,XDC,V,N,T0107,2018-Q3,249053,,,F,1,A,6,EUR
OECD.SDD.NAD:DSD_NAMAIN1@DF_QNA_INC_SAV(1.1),Q,N,ESP,S1,S1,B6N,_Z,_Z,_Z,XDC,V,N,T0107,2018-Q2,258785,,,F,1,A,6,EUR
OECD.SDD.NAD:DSD_NAMAIN1@DF_QNA_INC_SAV(1.1),Q,N,ESP,S1,S1,B6N,_Z,_Z,_Z,XDC,V,N,T0107,2018-Q1,240741,,,F,1,A,6,EUR
OECD.SDD.NAD:DSD_NAMAIN1@DF_QNA_INC_SAV(1.1),Q,N,ESP,S1,S1,B6N,_Z,_Z,_Z,XDC,V,N,T0107,2017-Q4,262060,,,F,1,A,6,EUR
OECD.SDD.NAD:DSD_NAMAIN1@DF_QNA_INC_SAV(1.1),Q,N,ESP,S1,S1,B6N,_Z,_Z,_Z,XDC,V,N,T0107,2017-Q3,241011,,,F,1,A,6,EUR
OECD.SDD.NAD:DSD_NAMAIN1@DF_QNA_INC_SAV(1.1),Q,N,ESP,S1,S1,B6N,_Z,_Z,_Z,XDC,V,N,T0107,2017-Q2,249305,,,F,1,A,6,EUR
OECD.SDD.NAD:DSD_NAMAIN1@DF_QNA_INC_SAV(1.1),Q,N,ESP,S1,S1,B6N,_Z,_Z,_Z,XDC,V,N,T0107,2017-Q1,232337,,,F,1,A,6,EUR
OECD.SDD.NAD:DSD_NAMAIN1@DF_QNA_INC_SAV(1.1),Q,N,ESP,S1,S1,B6N,_Z,_Z,_Z,XDC,V,N,T0107,2016-Q4,250858,,,F,1,A,6,EUR
OECD.SDD.NAD:DSD_NAMAIN1@DF_QNA_INC_SAV(1.1),Q,N,ESP,S1,S1,B6N,_Z,_Z,_Z,XDC,V,N,T0107,2016-Q2,240341,,,F,1,A,6,EUR
OECD.SDD.NAD:DSD_NAMAIN1@DF_QNA_INC_SAV(1.1),Q,N,ESP,S1,S1,B6N,_Z,_Z,_Z,XDC,V,N,T0107,2016-Q1,221790,,,F,1,A,6,EUR
OECD.SDD.NAD:DSD_NAMAIN1@DF_QNA_INC_SAV(1.1),Q,N,ESP,S1,S1,B6N,_Z,_Z,_Z,XDC,V,N,T0107,2015-Q4,243434,,,F,1,A,6,EUR
OECD.SDD.NAD:DSD_NAMAIN1@DF_QNA_INC_SAV(1.1),Q,N,ESP,S1,S1,B6N,_Z,_Z,_Z,XDC,V,N,T0107,2015-Q3,224256,,,F,1,A,6,EUR
OECD.SDD.NAD:DSD_NAMAIN1@DF_QNA_INC_SAV(1.1),Q,N,ESP,S1,S1,B6N,_Z,_Z,_Z,XDC,V,N,T0107,2015-Q2,230818,,,F,1,A,6,EUR
OECD.SDD.NAD:DSD_NAMAIN1@DF_QNA_INC_SAV(1.1),Q,N,ESP,S1,S1,B6N,_Z,_Z,_Z,XDC,V,N,T0107,2015-Q1,213169,,,F,1,A,6,EUR
OECD.SDD.NAD:DSD_NAMAIN1@DF_QNA_INC_SAV(1.1),Q,N,ESP,S1,S1,B6N,_Z,_Z,_Z,XDC,V,N,T0107,2014-Q4,231977,,,F,1,A,6,EUR
OECD.SDD.NAD:DSD_NAMAIN1@DF_QNA_INC_SAV(1.1),Q,N,ITA,S1,S1,B6N,_Z,_Z,_Z,XDC,V,N,T0107,2010-Q4,357215.8,,,F,1,A,6,EUR
OECD.SDD.NAD:DSD_NAMAIN1@DF_QNA_INC_SAV(1.1),Q,N,ITA,S1,S1,B6N,_Z,_Z,_Z,XDC,V,N,T0107,2010-Q3,321939.1,,,F,1,A,6,EUR
OECD.SDD.NAD:DSD_NAMAIN1@DF_QNA_INC_SAV(1.1),Q,N,ITA,S1,S1,B6N,_Z,_Z,_Z,XDC,V,N,T0107,2010-Q2,323647.3,,,F,1,A,6,EUR
OECD.SDD.NAD:DSD_NAMAIN1@DF_QNA_INC_SAV(1.1),Q,N,ITA,S1,S1,B6N,_Z,_Z,_Z,XDC,V,N,T0107,2010-Q1,297510.1,,,F,1,A,6,EUR
OECD.SDD.NAD:DSD_NAMAIN1@DF_QNA_INC_SAV(1.1),Q,N,ITA,S1,S1,B6N,_Z,_Z,_Z,XDC,V,N,T0107,2009-Q4,349426.7,,,F,1,A,6,EUR
OECD.SDD.NAD:DSD_NAMAIN1@DF_QNA_INC_SAV(1.1),Q,N,ITA,S1,S1,B6N,_Z,_Z,_Z,XDC,V,N,T0107,2009-Q3,316264,,,F,1,A,6,EUR
OECD.SDD.NAD:DSD_NAMAIN1@DF_QNA_INC_SAV(1.1),Q,N,ESP,S1,S1,B6N,_Z,_Z,_Z,XDC,V,N,T0107,2014-Q1,203370,,,F,1,A,6,EUR
OECD.SDD.NAD:DSD_NAMAIN1@DF_QNA_INC_SAV(1.1),Q,N,ESP,S1,S1,B6N,_Z,_Z,_Z,XDC,V,N,T0107,2013-Q4,224465,,,F,1,A,6,EUR
OECD.SDD.NAD:DSD_NAMAIN1@DF_QNA_INC_SAV(1.1),Q,N,ESP,S1,S1,B6N,_Z,_Z,_Z,XDC,V,N,T0107,2013-Q3,206481,,,F,1,A,6,EUR
OECD.SDD.NAD:DSD_NAMAIN1@DF_QNA_INC_SAV(1.1),Q,N,ESP,S1,S1,B6N,_Z,_Z,_Z,XDC,V,N,T0107,2013-Q2,216457,,,F,1,A,6,EUR
OECD.SDD.NAD:DSD_NAMAIN1@DF_QNA_INC_SAV(1.1),Q,N,ESP,S1,S1,B6N,_Z,_Z,_Z,XDC,V,N,T0107,2013-Q1,201054,,,F,1,A,6,EUR
OECD.SDD.NAD:DSD_NAMAIN1@DF_QNA_INC_SAV(1.1),Q,N,ESP,S1,S1,B6N,_Z,_Z,_Z,XDC,V,N,T0107,2012-Q4,224135,,,F,1,A,6,EUR
OECD.SDD.NAD:DSD_NAMAIN1@DF_QNA_INC_SAV(1.1),Q,N,ESP,S1,S1,B6N,_Z,_Z,_Z,XDC,V,N,T0107,2012-Q3,208953,,,F,1,A,6,EUR
OECD.SDD.NAD:DSD_NAMAIN1@DF_QNA_INC_SAV(1.1),Q,N,ESP,S1,S1,B6N,_Z,_Z,_Z,XDC,V,N,T0107,2012-Q2,217969,,,F,1,A,6,EUR
OECD.SDD.NAD:DSD_NAMAIN1@DF_QNA_INC_SAV(1.1),Q,N,ESP,S1,S1,B6N,_Z,_Z,_Z,XDC,V,N,T0107,2012-Q1,204510,,,F,1,A,6,EUR
OECD.SDD.NAD:DSD_NAMAIN1@DF_QNA_INC_SAV(1.1),Q,N,ESP,S1,S1,B6N,_Z,_Z,_Z,XDC,V,N,T0107,2011-Q4,228687,,,F,1,A,6,EUR
OECD.SDD.NAD:DSD_NAMAIN1@DF_QNA_INC_SAV(1.1),Q,N,ESP,S1,S1,B6N,_Z,_Z,_Z,XDC,V,N,T0107,2011-Q3,211682,,,F,1,A,6,EUR
OECD.SDD.NAD:DSD_NAMAIN1@DF_QNA_INC_SAV(1.1),Q,N,ESP,S1,S1,B6N,_Z,_Z,_Z,XDC,V,N,T0107,2011-Q2,226015,,,F,1,A,6,EUR
OECD.SDD.NAD:DSD_NAMAIN1@DF_QNA_INC_SAV(1.1),Q,N,ESP,S1,S1,B6N,_Z,_Z,_Z,XDC,V,N,T0107,2011-Q1,211045,,,F,1,A,6,EUR
OECD.SDD.NAD:DSD_NAMAIN1@DF_QNA_INC_SAV(1.1),Q,N,ESP,S1,S1,B6N,_Z,_Z,_Z,XDC,V,N,T0107,2010-Q4,236976,,,F,1,A,6,EUR
OECD.SDD.NAD:DSD_NAMAIN1@DF_QNA_INC_SAV(1.1),Q,N,ESP,S1,S1,B6N,_Z,_Z,_Z,XDC,V,N,T0107,2010-Q3,214135,,,F,1,A,6,EUR
OECD.SDD.NAD:DSD_NAMAIN1@DF_QNA_INC_SAV(1.1),Q,N,ESP,S1,S1,B6N,_Z,_Z,_Z,XDC,V,N,T0107,2010-Q2,228968,,,F,1,A,6,EUR
OECD.SDD.NAD:DSD_NAMAIN1@DF_QNA_INC_SAV(1.1),Q,N,ESP,S1,S1,B6N,_Z,_Z,_Z,XDC,V,N,T0107,2010-Q1,212439,,,F,1,A,6,EUR
OECD.SDD.NAD:DSD_NAMAIN1@DF_QNA_INC_SAV(1.1),Q,N,ESP,S1,S1,B6N,_Z,_Z,_Z,XDC,V,N,T0107,2009-Q4,235791,,,F,1,A,6,EUR
OECD.SDD.NAD:DSD_NAMAIN1@DF_QNA_INC_SAV(1.1),Q,N,ESP,S1,S1,B6N,_Z,_Z,_Z,XDC,V,N,T0107,2020-Q4,256824,,,F,1,A,6,EUR
OECD.SDD.NAD:DSD_NAMAIN1@DF_QNA_INC_SAV(1.1),Q,N,ESP,S1,S1,B6N,_Z,_Z,_Z,XDC,V,N,T0107,2020-Q3,232151,,,F,1,A,6,EUR
OECD.SDD.NAD:DSD_NAMAIN1@DF_QNA_INC_SAV(1.1),Q,Y,EST,S1,S1,B6G,_Z,_Z,_Z,XDC,V,N,T0107,2001-Q1,1618.5,,,F,1,A,6,EUR
OECD.SDD.NAD:DSD_NAMAIN1@DF_QNA_INC_SAV(1.1),Q,Y,EST,S1,S1,B6G,_Z,_Z,_Z,XDC,V,N,T0107,2000-Q4,1613.1,,,F,1,A,6,EUR
OECD.SDD.NAD:DSD_NAMAIN1@DF_QNA_INC_SAV(1.1),Q,Y,EST,S1,S1,B6G,_Z,_Z,_Z,XDC,V,N,T0107,2000-Q3,1467.6,,,F,1,A,6,EUR
OECD.SDD.NAD:DSD_NAMAIN1@DF_QNA_INC_SAV(1.1),Q,Y,EST,S1,S1,B6G,_Z,_Z,_Z,XDC,V,N,T0107,2000-Q2,1482.9,,,F,1,A,6,EUR
OECD.SDD.NAD:DSD_NAMAIN1@DF_QNA_INC_SAV(1.1),Q,Y,EST,S1,S1,B6G,_Z,_Z,_Z,XDC,V,N,T0107,2000-Q1,1474.6,,,F,1,A,6,EUR
OECD.SDD.NAD:DSD_NAMAIN1@DF_QNA_INC_SAV(1.1),Q,Y,EST,S1,S1,B6G,_Z,_Z,_Z,XDC,V,N,T0107,2022-Q4,9095.1,,,F,1,A,6,EUR
OECD.SDD.NAD:DSD_NAMAIN1@DF_QNA_INC_SAV(1.1),Q,Y,EST,S1,S1,B6G,_Z,_Z,_Z,XDC,V,N,T0107,2022-Q3,9180,,,F,1,A,6,EUR
OECD.SDD.NAD:DSD_NAMAIN1@DF_QNA_INC_SAV(1.1),Q,Y,EST,S1,S1,B6G,_Z,_Z,_Z,XDC,V,N,T0107,2022-Q2,8690.3,,,F,1,A,6,EUR
OECD.SDD.NAD:DSD_NAMAIN1@DF_QNA_INC_SAV(1.1),Q,Y,EST,S1,S1,B6G,_Z,_Z,_Z,XDC,V,N,T0107,2022-Q1,8464.3,,,F,1,A,6,EUR
OECD.SDD.NAD:DSD_NAMAIN1@DF_QNA_INC_SAV(1.1),Q,Y,EST,S1,S1,B6G,_Z,_Z,_Z,XDC,V,N,T0107,2021-Q4,8075.6,,,F,1,A,6,EUR
OECD.SDD.NAD:DSD_NAMAIN1@DF_QNA_INC_SAV(1.1),Q,N,ESP,S1,S1,B6N,_Z,_Z,_Z,XDC,V,N,T0107,2006-Q4,225361,,,F,1,A,6,EUR
OECD.SDD.NAD:DSD_NAMAIN1@DF_QNA_INC_SAV(1.1),Q,N,ESP,S1,S1,B6N,_Z,_Z,_Z,XDC,V,N,T0107,2014-Q3,212222,,,F,1,A,6,EUR
OECD.SDD.NAD:DSD_NAMAIN1@DF_QNA_INC_SAV(1.1),Q,N,ESP,S1,S1,B6N,_Z,_Z,_Z,XDC,V,N,T0107,2014-Q2,217581,,,F,1,A,6,EUR
OECD.SDD.NAD:DSD_NAMAIN1@DF_QNA_INC_SAV(1.1),Q,Y,EST,S1,S1,B6G,_Z,_Z,_Z,XDC,V,N,T0107,2025-Q2,10322,,,F,1,A,6,EUR
OECD.SDD.NAD:DSD_NAMAIN1@DF_QNA_INC_SAV(1.1),Q,Y,EST,S1,S1,B6G,_Z,_Z,_Z,XDC,V,N,T0107,2025-Q1,10025.4,,,F,1,A,6,EUR
OECD.SDD.NAD:DSD_NAMAIN1@DF_QNA_INC_SAV(1.1),Q,Y,EST,S1,S1,B6G,_Z,_Z,_Z,XDC,V,N,T0107,2024-Q4,10074.1,,,F,1,A,6,EUR
OECD.SDD.NAD:DSD_NAMAIN1@DF_QNA_INC_SAV(1.1),Q,Y,EST,S1,S1,B6G,_Z,_Z,_Z,XDC,V,N,T0107,2024-Q3,9751.7,,,F,1,A,6,EUR
OECD.SDD.NAD:DSD_NAMAIN1@DF_QNA_INC_SAV(1.1),Q,Y,EST,S1,S1,B6G,_Z,_Z,_Z,XDC,V,N,T0107,2024-Q2,9699.6,,,F,1,A,6,EUR
OECD.SDD.NAD:DSD_NAMAIN1@DF_QNA_INC_SAV(1.1),Q,Y,EST,S1,S1,B6G,_Z,_Z,_Z,XDC,V,N,T0107,2024-Q1,9661.9,,,F,1,A,6,EUR
OECD.SDD.NAD:DSD_NAMAIN1@DF_QNA_INC_SAV(1.1),Q,Y,EST,S1,S1,B6G,_Z,_Z,_Z,XDC,V,N,T0107,2023-Q4,9628.6,,,F,1,A,6,EUR
OECD.SDD.NAD:DSD_NAMAIN1@DF_QNA_INC_SAV(1.1),Q,Y,EST,S1,S1,B6G,_Z,_Z,_Z,XDC,V,N,T0107,2023-Q3,9244.8,,,F,1,A,6,EUR
OECD.SDD.NAD:DSD_NAMAIN1@DF_QNA_INC_SAV(1.1),Q,Y,EST,S1,S1,B6G,_Z,_Z,_Z,XDC,V,N,T0107,2023-Q2,9299.7,,,F,1,A,6,EUR
OECD.SDD.NAD:DSD_NAMAIN1@DF_QNA_INC_SAV(1.1),Q,N,ESP,S1,S1,B6N,_Z,_Z,_Z,XDC,V,N,T0107,2009-Q2,226866,,,F,1,A,6,EUR
OECD.SDD.NAD:DSD_NAMAIN1@DF_QNA_INC_SAV(1.1),Q,N,ESP,S1,S1,B6N,_Z,_Z,_Z,XDC,V,N,T0107,2009-Q1,208788,,,F,1,A,6,EUR
OECD.SDD.NAD:DSD_NAMAIN1@DF_QNA_INC_SAV(1.1),Q,N,ESP,S1,S1,B6N,_Z,_Z,_Z,XDC,V,N,T0107,2008-Q4,239105,,,F,1,A,6,EUR
OECD.SDD.NAD:DSD_NAMAIN1@DF_QNA_INC_SAV(1.1),Q,N,ESP,S1,S1,B6N,_Z,_Z,_Z,XDC,V,N,T0107,2008-Q3,220961,,,F,1,A,6,EUR
OECD.SDD.NAD:DSD_NAMAIN1@DF_QNA_INC_SAV(1.1),Q,N,ESP,S1,S1,B6N,_Z,_Z,_Z,XDC,V,N,T0107,2008-Q2,238483,,,F,1,A,6,EUR
OECD.SDD.NAD:DSD_NAMAIN1@DF_QNA_INC_SAV(1.1),Q,N,ESP,S1,S1,B6N,_Z,_Z,_Z,XDC,V,N,T0107,2008-Q1,219266,,,F,1,A,6,EUR
OECD.SDD.NAD:DSD_NAMAIN1@DF_QNA_INC_SAV(1.1),Q,N,ESP,S1,S1,B6N,_Z,_Z,_Z,XDC,V,N,T0107,2005-Q2,199953,,,F,1,A,6,EUR
OECD.SDD.NAD:DSD_NAMAIN1@DF_QNA_INC_SAV(1.1),Q,N,ESP,S1,S1,B6N,_Z,_Z,_Z,XDC,V,N,T0107,2005-Q1,183740,,,F,1,A,6,EUR
OECD.SDD.NAD:DSD_NAMAIN1@DF_QNA_INC_SAV(1.1),Q,N,ESP,S1,S1,B6N,_Z,_Z,_Z,XDC,V,N,T0107,2004-Q4,198992,,,F,1,A,6,EUR
OECD.SDD.NAD:DSD_NAMAIN1@DF_QNA_INC_SAV(1.1),Q,N,ESP,S1,S1,B6N,_Z,_Z,_Z,XDC,V,N,T0107,2004-Q3,177693,,,F,1,A,6,EUR
OECD.SDD.NAD:DSD_NAMAIN1@DF_QNA_INC_SAV(1.1),Q,N,ESP,S1,S1,B6N,_Z,_Z,_Z,XDC,V,N,T0107,2004-Q2,185766,,,F,1,A,6,EUR
OECD.SDD.NAD:DSD_NAMAIN1@DF_QNA_INC_SAV(1.1),Q,N,ESP,S1,S1,B6N,_Z,_Z,_Z,XDC,V,N,T0107,2004-Q1,172779,,,F,1,A,6,EUR
OECD.SDD.NAD:DSD_NAMAIN1@DF_QNA_INC_SAV(1.1),Q,N,GRC,S1,S1,B6N,_Z,_Z,_Z,XDC,V,N,T0107,2018-Q2,36981.5,,,F,1,A,6,EUR
OECD.SDD.NAD:DSD_NAMAIN1@DF_QNA_INC_SAV(1.1),Q,N,GRC,S1,S1,B6N,_Z,_Z,_Z,XDC,V,N,T0107,2018-Q1,34038.6,,,F,1,A,6,EUR
OECD.SDD.NAD:DSD_NAMAIN1@DF_QNA_INC_SAV(1.1),Q,N,GRC,S1,S1,B6N,_Z,_Z,_Z,XDC,V,N,T0107,2017-Q4,37463.4,,,F,1,A,6,EUR
OECD.SDD.NAD:DSD_NAMAIN1@DF_QNA_INC_SAV(1.1),Q,N,GRC,S1,S1,B6N,_Z,_Z,_Z,XDC,V,N,T0107,2017-Q3,39607.1,,,F,1,A,6,EUR
OECD.SDD.NAD:DSD_NAMAIN1@DF_QNA_INC_SAV(1.1),Q,N,GRC,S1,S1,B6N,_Z,_Z,_Z,XDC,V,N,T0107,2017-Q2,36617.1,,,F,1,A,6,EUR
OECD.SDD.NAD:DSD_NAMAIN1@DF_QNA_INC_SAV(1.1),Q,N,GRC,S1,S1,B6N,_Z,_Z,_Z,XDC,V,N,T0107,2017-Q1,33459.8,,,F,1,A,6,EUR
OECD.SDD.NAD:DSD_NAMAIN1@DF_QNA_INC_SAV(1.1),Q,N,GRC,S1,S1,B6N,_Z,_Z,_Z,XDC,V,N,T0107,2016-Q4,38070.5,,,F,1,A,6,EUR
OECD.SDD.NAD:DSD_NAMAIN1@DF_QNA_INC_SAV(1.1),Q,N,GRC,S1,S1,B6N,_Z,_Z,_Z,XDC,V,N,T0107,2016-Q3,37708.8,,,F,1,A,6,EUR
OECD.SDD.NAD:DSD_NAMAIN1@DF_QNA_INC_SAV(1.1),Q,N,GRC,S1,S1,B6N,_Z,_Z,_Z,XDC,V,N,T0107,2016-Q2,35523.6,,,F,1,A,6,EUR
OECD.SDD.NAD:DSD_NAMAIN1@DF_QNA_INC_SAV(1.1),Q,Y,EST,S1,S1,B6G,_Z,_Z,_Z,XDC,V,N,T0107,2021-Q3,7808.4,,,F,1,A,6,EUR
OECD.SDD.NAD:DSD_NAMAIN1@DF_QNA_INC_SAV(1.1),Q,Y,EST,S1,S1,B6G,_Z,_Z,_Z,XDC,V,N,T0107,2019-Q2,6964.9,,,F,1,A,6,EUR
OECD.SDD.NAD:DSD_NAMAIN1@DF_QNA_INC_SAV(1.1),Q,Y,EST,S1,S1,B6G,_Z,_Z,_Z,XDC,V,N,T0107,2019-Q1,6843,,,F,1,A,6,EUR
OECD.SDD.NAD:DSD_NAMAIN1@DF_QNA_INC_SAV(1.1),Q,Y,EST,S1,S1,B6G,_Z,_Z,_Z,XDC,V,N,T0107,2018-Q4,6729.5,,,F,1,A,6,EUR
OECD.SDD.NAD:DSD_NAMAIN1@DF_QNA_INC_SAV(1.1),Q,Y,EST,S1,S1,B6G,_Z,_Z,_Z,XDC,V,N,T0107,2018-Q3,6505.9,,,F,1,A,6,EUR
OECD.SDD.NAD:DSD_NAMAIN1@DF_QNA_INC_SAV(1.1),Q,Y,EST,S1,S1,B6G,_Z,_Z,_Z,XDC,V,N,T0107,2018-Q2,6415.4,,,F,1,A,6,EUR
OECD.SDD.NAD:DSD_NAMAIN1@DF_QNA_INC_SAV(1.1),Q,Y,EST,S1,S1,B6G,_Z,_Z,_Z,XDC,V,N,T0107,2018-Q1,6284.9,,,F,1,A,6,EUR
OECD.SDD.NAD:DSD_NAMAIN1@DF_QNA_INC_SAV(1.1),Q,Y,EST,S1,S1,B6G,_Z,_Z,_Z,XDC,V,N,T0107,2017-Q4,6132.6,,,F,1,A,6,EUR
OECD.SDD.NAD:DSD_NAMAIN1@DF_QNA_INC_SAV(1.1),Q,Y,EST,S1,S1,B6G,_Z,_Z,_Z,XDC,V,N,T0107,2017-Q3,5929.7,,,F,1,A,6,EUR
OECD.SDD.NAD:DSD_NAMAIN1@DF_QNA_INC_SAV(1.1),Q,Y,EST,S1,S1,B6G,_Z,_Z,_Z,XDC,V,N,T0107,2017-Q2,5966.5,,,F,1,A,6,EUR
OECD.SDD.NAD:DSD_NAMAIN1@DF_QNA_INC_SAV(1.1),Q,Y,EST,S1,S1,B6G,_Z,_Z,_Z,XDC,V,N,T0107,2017-Q1,5862,,,F,1,A,6,EUR
OECD.SDD.NAD:DSD_NAMAIN1@DF_QNA_INC_SAV(1.1),Q,N,GRC,S1,S1,B6N,_Z,_Z,_Z,XDC,V,N,T0107,2000-Q2,28666.6,,,F,1,A,6,EUR
OECD.SDD.NAD:DSD_NAMAIN1@DF_QNA_INC_SAV(1.1),Q,N,GRC,S1,S1,B6N,_Z,_Z,_Z,XDC,V,N,T0107,2000-Q1,27105.9,,,F,1,A,6,EUR
OECD.SDD.NAD:DSD_NAMAIN1@DF_QNA_INC_SAV(1.1),Q,N,AUT,S1,S1,B6N,_Z,_Z,_Z,XDC,V,N,T0107,2025-Q2,97900.8,,,F,1,A,6,EUR
OECD.SDD.NAD:DSD_NAMAIN1@DF_QNA_INC_SAV(1.1),Q,N,AUT,S1,S1,B6N,_Z,_Z,_Z,XDC,V,N,T0107,2025-Q1,95810.2,,,F,1,A,6,EUR
OECD.SDD.NAD:DSD_NAMAIN1@DF_QNA_INC_SAV(1.1),Q,N,AUT,S1,S1,B6N,_Z,_Z,_Z,XDC,V,N,T0107,2024-Q4,102520.4,,,F,1,A,6,EUR
OECD.SDD.NAD:DSD_NAMAIN1@DF_QNA_INC_SAV(1.1),Q,N,AUT,S1,S1,B6N,_Z,_Z,_Z,XDC,V,N,T0107,2024-Q3,95176.5,,,F,1,A,6,EUR
OECD.SDD.NAD:DSD_NAMAIN1@DF_QNA_INC_SAV(1.1),Q,N,AUT,S1,S1,B6N,_Z,_Z,_Z,XDC,V,N,T0107,2024-Q2,95418.1,,,F,1,A,6,EUR
OECD.SDD.NAD:DSD_NAMAIN1@DF_QNA_INC_SAV(1.1),Q,N,AUT,S1,S1,B6N,_Z,_Z,_Z,XDC,V,N,T0107,2024-Q1,93399.9,,,F,1,A,6,EUR
OECD.SDD.NAD:DSD_NAMAIN1@DF_QNA_INC_SAV(1.1),Q,N,AUT,S1,S1,B6N,_Z,_Z,_Z,XDC,V,N,T0107,2023-Q4,99126.7,,,F,1,A,6,EUR
OECD.SDD.NAD:DSD_NAMAIN1@DF_QNA_INC_SAV(1.1),Q,N,AUT,S1,S1,B6N,_Z,_Z,_Z,XDC,V,N,T0107,2023-Q3,92354.1,,,F,1,A,6,EUR
OECD.SDD.NAD:DSD_NAMAIN1@DF_QNA_INC_SAV(1.1),Q,N,AUT,S1,S1,B6N,_Z,_Z,_Z,XDC,V,N,T0107,2023-Q2,93601.7,,,F,1,A,6,EUR
OECD.SDD.NAD:DSD_NAMAIN1@DF_QNA_INC_SAV(1.1),Q,N,AUT,S1,S1,B6N,_Z,_Z,_Z,XDC,V,N,T0107,2023-Q1,93399.3,,,F,1,A,6,EUR
OECD.SDD.NAD:DSD_NAMAIN1@DF_QNA_INC_SAV(1.1),Q,N,AUT,S1,S1,B6N,_Z,_Z,_Z,XDC,V,N,T0107,2022-Q4,95642.5,,,F,1,A,6,EUR
OECD.SDD.NAD:DSD_NAMAIN1@DF_QNA_INC_SAV(1.1),Q,N,AUT,S1,S1,B6N,_Z,_Z,_Z,XDC,V,N,T0107,2016-Q3,70041.5,,,F,1,A,6,EUR
OECD.SDD.NAD:DSD_NAMAIN1@DF_QNA_INC_SAV(1.1),Q,N,AUT,S1,S1,B6N,_Z,_Z,_Z,XDC,V,N,T0107,2016-Q2,71128.3,,,F,1,A,6,EUR
OECD.SDD.NAD:DSD_NAMAIN1@DF_QNA_INC_SAV(1.1),Q,N,AUT,S1,S1,B6N,_Z,_Z,_Z,XDC,V,N,T0107,2016-Q1,67424.1,,,F,1,A,6,EUR
OECD.SDD.NAD:DSD_NAMAIN1@DF_QNA_INC_SAV(1.1),Q,N,AUT,S1,S1,B6N,_Z,_Z,_Z,XDC,V,N,T0107,2015-Q4,73480,,,F,1,A,6,EUR
OECD.SDD.NAD:DSD_NAMAIN1@DF_QNA_INC_SAV(1.1),Q,N,AUT,S1,S1,B6N,_Z,_Z,_Z,XDC,V,N,T0107,2015-Q3,67603.3,,,F,1,A,6,EUR
OECD.SDD.NAD:DSD_NAMAIN1@DF_QNA_INC_SAV(1.1),Q,N,AUT,S1,S1,B6N,_Z,_Z,_Z,XDC,V,N,T0107,2012-Q4,67487.5,,,F,1,A,6,EUR
OECD.SDD.NAD:DSD_NAMAIN1@DF_QNA_INC_SAV(1.1),Q,N,AUT,S1,S1,B6N,_Z,_Z,_Z,XDC,V,N,T0107,2012-Q3,63865.5,,,F,1,A,6,EUR
OECD.SDD.NAD:DSD_NAMAIN1@DF_QNA_INC_SAV(1.1),Q,N,AUT,S1,S1,B6N,_Z,_Z,_Z,XDC,V,N,T0107,2012-Q2,63340.5,,,F,1,A,6,EUR
OECD.SDD.NAD:DSD_NAMAIN1@DF_QNA_INC_SAV(1.1),Q,N,AUT,S1,S1,B6N,_Z,_Z,_Z,XDC,V,N,T0107,2012-Q1,59434.1,,,F,1,A,6,EUR
OECD.SDD.NAD:DSD_NAMAIN1@DF_QNA_INC_SAV(1.1),Q,N,AUT,S1,S1,B6N,_Z,_Z,_Z,XDC,V,N,T0107,2011-Q4,66178.1,,,F,1,A,6,EUR
OECD.SDD.NAD:DSD_NAMAIN1@DF_QNA_INC_SAV(1.1),Q,N,AUT,S1,S1,B6N,_Z,_Z,_Z,XDC,V,N,T0107,2007-Q3,57200.2,,,F,1,A,6,EUR
OECD.SDD.NAD:DSD_NAMAIN1@DF_QNA_INC_SAV(1.1),Q,N,AUT,S1,S1,B6N,_Z,_Z,_Z,XDC,V,N,T0107,2007-Q2,57352.4,,,F,1,A,6,EUR
OECD.SDD.NAD:DSD_NAMAIN1@DF_QNA_INC_SAV(1.1),Q,N,AUT,S1,S1,B6N,_Z,_Z,_Z,XDC,V,N,T0107,2007-Q1,53939.2,,,F,1,A,6,EUR
OECD.SDD.NAD:DSD_NAMAIN1@DF_QNA_INC_SAV(1.1),Q,N,AUT,S1,S1,B6N,_Z,_Z,_Z,XDC,V,N,T0107,2006-Q4,58465.4,,,F,1,A,6,EUR
OECD.SDD.NAD:DSD_NAMAIN1@DF_QNA_INC_SAV(1.1),Q,Y,EST,S1,S1,B6G,_Z,_Z,_Z,XDC,V,N,T0107,2001-Q2,1698.5,,,F,1,A,6,EUR
OECD.SDD.NAD:DSD_NAMAIN1@DF_QNA_INC_SAV(1.1),Q,N,ESP,S1,S1,B6N,_Z,_Z,_Z,XDC,V,N,T0107,2006-Q3,202089,,,F,1,A,6,EUR
OECD.SDD.NAD:DSD_NAMAIN1@DF_QNA_INC_SAV(1.1),Q,N,ESP,S1,S1,B6N,_Z,_Z,_Z,XDC,V,N,T0107,2006-Q2,216245,,,F,1,A,6,EUR
OECD.SDD.NAD:DSD_NAMAIN1@DF_QNA_INC_SAV(1.1),Q,N,ESP,S1,S1,B6N,_Z,_Z,_Z,XDC,V,N,T0107,2003-Q4,186074,,,F,1,A,6,EUR
OECD.SDD.NAD:DSD_NAMAIN1@DF_QNA_INC_SAV(1.1),Q,N,ESP,S1,S1,B6N,_Z,_Z,_Z,XDC,V,N,T0107,2003-Q3,166131,,,F,1,A,6,EUR
OECD.SDD.NAD:DSD_NAMAIN1@DF_QNA_INC_SAV(1.1),Q,N,ESP,S1,S1,B6N,_Z,_Z,_Z,XDC,V,N,T0107,2003-Q2,174337,,,F,1,A,6,EUR
OECD.SDD.NAD:DSD_NAMAIN1@DF_QNA_INC_SAV(1.1),Q,N,ESP,S1,S1,B6N,_Z,_Z,_Z,XDC,V,N,T0107,2003-Q1,162592,,,F,1,A,6,EUR
OECD.SDD.NAD:DSD_NAMAIN1@DF_QNA_INC_SAV(1.1),Q,N,ESP,S1,S1,B6N,_Z,_Z,_Z,XDC,V,N,T0107,2002-Q4,173710,,,F,1,A,6,EUR
OECD.SDD.NAD:DSD_NAMAIN1@DF_QNA_INC_SAV(1.1),Q,N,GRC,S1,S1,B6N,_Z,_Z,_Z,XDC,V,N,T0107,2019-Q1,34614.2,,,F,1,A,6,EUR
OECD.SDD.NAD:DSD_NAMAIN1@DF_QNA_INC_SAV(1.1),Q,N,GRC,S1,S1,B6N,_Z,_Z,_Z,XDC,V,N,T0107,2018-Q4,38037.3,,,F,1,A,6,EUR
OECD.SDD.NAD:DSD_NAMAIN1@DF_QNA_INC_SAV(1.1),Q,Y,EST,S1,S1,B6G,_Z,_Z,_Z,XDC,V,N,T0107,2021-Q1,7336,,,F,1,A,6,EUR
OECD.SDD.NAD:DSD_NAMAIN1@DF_QNA_INC_SAV(1.1),Q,Y,EST,S1,S1,B6G,_Z,_Z,_Z,XDC,V,N,T0107,2020-Q4,7100.8,,,F,1,A,6,EUR
OECD.SDD.NAD:DSD_NAMAIN1@DF_QNA_INC_SAV(1.1),Q,Y,EST,S1,S1,B6G,_Z,_Z,_Z,XDC,V,N,T0107,2020-Q3,6954.7,,,F,1,A,6,EUR
OECD.SDD.NAD:DSD_NAMAIN1@DF_QNA_INC_SAV(1.1),Q,Y,EST,S1,S1,B6G,_Z,_Z,_Z,XDC,V,N,T0107,2020-Q2,6510.9,,,F,1,A,6,EUR
OECD.SDD.NAD:DSD_NAMAIN1@DF_QNA_INC_SAV(1.1),Q,Y,EST,S1,S1,B6G,_Z,_Z,_Z,XDC,V,N,T0107,2020-Q1,6874.5,,,F,1,A,6,EUR
OECD.SDD.NAD:DSD_NAMAIN1@DF_QNA_INC_SAV(1.1),Q,Y,EST,S1,S1,B6G,_Z,_Z,_Z,XDC,V,N,T0107,2019-Q4,7101.6,,,F,1,A,6,EUR
OECD.SDD.NAD:DSD_NAMAIN1@DF_QNA_INC_SAV(1.1),Q,Y,EST,S1,S1,B6G,_Z,_Z,_Z,XDC,V,N,T0107,2019-Q3,7055.3,,,F,1,A,6,EUR
OECD.SDD.NAD:DSD_NAMAIN1@DF_QNA_INC_SAV(1.1),Q,Y,EST,S1,S1,B6G,_Z,_Z,_Z,XDC,V,N,T0107,2016-Q1,5344,,,F,1,A,6,EUR
OECD.SDD.NAD:DSD_NAMAIN1@DF_QNA_INC_SAV(1.1),Q,N,AUT,S1,S1,B6N,_Z,_Z,_Z,XDC,V,N,T0107,2015-Q2,66563.2,,,F,1,A,6,EUR
OECD.SDD.NAD:DSD_NAMAIN1@DF_QNA_INC_SAV(1.1),Q,N,AUT,S1,S1,B6N,_Z,_Z,_Z,XDC,V,N,T0107,2015-Q1,62357.7,,,F,1,A,6,EUR
OECD.SDD.NAD:DSD_NAMAIN1@DF_QNA_INC_SAV(1.1),Q,N,ESP,S1,S1,B6N,_Z,_Z,_Z,XDC,V,N,T0107,2002-Q2,163365,,,F,1,A,6,EUR
OECD.SDD.NAD:DSD_NAMAIN1@DF_QNA_INC_SAV(1.1),Q,N,ESP,S1,S1,B6N,_Z,_Z,_Z,XDC,V,N,T0107,2002-Q1,151304,,,F,1,A,6,EUR
OECD.SDD.NAD:DSD_NAMAIN1@DF_QNA_INC_SAV(1.1),Q,N,ESP,S1,S1,B6N,_Z,_Z,_Z,XDC,V,N,T0107,2001-Q4,161763,,,F,1,A,6,EUR
OECD.SDD.NAD:DSD_NAMAIN1@DF_QNA_INC_SAV(1.1),Q,N,ESP,S1,S1,B6N,_Z,_Z,_Z,XDC,V,N,T0107,2001-Q3,145715,,,F,1,A,6,EUR
OECD.SDD.NAD:DSD_NAMAIN1@DF_QNA_INC_SAV(1.1),Q,N,ESP,S1,S1,B6N,_Z,_Z,_Z,XDC,V,N,T0107,2001-Q2,151807,,,F,1,A,6,EUR
OECD.SDD.NAD:DSD_NAMAIN1@DF_QNA_INC_SAV(1.1),Q,N,AUT,S1,S1,B6N,_Z,_Z,_Z,XDC,V,N,T0107,2011-Q3,62162.7,,,F,1,A,6,EUR
OECD.SDD.NAD:DSD_NAMAIN1@DF_QNA_INC_SAV(1.1),Q,N,AUT,S1,S1,B6N,_Z,_Z,_Z,XDC,V,N,T0107,2011-Q2,62055.7,,,F,1,A,6,EUR
OECD.SDD.NAD:DSD_NAMAIN1@DF_QNA_INC_SAV(1.1),Q,N,AUT,S1,S1,B6N,_Z,_Z,_Z,XDC,V,N,T0107,2011-Q1,58689.9,,,F,1,A,6,EUR
OECD.SDD.NAD:DSD_NAMAIN1@DF_QNA_INC_SAV(1.1),Q,N,AUT,S1,S1,B6N,_Z,_Z,_Z,XDC,V,N,T0107,2009-Q3,57732.3,,,F,1,A,6,EUR
OECD.SDD.NAD:DSD_NAMAIN1@DF_QNA_INC_SAV(1.1),Q,N,AUT,S1,S1,B6N,_Z,_Z,_Z,XDC,V,N,T0107,2009-Q2,57697.7,,,F,1,A,6,EUR
OECD.SDD.NAD:DSD_NAMAIN1@DF_QNA_INC_SAV(1.1),Q,N,AUT,S1,S1,B6N,_Z,_Z,_Z,XDC,V,N,T0107,2009-Q1,53226.5,,,F,1,A,6,EUR
OECD.SDD.NAD:DSD_NAMAIN1@DF_QNA_INC_SAV(1.1),Q,N,AUT,S1,S1,B6N,_Z,_Z,_Z,XDC,V,N,T0107,2008-Q4,61556.1,,,F,1,A,6,EUR
OECD.SDD.NAD:DSD_NAMAIN1@DF_QNA_INC_SAV(1.1),Q,N,AUT,S1,S1,B6N,_Z,_Z,_Z,XDC,V,N,T0107,2008-Q3,60338.7,,,F,1,A,6,EUR
OECD.SDD.NAD:DSD_NAMAIN1@DF_QNA_INC_SAV(1.1),Q,N,AUT,S1,S1,B6N,_Z,_Z,_Z,XDC,V,N,T0107,2008-Q2,61399.3,,,F,1,A,6,EUR
OECD.SDD.NAD:DSD_NAMAIN1@DF_QNA_INC_SAV(1.1),Q,N,AUT,S1,S1,B6N,_Z,_Z,_Z,XDC,V,N,T0107,2008-Q1,56174.1,,,F,1,A,6,EUR
OECD.SDD.NAD:DSD_NAMAIN1@DF_QNA_INC_SAV(1.1),Q,N,AUT,S1,S1,B6N,_Z,_Z,_Z,XDC,V,N,T0107,2007-Q4,61628.2,,,F,1,A,6,EUR
OECD.SDD.NAD:DSD_NAMAIN1@DF_QNA_INC_SAV(1.1),Q,Y,EST,S1,S1,B6G,_Z,_Z,_Z,XDC,V,N,T0107,2015-Q2,5201.6,,,F,1,A,6,EUR
OECD.SDD.NAD:DSD_NAMAIN1@DF_QNA_INC_SAV(1.1),Q,Y,EST,S1,S1,B6G,_Z,_Z,_Z,XDC,V,N,T0107,2015-Q1,4940.3,,,F,1,A,6,EUR
OECD.SDD.NAD:DSD_NAMAIN1@DF_QNA_INC_SAV(1.1),Q,Y,EST,S1,S1,B6G,_Z,_Z,_Z,XDC,V,N,T0107,2014-Q4,5147.7,,,F,1,A,6,EUR
OECD.SDD.NAD:DSD_NAMAIN1@DF_QNA_INC_SAV(1.1),Q,Y,EST,S1,S1,B6G,_Z,_Z,_Z,XDC,V,N,T0107,2014-Q3,4899.8,,,F,1,A,6,EUR
OECD.SDD.NAD:DSD_NAMAIN1@DF_QNA_INC_SAV(1.1),Q,Y,EST,S1,S1,B6G,_Z,_Z,_Z,XDC,V,N,T0107,2014-Q2,4894.6,,,F,1,A,6,EUR
OECD.SDD.NAD:DSD_NAMAIN1@DF_QNA_INC_SAV(1.1),Q,Y,EST,S1,S1,B6G,_Z,_Z,_Z,XDC,V,N,T0107,2014-Q1,4872.4,,,F,1,A,6,EUR
OECD.SDD.NAD:DSD_NAMAIN1@DF_QNA_INC_SAV(1.1),Q,Y,EST,S1,S1,B6G,_Z,_Z,_Z,XDC,V,N,T0107,2013-Q4,4660.6,,,F,1,A,6,EUR
OECD.SDD.NAD:DSD_NAMAIN1@DF_QNA_INC_SAV(1.1),Q,Y,EST,S1,S1,B6G,_Z,_Z,_Z,XDC,V,N,T0107,2013-Q3,4702.3,,,F,1,A,6,EUR
OECD.SDD.NAD:DSD_NAMAIN1@DF_QNA_INC_SAV(1.1),Q,Y,EST,S1,S1,B6G,_Z,_Z,_Z,XDC,V,N,T0107,2013-Q2,4684.7,,,F,1,A,6,EUR
OECD.SDD.NAD:DSD_NAMAIN1@DF_QNA_INC_SAV(1.1),Q,Y,EST,S1,S1,B6G,_Z,_Z,_Z,XDC,V,N,T0107,2013-Q1,4647.8,,,F,1,A,6,EUR
OECD.SDD.NAD:DSD_NAMAIN1@DF_QNA_INC_SAV(1.1),Q,Y,EST,S1,S1,B6G,_Z,_Z,_Z,XDC,V,N,T0107,2012-Q4,4505.2,,,F,1,A,6,EUR
OECD.SDD.NAD:DSD_NAMAIN1@DF_QNA_INC_SAV(1.1),Q,Y,EST,S1,S1,B6G,_Z,_Z,_Z,XDC,V,N,T0107,2012-Q3,4435.8,,,F,1,A,6,EUR
OECD.SDD.NAD:DSD_NAMAIN1@DF_QNA_INC_SAV(1.1),Q,Y,EST,S1,S1,B6G,_Z,_Z,_Z,XDC,V,N,T0107,2012-Q2,4307.4,,,F,1,A,6,EUR
OECD.SDD.NAD:DSD_NAMAIN1@DF_QNA_INC_SAV(1.1),Q,Y,EST,S1,S1,B6G,_Z,_Z,_Z,XDC,V,N,T0107,2012-Q1,4190.5,,,F,1,A,6,EUR
OECD.SDD.NAD:DSD_NAMAIN1@DF_QNA_INC_SAV(1.1),Q,Y,EST,S1,S1,B6G,_Z,_Z,_Z,XDC,V,N,T0107,2011-Q4,4093.5,,,F,1,A,6,EUR
OECD.SDD.NAD:DSD_NAMAIN1@DF_QNA_INC_SAV(1.1),Q,Y,EST,S1,S1,B6G,_Z,_Z,_Z,XDC,V,N,T0107,2011-Q3,4135.1,,,F,1,A,6,EUR
OECD.SDD.NAD:DSD_NAMAIN1@DF_QNA_INC_SAV(1.1),Q,Y,EST,S1,S1,B6G,_Z,_Z,_Z,XDC,V,N,T0107,2011-Q2,3929.1,,,F,1,A,6,EUR
OECD.SDD.NAD:DSD_NAMAIN1@DF_QNA_INC_SAV(1.1),Q,Y,EST,S1,S1,B6G,_Z,_Z,_Z,XDC,V,N,T0107,2011-Q1,3822,,,F,1,A,6,EUR
OECD.SDD.NAD:DSD_NAMAIN1@DF_QNA_INC_SAV(1.1),Q,Y,EST,S1,S1,B6G,_Z,_Z,_Z,XDC,V,N,T0107,2010-Q4,3607.3,,,F,1,A,6,EUR
OECD.SDD.NAD:DSD_NAMAIN1@DF_QNA_INC_SAV(1.1),Q,Y,EST,S1,S1,B6G,_Z,_Z,_Z,XDC,V,N,T0107,2010-Q3,3591.5,,,F,1,A,6,EUR
OECD.SDD.NAD:DSD_NAMAIN1@DF_QNA_INC_SAV(1.1),Q,Y,EST,S1,S1,B6G,_Z,_Z,_Z,XDC,V,N,T0107,2010-Q2,3441.7,,,F,1,A,6,EUR
OECD.SDD.NAD:DSD_NAMAIN1@DF_QNA_INC_SAV(1.1),Q,Y,EST,S1,S1,B6G,_Z,_Z,_Z,XDC,V,N,T0107,2010-Q1,3413.2,,,F,1,A,6,EUR
OECD.SDD.NAD:DSD_NAMAIN1@DF_QNA_INC_SAV(1.1),Q,Y,EST,S1,S1,B6G,_Z,_Z,_Z,XDC,V,N,T0107,2009-Q4,3466.4,,,F,1,A,6,EUR
OECD.SDD.NAD:DSD_NAMAIN1@DF_QNA_INC_SAV(1.1),Q,Y,EST,S1,S1,B6G,_Z,_Z,_Z,XDC,V,N,T0107,2009-Q3,3359.6,,,F,1,A,6,EUR
OECD.SDD.NAD:DSD_NAMAIN1@DF_QNA_INC_SAV(1.1),Q,Y,EST,S1,S1,B6G,_Z,_Z,_Z,XDC,V,N,T0107,2009-Q2,3377.8,,,F,1,A,6,EUR
OECD.SDD.NAD:DSD_NAMAIN1@DF_QNA_INC_SAV(1.1),Q,Y,EST,S1,S1,B6G,_Z,_Z,_Z,XDC,V,N,T0107,2009-Q1,3602.5,,,F,1,A,6,EUR
OECD.SDD.NAD:DSD_NAMAIN1@DF_QNA_INC_SAV(1.1),Q,Y,EST,S1,S1,B6G,_Z,_Z,_Z,XDC,V,N,T0107,2008-Q4,3883.2,,,F,1,A,6,EUR
OECD.SDD.NAD:DSD_NAMAIN1@DF_QNA_INC_SAV(1.1),Q,Y,EST,S1,S1,B6G,_Z,_Z,_Z,XDC,V,N,T0107,2008-Q3,4049.2,,,F,1,A,6,EUR
OECD.SDD.NAD:DSD_NAMAIN1@DF_QNA_INC_SAV(1.1),Q,Y,EST,S1,S1,B6G,_Z,_Z,_Z,XDC,V,N,T0107,2008-Q2,4071.7,,,F,1,A,6,EUR
OECD.SDD.NAD:DSD_NAMAIN1@DF_QNA_INC_SAV(1.1),Q,Y,EST,S1,S1,B6G,_Z,_Z,_Z,XDC,V,N,T0107,2008-Q1,3805.8,,,F,1,A,6,EUR
OECD.SDD.NAD:DSD_NAMAIN1@DF_QNA_INC_SAV(1.1),Q,Y,EST,S1,S1,B6G,_Z,_Z,_Z,XDC,V,N,T0107,2007-Q4,4036.1,,,F,1,A,6,EUR
OECD.SDD.NAD:DSD_NAMAIN1@DF_QNA_INC_SAV(1.1),Q,Y,EST,S1,S1,B6G,_Z,_Z,_Z,XDC,V,N,T0107,2007-Q3,3875.1,,,F,1,A,6,EUR
OECD.SDD.NAD:DSD_NAMAIN1@DF_QNA_INC_SAV(1.1),Q,Y,EST,S1,S1,B6G,_Z,_Z,_Z,XDC,V,N,T0107,2007-Q2,3816.4,,,F,1,A,6,EUR
OECD.SDD.NAD:DSD_NAMAIN1@DF_QNA_INC_SAV(1.1),Q,Y,EST,S1,S1,B6G,_Z,_Z,_Z,XDC,V,N,T0107,2007-Q1,3645.3,,,F,1,A,6,EUR
OECD.SDD.NAD:DSD_NAMAIN1@DF_QNA_INC_SAV(1.1),Q,Y,EST,S1,S1,B6G,_Z,_Z,_Z,XDC,V,N,T0107,2006-Q4,3402.1,,,F,1,A,6,EUR
OECD.SDD.NAD:DSD_NAMAIN1@DF_QNA_INC_SAV(1.1),Q,Y,EST,S1,S1,B6G,_Z,_Z,_Z,XDC,V,N,T0107,2006-Q3,3326.7,,,F,1,A,6,EUR
OECD.SDD.NAD:DSD_NAMAIN1@DF_QNA_INC_SAV(1.1),Q,Y,EST,S1,S1,B6G,_Z,_Z,_Z,XDC,V,N,T0107,2006-Q2,3130.2,,,F,1,A,6,EUR
OECD.SDD.NAD:DSD_NAMAIN1@DF_QNA_INC_SAV(1.1),Q,Y,EST,S1,S1,B6G,_Z,_Z,_Z,XDC,V,N,T0107,2006-Q1,3033.2,,,F,1,A,6,EUR
OECD.SDD.NAD:DSD_NAMAIN1@DF_QNA_INC_SAV(1.1),Q,Y,EST,S1,S1,B6G,_Z,_Z,_Z,XDC,V,N,T0107,2005-Q4,2901.8,,,F,1,A,6,EUR
OECD.SDD.NAD:DSD_NAMAIN1@DF_QNA_INC_SAV(1.1),Q,Y,EST,S1,S1,B6G,_Z,_Z,_Z,XDC,V,N,T0107,2005-Q3,2787.5,,,F,1,A,6,EUR
OECD.SDD.NAD:DSD_NAMAIN1@DF_QNA_INC_SAV(1.1),Q,Y,EST,S1,S1,B6G,_Z,_Z,_Z,XDC,V,N,T0107,2005-Q2,2692.5,,,F,1,A,6,EUR
OECD.SDD.NAD:DSD_NAMAIN1@DF_QNA_INC_SAV(1.1),Q,Y,EST,S1,S1,B6G,_Z,_Z,_Z,XDC,V,N,T0107,2005-Q1,2533.6,,,F,1,A,6,EUR
OECD.SDD.NAD:DSD_NAMAIN1@DF_QNA_INC_SAV(1.1),Q,Y,EST,S1,S1,B6G,_Z,_Z,_Z,XDC,V,N,T0107,2004-Q4,2346.3,,,F,1,A,6,EUR
OECD.SDD.NAD:DSD_NAMAIN1@DF_QNA_INC_SAV(1.1),Q,Y,EST,S1,S1,B6G,_Z,_Z,_Z,XDC,V,N,T0107,2004-Q3,2442.3,,,F,1,A,6,EUR
OECD.SDD.NAD:DSD_NAMAIN1@DF_QNA_INC_SAV(1.1),Q,Y,EST,S1,S1,B6G,_Z,_Z,_Z,XDC,V,N,T0107,2004-Q2,2247.2,,,F,1,A,6,EUR
OECD.SDD.NAD:DSD_NAMAIN1@DF_QNA_INC_SAV(1.1),Q,Y,EST,S1,S1,B6G,_Z,_Z,_Z,XDC,V,N,T0107,2004-Q1,2342.7,,,F,1,A,6,EUR
OECD.SDD.NAD:DSD_NAMAIN1@DF_QNA_INC_SAV(1.1),Q,N,ESP,S1,S1,B6N,_Z,_Z,_Z,XDC,V,N,T0107,2021-Q1,232641,,,F,1,A,6,EUR
OECD.SDD.NAD:DSD_NAMAIN1@DF_QNA_INC_SAV(1.1),Q,N,DEU,S1,S1,B6N,_Z,_Z,_Z,XDC,V,N,T0107,2024-Q3,886915,,,F,1,P,6,EUR
OECD.SDD.NAD:DSD_NAMAIN1@DF_QNA_INC_SAV(1.1),Q,N,DEU,S1,S1,B6N,_Z,_Z,_Z,XDC,V,N,T0107,2024-Q2,857030,,,F,1,P,6,EUR
OECD.SDD.NAD:DSD_NAMAIN1@DF_QNA_INC_SAV(1.1),Q,N,DEU,S1,S1,B6N,_Z,_Z,_Z,XDC,V,N,T0107,2023-Q4,898823,,,F,1,P,6,EUR
OECD.SDD.NAD:DSD_NAMAIN1@DF_QNA_INC_SAV(1.1),Q,N,DEU,S1,S1,B6N,_Z,_Z,_Z,XDC,V,N,T0107,2023-Q3,867713,,,F,1,P,6,EUR
OECD.SDD.NAD:DSD_NAMAIN1@DF_QNA_INC_SAV(1.1),Q,N,DEU,S1,S1,B6N,_Z,_Z,_Z,XDC,V,N,T0107,2023-Q1,850271,,,F,1,P,6,EUR
OECD.SDD.NAD:DSD_NAMAIN1@DF_QNA_INC_SAV(1.1),Q,N,DEU,S1,S1,B6N,_Z,_Z,_Z,XDC,V,N,T0107,2022-Q4,854892,,,F,1,P,6,EUR
OECD.SDD.NAD:DSD_NAMAIN1@DF_QNA_INC_SAV(1.1),Q,N,DEU,S1,S1,B6N,_Z,_Z,_Z,XDC,V,N,T0107,2022-Q3,817608,,,F,1,P,6,EUR
OECD.SDD.NAD:DSD_NAMAIN1@DF_QNA_INC_SAV(1.1),Q,N,NLD,S1,S1,B6N,_Z,_Z,_Z,XDC,V,N,T0107,2023-Q3,214799,,,F,1,P,6,EUR
OECD.SDD.NAD:DSD_NAMAIN1@DF_QNA_INC_SAV(1.1),Q,N,NLD,S1,S1,B6N,_Z,_Z,_Z,XDC,V,N,T0107,2023-Q2,221366,,,F,1,P,6,EUR
OECD.SDD.NAD:DSD_NAMAIN1@DF_QNA_INC_SAV(1.1),Q,N,GRC,S1,S1,B6N,_Z,_Z,_Z,XDC,V,N,T0107,2010-Q1,43451.1,,,F,1,B,6,EUR
OECD.SDD.NAD:DSD_NAMAIN1@DF_QNA_INC_SAV(1.1),Q,N,NLD,S1,S1,B6N,_Z,_Z,_Z,XDC,V,N,T0107,2025-Q2,237106,,,F,1,P,6,EUR
OECD.SDD.NAD:DSD_NAMAIN1@DF_QNA_INC_SAV(1.1),Q,N,GRC,S1,S1,B6G,_Z,_Z,_Z,XDC,V,N,T0107,2010-Q1,53032.5,,,F,1,B,6,EUR
OECD.SDD.NAD:DSD_NAMAIN1@DF_QNA_INC_SAV(1.1),Q,N,NLD,S1,S1,B6N,_Z,_Z,_Z,XDC,V,N,T0107,2025-Q1,230632,,,F,1,P,6,EUR
OECD.SDD.NAD:DSD_NAMAIN1@DF_QNA_INC_SAV(1.1),Q,N,GRC,S1,S1,B6G,_Z,_Z,_Z,XDC,V,N,T0107,2024-Q4,59480.9,,,F,1,P,6,EUR
OECD.SDD.NAD:DSD_NAMAIN1@DF_QNA_INC_SAV(1.1),Q,N,GRC,S1,S1,B6G,_Z,_Z,_Z,XDC,V,N,T0107,2024-Q3,61986.6,,,F,1,P,6,EUR
OECD.SDD.NAD:DSD_NAMAIN1@DF_QNA_INC_SAV(1.1),Q,N,GRC,S1,S1,B6G,_Z,_Z,_Z,XDC,V,N,T0107,2024-Q2,56530.5,,,F,1,P,6,EUR
OECD.SDD.NAD:DSD_NAMAIN1@DF_QNA_INC_SAV(1.1),Q,N,GRC,S1,S1,B6G,_Z,_Z,_Z,XDC,V,N,T0107,2023-Q4,56453.4,,,F,1,P,6,EUR
OECD.SDD.NAD:DSD_NAMAIN1@DF_QNA_INC_SAV(1.1),Q,N,GRC,S1,S1,B6G,_Z,_Z,_Z,XDC,V,N,T0107,2023-Q3,58787.3,,,F,1,P,6,EUR
OECD.SDD.NAD:DSD_NAMAIN1@DF_QNA_INC_SAV(1.1),Q,N,GRC,S1,S1,B6G,_Z,_Z,_Z,XDC,V,N,T0107,2023-Q2,53597.1,,,F,1,P,6,EUR
OECD.SDD.NAD:DSD_NAMAIN1@DF_QNA_INC_SAV(1.1),Q,N,GRC,S1,S1,B6G,_Z,_Z,_Z,XDC,V,N,T0107,2023-Q1,49216.3,,,F,1,P,6,EUR
OECD.SDD.NAD:DSD_NAMAIN1@DF_QNA_INC_SAV(1.1),Q,N,GRC,S1,S1,B6G,_Z,_Z,_Z,XDC,V,N,T0107,2025-Q2,59971.4,,,F,1,P,6,EUR
OECD.SDD.NAD:DSD_NAMAIN1@DF_QNA_INC_SAV(1.1),Q,N,GRC,S1,S1,B6G,_Z,_Z,_Z,XDC,V,N,T0107,2025-Q1,57577.8,,,F,1,P,6,EUR
OECD.SDD.NAD:DSD_NAMAIN1@DF_QNA_INC_SAV(1.1),Q,N,GRC,S1,S1,B6N,_Z,_Z,_Z,XDC,V,N,T0107,2023-Q4,48875.7,,,F,1,P,6,EUR
OECD.SDD.NAD:DSD_NAMAIN1@DF_QNA_INC_SAV(1.1),Q,N,GRC,S1,S1,B6N,_Z,_Z,_Z,XDC,V,N,T0107,2023-Q3,51287.9,,,F,1,P,6,EUR
OECD.SDD.NAD:DSD_NAMAIN1@DF_QNA_INC_SAV(1.1),Q,N,GRC,S1,S1,B6N,_Z,_Z,_Z,XDC,V,N,T0107,2023-Q2,46120.7,,,F,1,P,6,EUR
OECD.SDD.NAD:DSD_NAMAIN1@DF_QNA_INC_SAV(1.1),Q,N,GRC,S1,S1,B6N,_Z,_Z,_Z,XDC,V,N,T0107,2023-Q1,41791.9,,,F,1,P,6,EUR
OECD.SDD.NAD:DSD_NAMAIN1@DF_QNA_INC_SAV(1.1),Q,N,NLD,S1,S1,B6N,_Z,_Z,_Z,XDC,V,N,T0107,2023-Q1,212950,,,F,1,P,6,EUR
OECD.SDD.NAD:DSD_NAMAIN1@DF_QNA_INC_SAV(1.1),Q,N,NLD,S1,S1,B6N,_Z,_Z,_Z,XDC,V,N,T0107,2024-Q4,242419,,,F,1,P,6,EUR
OECD.SDD.NAD:DSD_NAMAIN1@DF_QNA_INC_SAV(1.1),Q,N,NLD,S1,S1,B6N,_Z,_Z,_Z,XDC,V,N,T0107,2024-Q3,224794,,,F,1,P,6,EUR
OECD.SDD.NAD:DSD_NAMAIN1@DF_QNA_INC_SAV(1.1),Q,N,NLD,S1,S1,B6N,_Z,_Z,_Z,XDC,V,N,T0107,2024-Q2,231899,,,F,1,P,6,EUR
OECD.SDD.NAD:DSD_NAMAIN1@DF_QNA_INC_SAV(1.1),Q,N,NLD,S1,S1,B6N,_Z,_Z,_Z,XDC,V,N,T0107,2023-Q4,228719,,,F,1,P,6,EUR
OECD.SDD.NAD:DSD_NAMAIN1@DF_QNA_INC_SAV(1.1),Q,N,GRC,S1,S1,B6N,_Z,_Z,_Z,XDC,V,N,T0107,2025-Q2,52017.1,,,F,1,P,6,EUR
OECD.SDD.NAD:DSD_NAMAIN1@DF_QNA_INC_SAV(1.1),Q,N,PRT,S1,S1,B6N,_Z,_Z,_Z,XDC,V,N,T0107,2025-Q2,61287.5,,,F,1,P,6,EUR
OECD.SDD.NAD:DSD_NAMAIN1@DF_QNA_INC_SAV(1.1),Q,N,PRT,S1,S1,B6N,_Z,_Z,_Z,XDC,V,N,T0107,2025-Q1,57526.2,,,F,1,P,6,EUR
OECD.SDD.NAD:DSD_NAMAIN1@DF_QNA_INC_SAV(1.1),Q,N,PRT,S1,S1,B6N,_Z,_Z,_Z,XDC,V,N,T0107,2024-Q4,62791.6,,,F,1,P,6,EUR
OECD.SDD.NAD:DSD_NAMAIN1@DF_QNA_INC_SAV(1.1),Q,N,PRT,S1,S1,B6N,_Z,_Z,_Z,XDC,V,N,T0107,2024-Q3,60700,,,F,1,P,6,EUR
OECD.SDD.NAD:DSD_NAMAIN1@DF_QNA_INC_SAV(1.1),Q,N,PRT,S1,S1,B6N,_Z,_Z,_Z,XDC,V,N,T0107,2024-Q2,58299.7,,,F,1,P,6,EUR
OECD.SDD.NAD:DSD_NAMAIN1@DF_QNA_INC_SAV(1.1),Q,N,GRC,S1,S1,B6G,_Z,_Z,_Z,XDC,V,N,T0107,2024-Q1,54474.8,,,F,1,P,6,EUR
OECD.SDD.NAD:DSD_NAMAIN1@DF_QNA_INC_SAV(1.1),Q,N,GRC,S1,S1,B6N,_Z,_Z,_Z,XDC,V,N,T0107,2025-Q1,49658.2,,,F,1,P,6,EUR
OECD.SDD.NAD:DSD_NAMAIN1@DF_QNA_INC_SAV(1.1),Q,N,GRC,S1,S1,B6N,_Z,_Z,_Z,XDC,V,N,T0107,2024-Q4,51539.6,,,F,1,P,6,EUR
OECD.SDD.NAD:DSD_NAMAIN1@DF_QNA_INC_SAV(1.1),Q,N,GRC,S1,S1,B6N,_Z,_Z,_Z,XDC,V,N,T0107,2024-Q3,54187.5,,,F,1,P,6,EUR
OECD.SDD.NAD:DSD_NAMAIN1@DF_QNA_INC_SAV(1.1),Q,N,GRC,S1,S1,B6N,_Z,_Z,_Z,XDC,V,N,T0107,2024-Q2,48846.3,,,F,1,P,6,EUR
OECD.SDD.NAD:DSD_NAMAIN1@DF_QNA_INC_SAV(1.1),Q,N,DEU,S1,S1,B6N,_Z,_Z,_Z,XDC,V,N,T0107,2023-Q2,824979,,,F,1,P,6,EUR
OECD.SDD.NAD:DSD_NAMAIN1@DF_QNA_INC_SAV(1.1),Q,N,NLD,S1,S1,B6N,_Z,_Z,_Z,XDC,V,N,T0107,2024-Q1,224207,,,F,1,P,6,EUR
OECD.SDD.NAD:DSD_NAMAIN1@DF_QNA_INC_SAV(1.1),Q,N,GRC,S1,S1,B6N,_Z,_Z,_Z,XDC,V,N,T0107,2024-Q1,46829,,,F,1,P,6,EUR
OECD.SDD.NAD:DSD_NAMAIN1@DF_QNA_INC_SAV(1.1),Q,N,DEU,S1,S1,B6N,_Z,_Z,_Z,XDC,V,N,T0107,2024-Q1,878215,,,F,1,P,6,EUR
OECD.SDD.NAD:DSD_NAMAIN1@DF_QNA_INC_SAV(1.1),Q,N,PRT,S1,S1,B6N,_Z,_Z,_Z,XDC,V,N,T0107,2024-Q1,55308.5,,,F,1,P,6,EUR
OECD.SDD.NAD:DSD_NAMAIN1@DF_QNA_INC_SAV(1.1),Q,N,DEU,S1,S1,B6N,_Z,_Z,_Z,XDC,V,N,T0107,2022-Q2,778507,,,F,1,P,6,EUR
OECD.SDD.NAD:DSD_NAMAIN1@DF_QNA_INC_SAV(1.1),Q,N,DEU,S1,S1,B6N,_Z,_Z,_Z,XDC,V,N,T0107,2022-Q1,801767,,,F,1,P,6,EUR
OECD.SDD.NAD:DSD_NAMAIN1@DF_QNA_INC_SAV(1.1),Q,N,DEU,S1,S1,B6N,_Z,_Z,_Z,XDC,V,N,T0107,2025-Q3,917147,,,F,1,P,6,EUR
OECD.SDD.NAD:DSD_NAMAIN1@DF_QNA_INC_SAV(1.1),Q,N,DEU,S1,S1,B6N,_Z,_Z,_Z,XDC,V,N,T0107,2025-Q2,884698,,,F,1,P,6,EUR
OECD.SDD.NAD:DSD_NAMAIN1@DF_QNA_INC_SAV(1.1),Q,N,DEU,S1,S1,B6N,_Z,_Z,_Z,XDC,V,N,T0107,2025-Q1,896448,,,F,1,P,6,EUR
OECD.SDD.NAD:DSD_NAMAIN1@DF_QNA_INC_SAV(1.1),Q,N,ESP,S1,S1,B6N,_Z,_Z,_Z,XDC,V,N,T0107,2001-Q1,141571,,,F,1,A,6,EUR
OECD.SDD.NAD:DSD_NAMAIN1@DF_QNA_INC_SAV(1.1),Q,N,ESP,S1,S1,B6N,_Z,_Z,_Z,XDC,V,N,T0107,2000-Q4,151349,,,F,1,A,6,EUR
OECD.SDD.NAD:DSD_NAMAIN1@DF_QNA_INC_SAV(1.1),Q,N,ESP,S1,S1,B6N,_Z,_Z,_Z,XDC,V,N,T0107,2007-Q4,241646,,,F,1,A,6,EUR
OECD.SDD.NAD:DSD_NAMAIN1@DF_QNA_INC_SAV(1.1),Q,N,ESP,S1,S1,B6N,_Z,_Z,_Z,XDC,V,N,T0107,2007-Q3,213150,,,F,1,A,6,EUR
OECD.SDD.NAD:DSD_NAMAIN1@DF_QNA_INC_SAV(1.1),Q,N,ESP,S1,S1,B6N,_Z,_Z,_Z,XDC,V,N,T0107,2007-Q2,230424,,,F,1,A,6,EUR
OECD.SDD.NAD:DSD_NAMAIN1@DF_QNA_INC_SAV(1.1),Q,N,ESP,S1,S1,B6N,_Z,_Z,_Z,XDC,V,N,T0107,2007-Q1,213067,,,F,1,A,6,EUR
OECD.SDD.NAD:DSD_NAMAIN1@DF_QNA_INC_SAV(1.1),Q,Y,EST,S1,S1,B6G,_Z,_Z,_Z,XDC,V,N,T0107,2015-Q4,5191.7,,,F,1,A,6,EUR
OECD.SDD.NAD:DSD_NAMAIN1@DF_QNA_INC_SAV(1.1),Q,Y,EST,S1,S1,B6G,_Z,_Z,_Z,XDC,V,N,T0107,2015-Q3,5225.5,,,F,1,A,6,EUR
OECD.SDD.NAD:DSD_NAMAIN1@DF_QNA_INC_SAV(1.1),Q,N,ESP,S1,S1,B6N,_Z,_Z,_Z,XDC,V,N,T0107,2000-Q3,135512,,,F,1,A,6,EUR
OECD.SDD.NAD:DSD_NAMAIN1@DF_QNA_INC_SAV(1.1),Q,N,ESP,S1,S1,B6N,_Z,_Z,_Z,XDC,V,N,T0107,2000-Q2,141075,,,F,1,A,6,EUR
OECD.SDD.NAD:DSD_NAMAIN1@DF_QNA_INC_SAV(1.1),Q,N,ESP,S1,S1,B6N,_Z,_Z,_Z,XDC,V,N,T0107,2000-Q1,132174,,,F,1,A,6,EUR
OECD.SDD.NAD:DSD_NAMAIN1@DF_QNA_INC_SAV(1.1),Q,Y,EST,S1,S1,B6G,_Z,_Z,_Z,XDC,V,N,T0107,2023-Q1,9313,,,F,1,A,6,EUR
OECD.SDD.NAD:DSD_NAMAIN1@DF_QNA_INC_SAV(1.1),Q,Y,EST,S1,S1,B6G,_Z,_Z,_Z,XDC,V,N,T0107,2003-Q4,2142.8,,,F,1,A,6,EUR
OECD.SDD.NAD:DSD_NAMAIN1@DF_QNA_INC_SAV(1.1),Q,Y,EST,S1,S1,B6G,_Z,_Z,_Z,XDC,V,N,T0107,2003-Q3,2074.4,,,F,1,A,6,EUR
OECD.SDD.NAD:DSD_NAMAIN1@DF_QNA_INC_SAV(1.1),Q,Y,EST,S1,S1,B6G,_Z,_Z,_Z,XDC,V,N,T0107,2003-Q2,2095.1,,,F,1,A,6,EUR
OECD.SDD.NAD:DSD_NAMAIN1@DF_QNA_INC_SAV(1.1),Q,Y,EST,S1,S1,B6G,_Z,_Z,_Z,XDC,V,N,T0107,2003-Q1,2048,,,F,1,A,6,EUR
OECD.SDD.NAD:DSD_NAMAIN1@DF_QNA_INC_SAV(1.1),Q,Y,EST,S1,S1,B6G,_Z,_Z,_Z,XDC,V,N,T0107,2002-Q4,1953.9,,,F,1,A,6,EUR
OECD.SDD.NAD:DSD_NAMAIN1@DF_QNA_INC_SAV(1.1),Q,Y,EST,S1,S1,B6G,_Z,_Z,_Z,XDC,V,N,T0107,2002-Q3,1923.6,,,F,1,A,6,EUR
OECD.SDD.NAD:DSD_NAMAIN1@DF_QNA_INC_SAV(1.1),Q,Y,EST,S1,S1,B6G,_Z,_Z,_Z,XDC,V,N,T0107,2002-Q2,1878.8,,,F,1,A,6,EUR
OECD.SDD.NAD:DSD_NAMAIN1@DF_QNA_INC_SAV(1.1),Q,Y,EST,S1,S1,B6G,_Z,_Z,_Z,XDC,V,N,T0107,2002-Q1,1779.5,,,F,1,A,6,EUR
OECD.SDD.NAD:DSD_NAMAIN1@DF_QNA_INC_SAV(1.1),Q,N,GBR,S1,S1,B6N,_Z,_Z,_Z,XDC,V,N,T0107,2002-Q2,253240,,,F,1,A,6,GBP
OECD.SDD.NAD:DSD_NAMAIN1@DF_QNA_INC_SAV(1.1),Q,N,GBR,S1,S1,B6N,_Z,_Z,_Z,XDC,V,N,T0107,2020-Q1,458131,,,F,1,A,6,GBP
OECD.SDD.NAD:DSD_NAMAIN1@DF_QNA_INC_SAV(1.1),Q,N,GBR,S1,S1,B6N,_Z,_Z,_Z,XDC,V,N,T0107,2019-Q4,489620,,,F,1,A,6,GBP
OECD.SDD.NAD:DSD_NAMAIN1@DF_QNA_INC_SAV(1.1),Q,N,GBR,S1,S1,B6N,_Z,_Z,_Z,XDC,V,N,T0107,2019-Q3,469154,,,F,1,A,6,GBP
OECD.SDD.NAD:DSD_NAMAIN1@DF_QNA_INC_SAV(1.1),Q,N,GBR,S1,S1,B6N,_Z,_Z,_Z,XDC,V,N,T0107,2024-Q3,604018,,,F,1,A,6,GBP
OECD.SDD.NAD:DSD_NAMAIN1@DF_QNA_INC_SAV(1.1),Q,N,GBR,S1,S1,B6N,_Z,_Z,_Z,XDC,V,N,T0107,2024-Q2,582992,,,F,1,A,6,GBP
OECD.SDD.NAD:DSD_NAMAIN1@DF_QNA_INC_SAV(1.1),Q,N,GBR,S1,S1,B6N,_Z,_Z,_Z,XDC,V,N,T0107,2024-Q1,588342,,,F,1,A,6,GBP
OECD.SDD.NAD:DSD_NAMAIN1@DF_QNA_INC_SAV(1.1),Q,N,GBR,S1,S1,B6N,_Z,_Z,_Z,XDC,V,N,T0107,2023-Q4,584169,,,F,1,A,6,GBP
OECD.SDD.NAD:DSD_NAMAIN1@DF_QNA_INC_SAV(1.1),Q,N,GBR,S1,S1,B6N,_Z,_Z,_Z,XDC,V,N,T0107,2021-Q1,450861,,,F,1,A,6,GBP
OECD.SDD.NAD:DSD_NAMAIN1@DF_QNA_INC_SAV(1.1),Q,N,GBR,S1,S1,B6N,_Z,_Z,_Z,XDC,V,N,T0107,2020-Q4,456726,,,F,1,A,6,GBP
OECD.SDD.NAD:DSD_NAMAIN1@DF_QNA_INC_SAV(1.1),Q,N,GBR,S1,S1,B6N,_Z,_Z,_Z,XDC,V,N,T0107,2020-Q3,431982,,,F,1,A,6,GBP
OECD.SDD.NAD:DSD_NAMAIN1@DF_QNA_INC_SAV(1.1),Q,N,GBR,S1,S1,B6N,_Z,_Z,_Z,XDC,V,N,T0107,2020-Q2,355742,,,F,1,A,6,GBP
OECD.SDD.NAD:DSD_NAMAIN1@DF_QNA_INC_SAV(1.1),Q,N,GBR,S1,S1,B6N,_Z,_Z,_Z,XDC,V,N,T0107,2019-Q2,466847,,,F,1,A,6,GBP
OECD.SDD.NAD:DSD_NAMAIN1@DF_QNA_INC_SAV(1.1),Q,N,GBR,S1,S1,B6N,_Z,_Z,_Z,XDC,V,N,T0107,2019-Q1,460263,,,F,1,A,6,GBP
OECD.SDD.NAD:DSD_NAMAIN1@DF_QNA_INC_SAV(1.1),Q,N,GBR,S1,S1,B6N,_Z,_Z,_Z,XDC,V,N,T0107,2018-Q4,467801,,,F,1,A,6,GBP
OECD.SDD.NAD:DSD_NAMAIN1@DF_QNA_INC_SAV(1.1),Q,N,GBR,S1,S1,B6N,_Z,_Z,_Z,XDC,V,N,T0107,2018-Q3,450464,,,F,1,A,6,GBP
OECD.SDD.NAD:DSD_NAMAIN1@DF_QNA_INC_SAV(1.1),Q,N,GBR,S1,S1,B6N,_Z,_Z,_Z,XDC,V,N,T0107,2018-Q2,440833,,,F,1,A,6,GBP
OECD.SDD.NAD:DSD_NAMAIN1@DF_QNA_INC_SAV(1.1),Q,N,GBR,S1,S1,B6N,_Z,_Z,_Z,XDC,V,N,T0107,2018-Q1,435633,,,F,1,A,6,GBP
OECD.SDD.NAD:DSD_NAMAIN1@DF_QNA_INC_SAV(1.1),Q,N,GBR,S1,S1,B6N,_Z,_Z,_Z,XDC,V,N,T0107,2017-Q4,458237,,,F,1,A,6,GBP
OECD.SDD.NAD:DSD_NAMAIN1@DF_QNA_INC_SAV(1.1),Q,N,GBR,S1,S1,B6N,_Z,_Z,_Z,XDC,V,N,T0107,2017-Q3,436628,,,F,1,A,6,GBP
OECD.SDD.NAD:DSD_NAMAIN1@DF_QNA_INC_SAV(1.1),Q,N,GBR,S1,S1,B6N,_Z,_Z,_Z,XDC,V,N,T0107,2017-Q2,423724,,,F,1,A,6,GBP
OECD.SDD.NAD:DSD_NAMAIN1@DF_QNA_INC_SAV(1.1),Q,N,GBR,S1,S1,B6N,_Z,_Z,_Z,XDC,V,N,T0107,2017-Q1,426645,,,F,1,A,6,GBP
OECD.SDD.NAD:DSD_NAMAIN1@DF_QNA_INC_SAV(1.1),Q,N,GBR,S1,S1,B6N,_Z,_Z,_Z,XDC,V,N,T0107,2016-Q4,436970,,,F,1,A,6,GBP
OECD.SDD.NAD:DSD_NAMAIN1@DF_QNA_INC_SAV(1.1),Q,N,GBR,S1,S1,B6N,_Z,_Z,_Z,XDC,V,N,T0107,2016-Q3,412166,,,F,1,A,6,GBP
OECD.SDD.NAD:DSD_NAMAIN1@DF_QNA_INC_SAV(1.1),Q,N,GBR,S1,S1,B6N,_Z,_Z,_Z,XDC,V,N,T0107,2013-Q4,386809,,,F,1,A,6,GBP
OECD.SDD.NAD:DSD_NAMAIN1@DF_QNA_INC_SAV(1.1),Q,N,GBR,S1,S1,B6N,_Z,_Z,_Z,XDC,V,N,T0107,2013-Q3,372330,,,F,1,A,6,GBP
OECD.SDD.NAD:DSD_NAMAIN1@DF_QNA_INC_SAV(1.1),Q,N,GBR,S1,S1,B6N,_Z,_Z,_Z,XDC,V,N,T0107,2013-Q2,363196,,,F,1,A,6,GBP
OECD.SDD.NAD:DSD_NAMAIN1@DF_QNA_INC_SAV(1.1),Q,N,GBR,S1,S1,B6N,_Z,_Z,_Z,XDC,V,N,T0107,2013-Q1,354044,,,F,1,A,6,GBP
OECD.SDD.NAD:DSD_NAMAIN1@DF_QNA_INC_SAV(1.1),Q,N,GBR,S1,S1,B6N,_Z,_Z,_Z,XDC,V,N,T0107,2012-Q4,372524,,,F,1,A,6,GBP
OECD.SDD.NAD:DSD_NAMAIN1@DF_QNA_INC_SAV(1.1),Q,N,GBR,S1,S1,B6N,_Z,_Z,_Z,XDC,V,N,T0107,2012-Q3,362340,,,F,1,A,6,GBP
OECD.SDD.NAD:DSD_NAMAIN1@DF_QNA_INC_SAV(1.1),Q,N,GBR,S1,S1,B6N,_Z,_Z,_Z,XDC,V,N,T0107,2002-Q1,256652,,,F,1,A,6,GBP
OECD.SDD.NAD:DSD_NAMAIN1@DF_QNA_INC_SAV(1.1),Q,N,GBR,S1,S1,B6N,_Z,_Z,_Z,XDC,V,N,T0107,2001-Q4,254461,,,F,1,A,6,GBP
OECD.SDD.NAD:DSD_NAMAIN1@DF_QNA_INC_SAV(1.1),Q,N,GBR,S1,S1,B6N,_Z,_Z,_Z,XDC,V,N,T0107,2001-Q3,259418,,,F,1,A,6,GBP
OECD.SDD.NAD:DSD_NAMAIN1@DF_QNA_INC_SAV(1.1),Q,N,GBR,S1,S1,B6N,_Z,_Z,_Z,XDC,V,N,T0107,2001-Q2,245505,,,F,1,A,6,GBP
OECD.SDD.NAD:DSD_NAMAIN1@DF_QNA_INC_SAV(1.1),Q,N,GBR,S1,S1,B6N,_Z,_Z,_Z,XDC,V,N,T0107,2001-Q1,248968,,,F,1,A,6,GBP
OECD.SDD.NAD:DSD_NAMAIN1@DF_QNA_INC_SAV(1.1),Q,N,GBR,S1,S1,B6N,_Z,_Z,_Z,XDC,V,N,T0107,2000-Q4,246876,,,F,1,A,6,GBP
OECD.SDD.NAD:DSD_NAMAIN1@DF_QNA_INC_SAV(1.1),Q,N,GBR,S1,S1,B6N,_Z,_Z,_Z,XDC,V,N,T0107,2000-Q3,245738,,,F,1,A,6,GBP
OECD.SDD.NAD:DSD_NAMAIN1@DF_QNA_INC_SAV(1.1),Q,N,GBR,S1,S1,B6N,_Z,_Z,_Z,XDC,V,N,T0107,2000-Q2,236803,,,F,1,A,6,GBP
OECD.SDD.NAD:DSD_NAMAIN1@DF_QNA_INC_SAV(1.1),Q,N,GBR,S1,S1,B6N,_Z,_Z,_Z,XDC,V,N,T0107,2000-Q1,236809,,,F,1,A,6,GBP
OECD.SDD.NAD:DSD_NAMAIN1@DF_QNA_INC_SAV(1.1),Q,N,GBR,S1,S1,B6N,_Z,_Z,_Z,XDC,V,N,T0107,2025-Q3,648504,,,F,1,A,6,GBP
OECD.SDD.NAD:DSD_NAMAIN1@DF_QNA_INC_SAV(1.1),Q,N,GBR,S1,S1,B6N,_Z,_Z,_Z,XDC,V,N,T0107,2025-Q2,619080,,,F,1,A,6,GBP
OECD.SDD.NAD:DSD_NAMAIN1@DF_QNA_INC_SAV(1.1),Q,N,GBR,S1,S1,B6N,_Z,_Z,_Z,XDC,V,N,T0107,2025-Q1,632228,,,F,1,A,6,GBP
OECD.SDD.NAD:DSD_NAMAIN1@DF_QNA_INC_SAV(1.1),Q,N,GBR,S1,S1,B6N,_Z,_Z,_Z,XDC,V,N,T0107,2024-Q4,614644,,,F,1,A,6,GBP
OECD.SDD.NAD:DSD_NAMAIN1@DF_QNA_INC_SAV(1.1),Q,N,GBR,S1,S1,B6N,_Z,_Z,_Z,XDC,V,N,T0107,2016-Q2,399990,,,F,1,A,6,GBP
OECD.SDD.NAD:DSD_NAMAIN1@DF_QNA_INC_SAV(1.1),Q,N,GBR,S1,S1,B6N,_Z,_Z,_Z,XDC,V,N,T0107,2016-Q1,396468,,,F,1,A,6,GBP
OECD.SDD.NAD:DSD_NAMAIN1@DF_QNA_INC_SAV(1.1),Q,N,GBR,S1,S1,B6N,_Z,_Z,_Z,XDC,V,N,T0107,2015-Q4,404157,,,F,1,A,6,GBP
OECD.SDD.NAD:DSD_NAMAIN1@DF_QNA_INC_SAV(1.1),Q,N,GBR,S1,S1,B6N,_Z,_Z,_Z,XDC,V,N,T0107,2015-Q3,401298,,,F,1,A,6,GBP
OECD.SDD.NAD:DSD_NAMAIN1@DF_QNA_INC_SAV(1.1),Q,N,GBR,S1,S1,B6N,_Z,_Z,_Z,XDC,V,N,T0107,2015-Q2,394311,,,F,1,A,6,GBP
OECD.SDD.NAD:DSD_NAMAIN1@DF_QNA_INC_SAV(1.1),Q,N,GBR,S1,S1,B6N,_Z,_Z,_Z,XDC,V,N,T0107,2015-Q1,387667,,,F,1,A,6,GBP
OECD.SDD.NAD:DSD_NAMAIN1@DF_QNA_INC_SAV(1.1),Q,N,GBR,S1,S1,B6N,_Z,_Z,_Z,XDC,V,N,T0107,2014-Q4,400334,,,F,1,A,6,GBP
OECD.SDD.NAD:DSD_NAMAIN1@DF_QNA_INC_SAV(1.1),Q,N,GBR,S1,S1,B6N,_Z,_Z,_Z,XDC,V,N,T0107,2014-Q3,390873,,,F,1,A,6,GBP
OECD.SDD.NAD:DSD_NAMAIN1@DF_QNA_INC_SAV(1.1),Q,N,GBR,S1,S1,B6N,_Z,_Z,_Z,XDC,V,N,T0107,2012-Q2,349311,,,F,1,A,6,GBP
OECD.SDD.NAD:DSD_NAMAIN1@DF_QNA_INC_SAV(1.1),Q,N,GBR,S1,S1,B6N,_Z,_Z,_Z,XDC,V,N,T0107,2012-Q1,353860,,,F,1,A,6,GBP
OECD.SDD.NAD:DSD_NAMAIN1@DF_QNA_INC_SAV(1.1),Q,N,GBR,S1,S1,B6N,_Z,_Z,_Z,XDC,V,N,T0107,2011-Q4,365637,,,F,1,A,6,GBP
OECD.SDD.NAD:DSD_NAMAIN1@DF_QNA_INC_SAV(1.1),Q,N,GBR,S1,S1,B6N,_Z,_Z,_Z,XDC,V,N,T0107,2011-Q3,355011,,,F,1,A,6,GBP
OECD.SDD.NAD:DSD_NAMAIN1@DF_QNA_INC_SAV(1.1),Q,N,GBR,S1,S1,B6N,_Z,_Z,_Z,XDC,V,N,T0107,2014-Q2,381011,,,F,1,A,6,GBP
OECD.SDD.NAD:DSD_NAMAIN1@DF_QNA_INC_SAV(1.1),Q,N,GBR,S1,S1,B6N,_Z,_Z,_Z,XDC,V,N,T0107,2014-Q1,380783,,,F,1,A,6,GBP
OECD.SDD.NAD:DSD_NAMAIN1@DF_QNA_INC_SAV(1.1),Q,N,GBR,S1,S1,B6N,_Z,_Z,_Z,XDC,V,N,T0107,2023-Q3,578748,,,F,1,A,6,GBP
OECD.SDD.NAD:DSD_NAMAIN1@DF_QNA_INC_SAV(1.1),Q,N,GBR,S1,S1,B6N,_Z,_Z,_Z,XDC,V,N,T0107,2023-Q2,546754,,,F,1,A,6,GBP
OECD.SDD.NAD:DSD_NAMAIN1@DF_QNA_INC_SAV(1.1),Q,N,GBR,S1,S1,B6N,_Z,_Z,_Z,XDC,V,N,T0107,2023-Q1,555278,,,F,1,A,6,GBP
OECD.SDD.NAD:DSD_NAMAIN1@DF_QNA_INC_SAV(1.1),Q,N,GBR,S1,S1,B6N,_Z,_Z,_Z,XDC,V,N,T0107,2022-Q4,577048,,,F,1,A,6,GBP
OECD.SDD.NAD:DSD_NAMAIN1@DF_QNA_INC_SAV(1.1),Q,N,GBR,S1,S1,B6N,_Z,_Z,_Z,XDC,V,N,T0107,2022-Q3,542441,,,F,1,A,6,GBP
OECD.SDD.NAD:DSD_NAMAIN1@DF_QNA_INC_SAV(1.1),Q,N,GBR,S1,S1,B6N,_Z,_Z,_Z,XDC,V,N,T0107,2022-Q2,531508,,,F,1,A,6,GBP
OECD.SDD.NAD:DSD_NAMAIN1@DF_QNA_INC_SAV(1.1),Q,N,GBR,S1,S1,B6N,_Z,_Z,_Z,XDC,V,N,T0107,2022-Q1,514873,,,F,1,A,6,GBP
OECD.SDD.NAD:DSD_NAMAIN1@DF_QNA_INC_SAV(1.1),Q,N,GBR,S1,S1,B6N,_Z,_Z,_Z,XDC,V,N,T0107,2021-Q4,530562,,,F,1,A,6,GBP
OECD.SDD.NAD:DSD_NAMAIN1@DF_QNA_INC_SAV(1.1),Q,N,GBR,S1,S1,B6N,_Z,_Z,_Z,XDC,V,N,T0107,2021-Q3,486749,,,F,1,A,6,GBP
OECD.SDD.NAD:DSD_NAMAIN1@DF_QNA_INC_SAV(1.1),Q,N,GBR,S1,S1,B6N,_Z,_Z,_Z,XDC,V,N,T0107,2021-Q2,474245,,,F,1,A,6,GBP
OECD.SDD.NAD:DSD_NAMAIN1@DF_QNA_INC_SAV(1.1),Q,N,GBR,S1,S1,B6N,_Z,_Z,_Z,XDC,V,N,T0107,2008-Q2,333252,,,F,1,A,6,GBP
OECD.SDD.NAD:DSD_NAMAIN1@DF_QNA_INC_SAV(1.1),Q,N,GBR,S1,S1,B6N,_Z,_Z,_Z,XDC,V,N,T0107,2008-Q1,340047,,,F,1,A,6,GBP
OECD.SDD.NAD:DSD_NAMAIN1@DF_QNA_INC_SAV(1.1),Q,N,GBR,S1,S1,B6N,_Z,_Z,_Z,XDC,V,N,T0107,2007-Q4,340074,,,F,1,A,6,GBP
OECD.SDD.NAD:DSD_NAMAIN1@DF_QNA_INC_SAV(1.1),Q,N,GBR,S1,S1,B6N,_Z,_Z,_Z,XDC,V,N,T0107,2007-Q3,337729,,,F,1,A,6,GBP
OECD.SDD.NAD:DSD_NAMAIN1@DF_QNA_INC_SAV(1.1),Q,N,GBR,S1,S1,B6N,_Z,_Z,_Z,XDC,V,N,T0107,2007-Q2,321517,,,F,1,A,6,GBP
OECD.SDD.NAD:DSD_NAMAIN1@DF_QNA_INC_SAV(1.1),Q,N,GBR,S1,S1,B6N,_Z,_Z,_Z,XDC,V,N,T0107,2007-Q1,321309,,,F,1,A,6,GBP
OECD.SDD.NAD:DSD_NAMAIN1@DF_QNA_INC_SAV(1.1),Q,N,GBR,S1,S1,B6N,_Z,_Z,_Z,XDC,V,N,T0107,2006-Q4,325733,,,F,1,A,6,GBP
OECD.SDD.NAD:DSD_NAMAIN1@DF_QNA_INC_SAV(1.1),Q,N,GBR,S1,S1,B6N,_Z,_Z,_Z,XDC,V,N,T0107,2006-Q3,320391,,,F,1,A,6,GBP
OECD.SDD.NAD:DSD_NAMAIN1@DF_QNA_INC_SAV(1.1),Q,N,GBR,S1,S1,B6N,_Z,_Z,_Z,XDC,V,N,T0107,2006-Q2,309385,,,F,1,A,6,GBP
OECD.SDD.NAD:DSD_NAMAIN1@DF_QNA_INC_SAV(1.1),Q,N,GBR,S1,S1,B6N,_Z,_Z,_Z,XDC,V,N,T0107,2006-Q1,311381,,,F,1,A,6,GBP
OECD.SDD.NAD:DSD_NAMAIN1@DF_QNA_INC_SAV(1.1),Q,N,GBR,S1,S1,B6N,_Z,_Z,_Z,XDC,V,N,T0107,2005-Q4,314968,,,F,1,A,6,GBP
OECD.SDD.NAD:DSD_NAMAIN1@DF_QNA_INC_SAV(1.1),Q,N,GBR,S1,S1,B6N,_Z,_Z,_Z,XDC,V,N,T0107,2005-Q3,307947,,,F,1,A,6,GBP
OECD.SDD.NAD:DSD_NAMAIN1@DF_QNA_INC_SAV(1.1),Q,N,GBR,S1,S1,B6N,_Z,_Z,_Z,XDC,V,N,T0107,2005-Q2,302276,,,F,1,A,6,GBP
OECD.SDD.NAD:DSD_NAMAIN1@DF_QNA_INC_SAV(1.1),Q,N,GBR,S1,S1,B6N,_Z,_Z,_Z,XDC,V,N,T0107,2005-Q1,298374,,,F,1,A,6,GBP
OECD.SDD.NAD:DSD_NAMAIN1@DF_QNA_INC_SAV(1.1),Q,N,GBR,S1,S1,B6N,_Z,_Z,_Z,XDC,V,N,T0107,2004-Q4,301418,,,F,1,A,6,GBP
OECD.SDD.NAD:DSD_NAMAIN1@DF_QNA_INC_SAV(1.1),Q,N,GBR,S1,S1,B6N,_Z,_Z,_Z,XDC,V,N,T0107,2004-Q3,293430,,,F,1,A,6,GBP
OECD.SDD.NAD:DSD_NAMAIN1@DF_QNA_INC_SAV(1.1),Q,N,GBR,S1,S1,B6N,_Z,_Z,_Z,XDC,V,N,T0107,2004-Q2,280995,,,F,1,A,6,GBP
OECD.SDD.NAD:DSD_NAMAIN1@DF_QNA_INC_SAV(1.1),Q,N,GBR,S1,S1,B6N,_Z,_Z,_Z,XDC,V,N,T0107,2004-Q1,280840,,,F,1,A,6,GBP
OECD.SDD.NAD:DSD_NAMAIN1@DF_QNA_INC_SAV(1.1),Q,N,GBR,S1,S1,B6N,_Z,_Z,_Z,XDC,V,N,T0107,2003-Q4,285886,,,F,1,A,6,GBP
OECD.SDD.NAD:DSD_NAMAIN1@DF_QNA_INC_SAV(1.1),Q,N,GBR,S1,S1,B6N,_Z,_Z,_Z,XDC,V,N,T0107,2003-Q3,280620,,,F,1,A,6,GBP
OECD.SDD.NAD:DSD_NAMAIN1@DF_QNA_INC_SAV(1.1),Q,N,GBR,S1,S1,B6N,_Z,_Z,_Z,XDC,V,N,T0107,2003-Q2,265703,,,F,1,A,6,GBP
OECD.SDD.NAD:DSD_NAMAIN1@DF_QNA_INC_SAV(1.1),Q,N,GBR,S1,S1,B6N,_Z,_Z,_Z,XDC,V,N,T0107,2003-Q1,271621,,,F,1,A,6,GBP
OECD.SDD.NAD:DSD_NAMAIN1@DF_QNA_INC_SAV(1.1),Q,N,GBR,S1,S1,B6N,_Z,_Z,_Z,XDC,V,N,T0107,2011-Q2,347788,,,F,1,A,6,GBP
OECD.SDD.NAD:DSD_NAMAIN1@DF_QNA_INC_SAV(1.1),Q,N,GBR,S1,S1,B6N,_Z,_Z,_Z,XDC,V,N,T0107,2011-Q1,349714,,,F,1,A,6,GBP
OECD.SDD.NAD:DSD_NAMAIN1@DF_QNA_INC_SAV(1.1),Q,N,GBR,S1,S1,B6N,_Z,_Z,_Z,XDC,V,N,T0107,2010-Q4,351150,,,F,1,A,6,GBP
OECD.SDD.NAD:DSD_NAMAIN1@DF_QNA_INC_SAV(1.1),Q,N,GBR,S1,S1,B6N,_Z,_Z,_Z,XDC,V,N,T0107,2010-Q3,347843,,,F,1,A,6,GBP
OECD.SDD.NAD:DSD_NAMAIN1@DF_QNA_INC_SAV(1.1),Q,N,GBR,S1,S1,B6N,_Z,_Z,_Z,XDC,V,N,T0107,2010-Q2,333293,,,F,1,A,6,GBP
OECD.SDD.NAD:DSD_NAMAIN1@DF_QNA_INC_SAV(1.1),Q,N,GBR,S1,S1,B6N,_Z,_Z,_Z,XDC,V,N,T0107,2010-Q1,333688,,,F,1,A,6,GBP
OECD.SDD.NAD:DSD_NAMAIN1@DF_QNA_INC_SAV(1.1),Q,N,GBR,S1,S1,B6N,_Z,_Z,_Z,XDC,V,N,T0107,2009-Q4,333792,,,F,1,A,6,GBP
OECD.SDD.NAD:DSD_NAMAIN1@DF_QNA_INC_SAV(1.1),Q,N,GBR,S1,S1,B6N,_Z,_Z,_Z,XDC,V,N,T0107,2009-Q3,335779,,,F,1,A,6,GBP
OECD.SDD.NAD:DSD_NAMAIN1@DF_QNA_INC_SAV(1.1),Q,N,GBR,S1,S1,B6N,_Z,_Z,_Z,XDC,V,N,T0107,2009-Q2,312345,,,F,1,A,6,GBP
OECD.SDD.NAD:DSD_NAMAIN1@DF_QNA_INC_SAV(1.1),Q,N,GBR,S1,S1,B6N,_Z,_Z,_Z,XDC,V,N,T0107,2009-Q1,320918,,,F,1,A,6,GBP
OECD.SDD.NAD:DSD_NAMAIN1@DF_QNA_INC_SAV(1.1),Q,N,GBR,S1,S1,B6N,_Z,_Z,_Z,XDC,V,N,T0107,2008-Q4,332253,,,F,1,A,6,GBP
OECD.SDD.NAD:DSD_NAMAIN1@DF_QNA_INC_SAV(1.1),Q,N,GBR,S1,S1,B6N,_Z,_Z,_Z,XDC,V,N,T0107,2008-Q3,343818,,,F,1,A,6,GBP
OECD.SDD.NAD:DSD_NAMAIN1@DF_QNA_INC_SAV(1.1),Q,N,GBR,S1,S1,B6N,_Z,_Z,_Z,XDC,V,N,T0107,2002-Q4,269078,,,F,1,A,6,GBP
OECD.SDD.NAD:DSD_NAMAIN1@DF_QNA_INC_SAV(1.1),Q,Y,HUN,S1,S1,B6G,_Z,_Z,_Z,XDC,V,N,T0107,2009-Q3,6226293,,,F,1,A,6,HUF
OECD.SDD.NAD:DSD_NAMAIN1@DF_QNA_INC_SAV(1.1),Q,N,HUN,S1,S1,B6G,_Z,_Z,_Z,XDC,V,N,T0107,2000-Q2,3096029,,,F,1,A,6,HUF
OECD.SDD.NAD:DSD_NAMAIN1@DF_QNA_INC_SAV(1.1),Q,N,HUN,S1,S1,B6G,_Z,_Z,_Z,XDC,V,N,T0107,2000-Q1,2785680,,,F,1,A,6,HUF
OECD.SDD.NAD:DSD_NAMAIN1@DF_QNA_INC_SAV(1.1),Q,Y,HUN,S1,S1,B6G,_Z,_Z,_Z,XDC,V,N,T0107,2020-Q4,12430113,,,F,1,A,6,HUF
OECD.SDD.NAD:DSD_NAMAIN1@DF_QNA_INC_SAV(1.1),Q,N,HUN,S1,S1,B6G,_Z,_Z,_Z,XDC,V,N,T0107,2002-Q2,4076826,,,F,1,A,6,HUF
OECD.SDD.NAD:DSD_NAMAIN1@DF_QNA_INC_SAV(1.1),Q,N,HUN,S1,S1,B6G,_Z,_Z,_Z,XDC,V,N,T0107,2002-Q1,3741702,,,F,1,A,6,HUF
OECD.SDD.NAD:DSD_NAMAIN1@DF_QNA_INC_SAV(1.1),Q,N,HUN,S1,S1,B6G,_Z,_Z,_Z,XDC,V,N,T0107,2001-Q4,3930571,,,F,1,A,6,HUF
OECD.SDD.NAD:DSD_NAMAIN1@DF_QNA_INC_SAV(1.1),Q,N,HUN,S1,S1,B6G,_Z,_Z,_Z,XDC,V,N,T0107,2001-Q3,3776287,,,F,1,A,6,HUF
OECD.SDD.NAD:DSD_NAMAIN1@DF_QNA_INC_SAV(1.1),Q,N,HUN,S1,S1,B6G,_Z,_Z,_Z,XDC,V,N,T0107,2001-Q2,3691329,,,F,1,A,6,HUF
OECD.SDD.NAD:DSD_NAMAIN1@DF_QNA_INC_SAV(1.1),Q,N,HUN,S1,S1,B6G,_Z,_Z,_Z,XDC,V,N,T0107,2001-Q1,3224030,,,F,1,A,6,HUF
OECD.SDD.NAD:DSD_NAMAIN1@DF_QNA_INC_SAV(1.1),Q,N,HUN,S1,S1,B6G,_Z,_Z,_Z,XDC,V,N,T0107,2000-Q4,3515357,,,F,1,A,6,HUF
OECD.SDD.NAD:DSD_NAMAIN1@DF_QNA_INC_SAV(1.1),Q,N,HUN,S1,S1,B6G,_Z,_Z,_Z,XDC,V,N,T0107,2000-Q3,3275426,,,F,1,A,6,HUF
OECD.SDD.NAD:DSD_NAMAIN1@DF_QNA_INC_SAV(1.1),Q,N,HUN,S1,S1,B6G,_Z,_Z,_Z,XDC,V,N,T0107,2006-Q4,6161763,,,F,1,A,6,HUF
OECD.SDD.NAD:DSD_NAMAIN1@DF_QNA_INC_SAV(1.1),Q,N,HUN,S1,S1,B6G,_Z,_Z,_Z,XDC,V,N,T0107,2006-Q3,5868968,,,F,1,A,6,HUF
OECD.SDD.NAD:DSD_NAMAIN1@DF_QNA_INC_SAV(1.1),Q,N,HUN,S1,S1,B6G,_Z,_Z,_Z,XDC,V,N,T0107,2006-Q2,5657962,,,F,1,A,6,HUF
OECD.SDD.NAD:DSD_NAMAIN1@DF_QNA_INC_SAV(1.1),Q,N,HUN,S1,S1,B6G,_Z,_Z,_Z,XDC,V,N,T0107,2006-Q1,4971263,,,F,1,A,6,HUF
OECD.SDD.NAD:DSD_NAMAIN1@DF_QNA_INC_SAV(1.1),Q,N,HUN,S1,S1,B6G,_Z,_Z,_Z,XDC,V,N,T0107,2005-Q4,5870377,,,F,1,A,6,HUF
OECD.SDD.NAD:DSD_NAMAIN1@DF_QNA_INC_SAV(1.1),Q,N,HUN,S1,S1,B6G,_Z,_Z,_Z,XDC,V,N,T0107,2005-Q3,5427598,,,F,1,A,6,HUF
OECD.SDD.NAD:DSD_NAMAIN1@DF_QNA_INC_SAV(1.1),Q,N,HUN,S1,S1,B6G,_Z,_Z,_Z,XDC,V,N,T0107,2005-Q2,5288504,,,F,1,A,6,HUF
OECD.SDD.NAD:DSD_NAMAIN1@DF_QNA_INC_SAV(1.1),Q,N,HUN,S1,S1,B6G,_Z,_Z,_Z,XDC,V,N,T0107,2005-Q1,4503011,,,F,1,A,6,HUF
OECD.SDD.NAD:DSD_NAMAIN1@DF_QNA_INC_SAV(1.1),Q,N,HUN,S1,S1,B6G,_Z,_Z,_Z,XDC,V,N,T0107,2004-Q4,5291640,,,F,1,A,6,HUF
OECD.SDD.NAD:DSD_NAMAIN1@DF_QNA_INC_SAV(1.1),Q,N,HUN,S1,S1,B6G,_Z,_Z,_Z,XDC,V,N,T0107,2004-Q3,5019090,,,F,1,A,6,HUF
OECD.SDD.NAD:DSD_NAMAIN1@DF_QNA_INC_SAV(1.1),Q,N,HUN,S1,S1,B6G,_Z,_Z,_Z,XDC,V,N,T0107,2004-Q2,4993747,,,F,1,A,6,HUF
OECD.SDD.NAD:DSD_NAMAIN1@DF_QNA_INC_SAV(1.1),Q,N,HUN,S1,S1,B6G,_Z,_Z,_Z,XDC,V,N,T0107,2004-Q1,4423558,,,F,1,A,6,HUF
OECD.SDD.NAD:DSD_NAMAIN1@DF_QNA_INC_SAV(1.1),Q,N,HUN,S1,S1,B6G,_Z,_Z,_Z,XDC,V,N,T0107,2003-Q4,5122212,,,F,1,A,6,HUF
OECD.SDD.NAD:DSD_NAMAIN1@DF_QNA_INC_SAV(1.1),Q,N,HUN,S1,S1,B6G,_Z,_Z,_Z,XDC,V,N,T0107,2003-Q3,4630415,,,F,1,A,6,HUF
OECD.SDD.NAD:DSD_NAMAIN1@DF_QNA_INC_SAV(1.1),Q,N,HUN,S1,S1,B6G,_Z,_Z,_Z,XDC,V,N,T0107,2003-Q2,4460806,,,F,1,A,6,HUF
OECD.SDD.NAD:DSD_NAMAIN1@DF_QNA_INC_SAV(1.1),Q,N,HUN,S1,S1,B6G,_Z,_Z,_Z,XDC,V,N,T0107,2003-Q1,3951935,,,F,1,A,6,HUF
OECD.SDD.NAD:DSD_NAMAIN1@DF_QNA_INC_SAV(1.1),Q,N,HUN,S1,S1,B6G,_Z,_Z,_Z,XDC,V,N,T0107,2002-Q4,4511115,,,F,1,A,6,HUF
OECD.SDD.NAD:DSD_NAMAIN1@DF_QNA_INC_SAV(1.1),Q,N,HUN,S1,S1,B6G,_Z,_Z,_Z,XDC,V,N,T0107,2002-Q3,4231884,,,F,1,A,6,HUF
OECD.SDD.NAD:DSD_NAMAIN1@DF_QNA_INC_SAV(1.1),Q,N,HUN,S1,S1,B6G,_Z,_Z,_Z,XDC,V,N,T0107,2021-Q2,13124867,,,F,1,A,6,HUF
OECD.SDD.NAD:DSD_NAMAIN1@DF_QNA_INC_SAV(1.1),Q,N,HUN,S1,S1,B6G,_Z,_Z,_Z,XDC,V,N,T0107,2019-Q2,11490694,,,F,1,A,6,HUF
OECD.SDD.NAD:DSD_NAMAIN1@DF_QNA_INC_SAV(1.1),Q,N,HUN,S1,S1,B6G,_Z,_Z,_Z,XDC,V,N,T0107,2019-Q1,10075559,,,F,1,A,6,HUF
OECD.SDD.NAD:DSD_NAMAIN1@DF_QNA_INC_SAV(1.1),Q,N,HUN,S1,S1,B6G,_Z,_Z,_Z,XDC,V,N,T0107,2017-Q3,9597078,,,F,1,A,6,HUF
OECD.SDD.NAD:DSD_NAMAIN1@DF_QNA_INC_SAV(1.1),Q,N,HUN,S1,S1,B6G,_Z,_Z,_Z,XDC,V,N,T0107,2017-Q2,9231708,,,F,1,A,6,HUF
OECD.SDD.NAD:DSD_NAMAIN1@DF_QNA_INC_SAV(1.1),Q,N,HUN,S1,S1,B6G,_Z,_Z,_Z,XDC,V,N,T0107,2018-Q1,9058375,,,F,1,A,6,HUF
OECD.SDD.NAD:DSD_NAMAIN1@DF_QNA_INC_SAV(1.1),Q,N,HUN,S1,S1,B6G,_Z,_Z,_Z,XDC,V,N,T0107,2017-Q4,10405705,,,F,1,A,6,HUF
OECD.SDD.NAD:DSD_NAMAIN1@DF_QNA_INC_SAV(1.1),Q,N,HUN,S1,S1,B6G,_Z,_Z,_Z,XDC,V,N,T0107,2011-Q4,7552693,,,F,1,A,6,HUF
OECD.SDD.NAD:DSD_NAMAIN1@DF_QNA_INC_SAV(1.1),Q,N,HUN,S1,S1,B6G,_Z,_Z,_Z,XDC,V,N,T0107,2011-Q3,6932030,,,F,1,A,6,HUF
OECD.SDD.NAD:DSD_NAMAIN1@DF_QNA_INC_SAV(1.1),Q,N,HUN,S1,S1,B6G,_Z,_Z,_Z,XDC,V,N,T0107,2011-Q2,6585671,,,F,1,A,6,HUF
OECD.SDD.NAD:DSD_NAMAIN1@DF_QNA_INC_SAV(1.1),Q,N,HUN,S1,S1,B6G,_Z,_Z,_Z,XDC,V,N,T0107,2011-Q1,5910098,,,F,1,A,6,HUF
OECD.SDD.NAD:DSD_NAMAIN1@DF_QNA_INC_SAV(1.1),Q,N,HUN,S1,S1,B6G,_Z,_Z,_Z,XDC,V,N,T0107,2010-Q4,7127163,,,F,1,A,6,HUF
OECD.SDD.NAD:DSD_NAMAIN1@DF_QNA_INC_SAV(1.1),Q,N,HUN,S1,S1,B6G,_Z,_Z,_Z,XDC,V,N,T0107,2010-Q3,6733381,,,F,1,A,6,HUF
OECD.SDD.NAD:DSD_NAMAIN1@DF_QNA_INC_SAV(1.1),Q,N,HUN,S1,S1,B6G,_Z,_Z,_Z,XDC,V,N,T0107,2010-Q2,6454037,,,F,1,A,6,HUF
OECD.SDD.NAD:DSD_NAMAIN1@DF_QNA_INC_SAV(1.1),Q,N,HUN,S1,S1,B6G,_Z,_Z,_Z,XDC,V,N,T0107,2010-Q1,5730051,,,F,1,A,6,HUF
OECD.SDD.NAD:DSD_NAMAIN1@DF_QNA_INC_SAV(1.1),Q,N,HUN,S1,S1,B6G,_Z,_Z,_Z,XDC,V,N,T0107,2009-Q4,6991055,,,F,1,A,6,HUF
OECD.SDD.NAD:DSD_NAMAIN1@DF_QNA_INC_SAV(1.1),Q,N,HUN,S1,S1,B6G,_Z,_Z,_Z,XDC,V,N,T0107,2009-Q3,6295319,,,F,1,A,6,HUF
OECD.SDD.NAD:DSD_NAMAIN1@DF_QNA_INC_SAV(1.1),Q,N,HUN,S1,S1,B6G,_Z,_Z,_Z,XDC,V,N,T0107,2021-Q1,11183595,,,F,1,A,6,HUF
OECD.SDD.NAD:DSD_NAMAIN1@DF_QNA_INC_SAV(1.1),Q,N,HUN,S1,S1,B6G,_Z,_Z,_Z,XDC,V,N,T0107,2020-Q4,13518816,,,F,1,A,6,HUF
OECD.SDD.NAD:DSD_NAMAIN1@DF_QNA_INC_SAV(1.1),Q,N,HUN,S1,S1,B6G,_Z,_Z,_Z,XDC,V,N,T0107,2020-Q3,12312979,,,F,1,A,6,HUF
OECD.SDD.NAD:DSD_NAMAIN1@DF_QNA_INC_SAV(1.1),Q,N,HUN,S1,S1,B6G,_Z,_Z,_Z,XDC,V,N,T0107,2020-Q2,10828969,,,F,1,A,6,HUF
OECD.SDD.NAD:DSD_NAMAIN1@DF_QNA_INC_SAV(1.1),Q,N,HUN,S1,S1,B6G,_Z,_Z,_Z,XDC,V,N,T0107,2020-Q1,10861408,,,F,1,A,6,HUF
OECD.SDD.NAD:DSD_NAMAIN1@DF_QNA_INC_SAV(1.1),Q,N,HUN,S1,S1,B6G,_Z,_Z,_Z,XDC,V,N,T0107,2019-Q4,13015070,,,F,1,A,6,HUF
OECD.SDD.NAD:DSD_NAMAIN1@DF_QNA_INC_SAV(1.1),Q,N,HUN,S1,S1,B6G,_Z,_Z,_Z,XDC,V,N,T0107,2019-Q3,11936331,,,F,1,A,6,HUF
OECD.SDD.NAD:DSD_NAMAIN1@DF_QNA_INC_SAV(1.1),Q,N,HUN,S1,S1,B6G,_Z,_Z,_Z,XDC,V,N,T0107,2018-Q4,11588382,,,F,1,A,6,HUF
OECD.SDD.NAD:DSD_NAMAIN1@DF_QNA_INC_SAV(1.1),Q,N,HUN,S1,S1,B6G,_Z,_Z,_Z,XDC,V,N,T0107,2009-Q2,6216756,,,F,1,A,6,HUF
OECD.SDD.NAD:DSD_NAMAIN1@DF_QNA_INC_SAV(1.1),Q,N,HUN,S1,S1,B6G,_Z,_Z,_Z,XDC,V,N,T0107,2009-Q1,5732035,,,F,1,A,6,HUF
OECD.SDD.NAD:DSD_NAMAIN1@DF_QNA_INC_SAV(1.1),Q,N,HUN,S1,S1,B6G,_Z,_Z,_Z,XDC,V,N,T0107,2018-Q2,10257133,,,F,1,A,6,HUF
OECD.SDD.NAD:DSD_NAMAIN1@DF_QNA_INC_SAV(1.1),Q,N,HUN,S1,S1,B6G,_Z,_Z,_Z,XDC,V,N,T0107,2018-Q3,10869161,,,F,1,A,6,HUF
OECD.SDD.NAD:DSD_NAMAIN1@DF_QNA_INC_SAV(1.1),Q,N,HUN,S1,S1,B6G,_Z,_Z,_Z,XDC,V,N,T0107,2008-Q4,6688657,,,F,1,A,6,HUF
OECD.SDD.NAD:DSD_NAMAIN1@DF_QNA_INC_SAV(1.1),Q,N,HUN,S1,S1,B6G,_Z,_Z,_Z,XDC,V,N,T0107,2008-Q3,6257612,,,F,1,A,6,HUF
OECD.SDD.NAD:DSD_NAMAIN1@DF_QNA_INC_SAV(1.1),Q,N,HUN,S1,S1,B6G,_Z,_Z,_Z,XDC,V,N,T0107,2008-Q2,6420998,,,F,1,A,6,HUF
OECD.SDD.NAD:DSD_NAMAIN1@DF_QNA_INC_SAV(1.1),Q,N,HUN,S1,S1,B6G,_Z,_Z,_Z,XDC,V,N,T0107,2008-Q1,5891930,,,F,1,A,6,HUF
OECD.SDD.NAD:DSD_NAMAIN1@DF_QNA_INC_SAV(1.1),Q,N,HUN,S1,S1,B6G,_Z,_Z,_Z,XDC,V,N,T0107,2007-Q4,6504091,,,F,1,A,6,HUF
OECD.SDD.NAD:DSD_NAMAIN1@DF_QNA_INC_SAV(1.1),Q,N,HUN,S1,S1,B6G,_Z,_Z,_Z,XDC,V,N,T0107,2007-Q3,5976266,,,F,1,A,6,HUF
OECD.SDD.NAD:DSD_NAMAIN1@DF_QNA_INC_SAV(1.1),Q,N,HUN,S1,S1,B6G,_Z,_Z,_Z,XDC,V,N,T0107,2007-Q2,5772708,,,F,1,A,6,HUF
OECD.SDD.NAD:DSD_NAMAIN1@DF_QNA_INC_SAV(1.1),Q,N,HUN,S1,S1,B6G,_Z,_Z,_Z,XDC,V,N,T0107,2007-Q1,5322365,,,F,1,A,6,HUF
OECD.SDD.NAD:DSD_NAMAIN1@DF_QNA_INC_SAV(1.1),Q,N,HUN,S1,S1,B6N,_Z,_Z,_Z,XDC,V,N,T0107,2005-Q4,4982319,,,F,1,A,6,HUF
OECD.SDD.NAD:DSD_NAMAIN1@DF_QNA_INC_SAV(1.1),Q,N,HUN,S1,S1,B6N,_Z,_Z,_Z,XDC,V,N,T0107,2005-Q3,4541892,,,F,1,A,6,HUF
OECD.SDD.NAD:DSD_NAMAIN1@DF_QNA_INC_SAV(1.1),Q,N,HUN,S1,S1,B6N,_Z,_Z,_Z,XDC,V,N,T0107,2005-Q2,4405153,,,F,1,A,6,HUF
OECD.SDD.NAD:DSD_NAMAIN1@DF_QNA_INC_SAV(1.1),Q,N,HUN,S1,S1,B6N,_Z,_Z,_Z,XDC,V,N,T0107,2005-Q1,3622018,,,F,1,A,6,HUF
OECD.SDD.NAD:DSD_NAMAIN1@DF_QNA_INC_SAV(1.1),Q,N,HUN,S1,S1,B6N,_Z,_Z,_Z,XDC,V,N,T0107,2004-Q4,4453220,,,F,1,A,6,HUF
OECD.SDD.NAD:DSD_NAMAIN1@DF_QNA_INC_SAV(1.1),Q,N,HUN,S1,S1,B6N,_Z,_Z,_Z,XDC,V,N,T0107,2004-Q3,4183568,,,F,1,A,6,HUF
OECD.SDD.NAD:DSD_NAMAIN1@DF_QNA_INC_SAV(1.1),Q,N,HUN,S1,S1,B6N,_Z,_Z,_Z,XDC,V,N,T0107,2010-Q2,5224762,,,F,1,A,6,HUF
OECD.SDD.NAD:DSD_NAMAIN1@DF_QNA_INC_SAV(1.1),Q,N,HUN,S1,S1,B6N,_Z,_Z,_Z,XDC,V,N,T0107,2010-Q1,4516349,,,F,1,A,6,HUF
OECD.SDD.NAD:DSD_NAMAIN1@DF_QNA_INC_SAV(1.1),Q,N,HUN,S1,S1,B6N,_Z,_Z,_Z,XDC,V,N,T0107,2009-Q4,5801480,,,F,1,A,6,HUF
OECD.SDD.NAD:DSD_NAMAIN1@DF_QNA_INC_SAV(1.1),Q,N,HUN,S1,S1,B6N,_Z,_Z,_Z,XDC,V,N,T0107,2009-Q3,5110536,,,F,1,A,6,HUF
OECD.SDD.NAD:DSD_NAMAIN1@DF_QNA_INC_SAV(1.1),Q,N,HUN,S1,S1,B6N,_Z,_Z,_Z,XDC,V,N,T0107,2009-Q2,5031924,,,F,1,A,6,HUF
OECD.SDD.NAD:DSD_NAMAIN1@DF_QNA_INC_SAV(1.1),Q,N,HUN,S1,S1,B6N,_Z,_Z,_Z,XDC,V,N,T0107,2009-Q1,4557855,,,F,1,A,6,HUF
OECD.SDD.NAD:DSD_NAMAIN1@DF_QNA_INC_SAV(1.1),Q,N,HUN,S1,S1,B6N,_Z,_Z,_Z,XDC,V,N,T0107,2008-Q4,5576590,,,F,1,A,6,HUF
OECD.SDD.NAD:DSD_NAMAIN1@DF_QNA_INC_SAV(1.1),Q,N,HUN,S1,S1,B6N,_Z,_Z,_Z,XDC,V,N,T0107,2008-Q3,5157154,,,F,1,A,6,HUF
OECD.SDD.NAD:DSD_NAMAIN1@DF_QNA_INC_SAV(1.1),Q,N,HUN,S1,S1,B6N,_Z,_Z,_Z,XDC,V,N,T0107,2008-Q2,5320868,,,F,1,A,6,HUF
OECD.SDD.NAD:DSD_NAMAIN1@DF_QNA_INC_SAV(1.1),Q,N,HUN,S1,S1,B6N,_Z,_Z,_Z,XDC,V,N,T0107,2008-Q1,4793635,,,F,1,A,6,HUF
OECD.SDD.NAD:DSD_NAMAIN1@DF_QNA_INC_SAV(1.1),Q,N,HUN,S1,S1,B6N,_Z,_Z,_Z,XDC,V,N,T0107,2007-Q4,5450835,,,F,1,A,6,HUF
OECD.SDD.NAD:DSD_NAMAIN1@DF_QNA_INC_SAV(1.1),Q,N,HUN,S1,S1,B6N,_Z,_Z,_Z,XDC,V,N,T0107,2007-Q3,4938258,,,F,1,A,6,HUF
OECD.SDD.NAD:DSD_NAMAIN1@DF_QNA_INC_SAV(1.1),Q,N,HUN,S1,S1,B6N,_Z,_Z,_Z,XDC,V,N,T0107,2007-Q2,4759607,,,F,1,A,6,HUF
OECD.SDD.NAD:DSD_NAMAIN1@DF_QNA_INC_SAV(1.1),Q,N,HUN,S1,S1,B6N,_Z,_Z,_Z,XDC,V,N,T0107,2016-Q2,7205668,,,F,1,A,6,HUF
OECD.SDD.NAD:DSD_NAMAIN1@DF_QNA_INC_SAV(1.1),Q,N,HUN,S1,S1,B6N,_Z,_Z,_Z,XDC,V,N,T0107,2001-Q1,2525215,,,F,1,A,6,HUF
OECD.SDD.NAD:DSD_NAMAIN1@DF_QNA_INC_SAV(1.1),Q,N,HUN,S1,S1,B6N,_Z,_Z,_Z,XDC,V,N,T0107,2000-Q4,2880710,,,F,1,A,6,HUF
OECD.SDD.NAD:DSD_NAMAIN1@DF_QNA_INC_SAV(1.1),Q,N,HUN,S1,S1,B6N,_Z,_Z,_Z,XDC,V,N,T0107,2007-Q1,4299430,,,F,1,A,6,HUF
OECD.SDD.NAD:DSD_NAMAIN1@DF_QNA_INC_SAV(1.1),Q,N,HUN,S1,S1,B6N,_Z,_Z,_Z,XDC,V,N,T0107,2006-Q4,5177859,,,F,1,A,6,HUF
OECD.SDD.NAD:DSD_NAMAIN1@DF_QNA_INC_SAV(1.1),Q,N,HUN,S1,S1,B6N,_Z,_Z,_Z,XDC,V,N,T0107,2012-Q1,4803549,,,F,1,A,6,HUF
OECD.SDD.NAD:DSD_NAMAIN1@DF_QNA_INC_SAV(1.1),Q,N,HUN,S1,S1,B6N,_Z,_Z,_Z,XDC,V,N,T0107,2011-Q4,6276617,,,F,1,A,6,HUF
OECD.SDD.NAD:DSD_NAMAIN1@DF_QNA_INC_SAV(1.1),Q,N,HUN,S1,S1,B6N,_Z,_Z,_Z,XDC,V,N,T0107,2011-Q3,5653398,,,F,1,A,6,HUF
OECD.SDD.NAD:DSD_NAMAIN1@DF_QNA_INC_SAV(1.1),Q,N,HUN,S1,S1,B6N,_Z,_Z,_Z,XDC,V,N,T0107,2011-Q2,5311839,,,F,1,A,6,HUF
OECD.SDD.NAD:DSD_NAMAIN1@DF_QNA_INC_SAV(1.1),Q,N,HUN,S1,S1,B6N,_Z,_Z,_Z,XDC,V,N,T0107,2011-Q1,4641835,,,F,1,A,6,HUF
OECD.SDD.NAD:DSD_NAMAIN1@DF_QNA_INC_SAV(1.1),Q,N,HUN,S1,S1,B6N,_Z,_Z,_Z,XDC,V,N,T0107,2010-Q4,5874664,,,F,1,A,6,HUF
OECD.SDD.NAD:DSD_NAMAIN1@DF_QNA_INC_SAV(1.1),Q,N,HUN,S1,S1,B6N,_Z,_Z,_Z,XDC,V,N,T0107,2010-Q3,5499624,,,F,1,A,6,HUF
OECD.SDD.NAD:DSD_NAMAIN1@DF_QNA_INC_SAV(1.1),Q,N,HUN,S1,S1,B6G,_Z,_Z,_Z,XDC,V,N,T0107,2017-Q1,8197140,,,F,1,A,6,HUF
OECD.SDD.NAD:DSD_NAMAIN1@DF_QNA_INC_SAV(1.1),Q,N,HUN,S1,S1,B6G,_Z,_Z,_Z,XDC,V,N,T0107,2016-Q4,9498503,,,F,1,A,6,HUF
OECD.SDD.NAD:DSD_NAMAIN1@DF_QNA_INC_SAV(1.1),Q,N,HUN,S1,S1,B6G,_Z,_Z,_Z,XDC,V,N,T0107,2016-Q3,8950485,,,F,1,A,6,HUF
OECD.SDD.NAD:DSD_NAMAIN1@DF_QNA_INC_SAV(1.1),Q,N,HUN,S1,S1,B6G,_Z,_Z,_Z,XDC,V,N,T0107,2016-Q2,8702103,,,F,1,A,6,HUF
OECD.SDD.NAD:DSD_NAMAIN1@DF_QNA_INC_SAV(1.1),Q,N,HUN,S1,S1,B6G,_Z,_Z,_Z,XDC,V,N,T0107,2016-Q1,7693278,,,F,1,A,6,HUF
OECD.SDD.NAD:DSD_NAMAIN1@DF_QNA_INC_SAV(1.1),Q,N,HUN,S1,S1,B6G,_Z,_Z,_Z,XDC,V,N,T0107,2015-Q4,9204483,,,F,1,A,6,HUF
OECD.SDD.NAD:DSD_NAMAIN1@DF_QNA_INC_SAV(1.1),Q,N,HUN,S1,S1,B6G,_Z,_Z,_Z,XDC,V,N,T0107,2015-Q3,8434523,,,F,1,A,6,HUF
OECD.SDD.NAD:DSD_NAMAIN1@DF_QNA_INC_SAV(1.1),Q,N,HUN,S1,S1,B6G,_Z,_Z,_Z,XDC,V,N,T0107,2015-Q2,8054965,,,F,1,A,6,HUF
OECD.SDD.NAD:DSD_NAMAIN1@DF_QNA_INC_SAV(1.1),Q,N,HUN,S1,S1,B6G,_Z,_Z,_Z,XDC,V,N,T0107,2015-Q1,7278536,,,F,1,A,6,HUF
OECD.SDD.NAD:DSD_NAMAIN1@DF_QNA_INC_SAV(1.1),Q,N,HUN,S1,S1,B6G,_Z,_Z,_Z,XDC,V,N,T0107,2014-Q4,8667063,,,F,1,A,6,HUF
OECD.SDD.NAD:DSD_NAMAIN1@DF_QNA_INC_SAV(1.1),Q,N,HUN,S1,S1,B6G,_Z,_Z,_Z,XDC,V,N,T0107,2014-Q3,8150516,,,F,1,A,6,HUF
OECD.SDD.NAD:DSD_NAMAIN1@DF_QNA_INC_SAV(1.1),Q,N,HUN,S1,S1,B6G,_Z,_Z,_Z,XDC,V,N,T0107,2014-Q2,7620675,,,F,1,A,6,HUF
OECD.SDD.NAD:DSD_NAMAIN1@DF_QNA_INC_SAV(1.1),Q,N,HUN,S1,S1,B6G,_Z,_Z,_Z,XDC,V,N,T0107,2014-Q1,6708461,,,F,1,A,6,HUF
OECD.SDD.NAD:DSD_NAMAIN1@DF_QNA_INC_SAV(1.1),Q,N,HUN,S1,S1,B6G,_Z,_Z,_Z,XDC,V,N,T0107,2013-Q4,8087906,,,F,1,A,6,HUF
OECD.SDD.NAD:DSD_NAMAIN1@DF_QNA_INC_SAV(1.1),Q,N,HUN,S1,S1,B6G,_Z,_Z,_Z,XDC,V,N,T0107,2013-Q3,7549127,,,F,1,A,6,HUF
OECD.SDD.NAD:DSD_NAMAIN1@DF_QNA_INC_SAV(1.1),Q,N,HUN,S1,S1,B6G,_Z,_Z,_Z,XDC,V,N,T0107,2013-Q2,7218347,,,F,1,A,6,HUF
OECD.SDD.NAD:DSD_NAMAIN1@DF_QNA_INC_SAV(1.1),Q,N,HUN,S1,S1,B6N,_Z,_Z,_Z,XDC,V,N,T0107,2014-Q3,6757304,,,F,1,A,6,HUF
OECD.SDD.NAD:DSD_NAMAIN1@DF_QNA_INC_SAV(1.1),Q,N,HUN,S1,S1,B6N,_Z,_Z,_Z,XDC,V,N,T0107,2014-Q2,6229438,,,F,1,A,6,HUF
OECD.SDD.NAD:DSD_NAMAIN1@DF_QNA_INC_SAV(1.1),Q,N,HUN,S1,S1,B6N,_Z,_Z,_Z,XDC,V,N,T0107,2014-Q1,5322097,,,F,1,A,6,HUF
OECD.SDD.NAD:DSD_NAMAIN1@DF_QNA_INC_SAV(1.1),Q,N,HUN,S1,S1,B6N,_Z,_Z,_Z,XDC,V,N,T0107,2013-Q4,6735534,,,F,1,A,6,HUF
OECD.SDD.NAD:DSD_NAMAIN1@DF_QNA_INC_SAV(1.1),Q,N,HUN,S1,S1,B6N,_Z,_Z,_Z,XDC,V,N,T0107,2013-Q3,6197581,,,F,1,A,6,HUF
OECD.SDD.NAD:DSD_NAMAIN1@DF_QNA_INC_SAV(1.1),Q,N,HUN,S1,S1,B6N,_Z,_Z,_Z,XDC,V,N,T0107,2013-Q2,5868394,,,F,1,A,6,HUF
OECD.SDD.NAD:DSD_NAMAIN1@DF_QNA_INC_SAV(1.1),Q,N,HUN,S1,S1,B6N,_Z,_Z,_Z,XDC,V,N,T0107,2013-Q1,5110637,,,F,1,A,6,HUF
OECD.SDD.NAD:DSD_NAMAIN1@DF_QNA_INC_SAV(1.1),Q,N,HUN,S1,S1,B6N,_Z,_Z,_Z,XDC,V,N,T0107,2012-Q4,6169673,,,F,1,A,6,HUF
OECD.SDD.NAD:DSD_NAMAIN1@DF_QNA_INC_SAV(1.1),Q,N,HUN,S1,S1,B6N,_Z,_Z,_Z,XDC,V,N,T0107,2012-Q3,5807826,,,F,1,A,6,HUF
OECD.SDD.NAD:DSD_NAMAIN1@DF_QNA_INC_SAV(1.1),Q,N,HUN,S1,S1,B6N,_Z,_Z,_Z,XDC,V,N,T0107,2012-Q2,5423234,,,F,1,A,6,HUF
OECD.SDD.NAD:DSD_NAMAIN1@DF_QNA_INC_SAV(1.1),Q,N,HUN,S1,S1,B6G,_Z,_Z,_Z,XDC,V,N,T0107,2013-Q1,6457937,,,F,1,A,6,HUF
OECD.SDD.NAD:DSD_NAMAIN1@DF_QNA_INC_SAV(1.1),Q,N,HUN,S1,S1,B6G,_Z,_Z,_Z,XDC,V,N,T0107,2012-Q4,7498985,,,F,1,A,6,HUF
OECD.SDD.NAD:DSD_NAMAIN1@DF_QNA_INC_SAV(1.1),Q,N,HUN,S1,S1,B6G,_Z,_Z,_Z,XDC,V,N,T0107,2012-Q3,7131839,,,F,1,A,6,HUF
OECD.SDD.NAD:DSD_NAMAIN1@DF_QNA_INC_SAV(1.1),Q,N,HUN,S1,S1,B6G,_Z,_Z,_Z,XDC,V,N,T0107,2012-Q2,6742383,,,F,1,A,6,HUF
OECD.SDD.NAD:DSD_NAMAIN1@DF_QNA_INC_SAV(1.1),Q,N,HUN,S1,S1,B6G,_Z,_Z,_Z,XDC,V,N,T0107,2012-Q1,6117062,,,F,1,A,6,HUF
OECD.SDD.NAD:DSD_NAMAIN1@DF_QNA_INC_SAV(1.1),Q,N,HUN,S1,S1,B6G,_Z,_Z,_Z,XDC,V,N,T0107,2024-Q4,22387911,,,F,1,A,6,HUF
OECD.SDD.NAD:DSD_NAMAIN1@DF_QNA_INC_SAV(1.1),Q,N,HUN,S1,S1,B6G,_Z,_Z,_Z,XDC,V,N,T0107,2024-Q3,20723507,,,F,1,A,6,HUF
OECD.SDD.NAD:DSD_NAMAIN1@DF_QNA_INC_SAV(1.1),Q,N,HUN,S1,S1,B6G,_Z,_Z,_Z,XDC,V,N,T0107,2024-Q2,20043600,,,F,1,A,6,HUF
OECD.SDD.NAD:DSD_NAMAIN1@DF_QNA_INC_SAV(1.1),Q,N,HUN,S1,S1,B6G,_Z,_Z,_Z,XDC,V,N,T0107,2024-Q1,16228080,,,F,1,A,6,HUF
OECD.SDD.NAD:DSD_NAMAIN1@DF_QNA_INC_SAV(1.1),Q,N,HUN,S1,S1,B6G,_Z,_Z,_Z,XDC,V,N,T0107,2023-Q4,20020629,,,F,1,A,6,HUF
OECD.SDD.NAD:DSD_NAMAIN1@DF_QNA_INC_SAV(1.1),Q,N,HUN,S1,S1,B6G,_Z,_Z,_Z,XDC,V,N,T0107,2023-Q3,18536905,,,F,1,A,6,HUF
OECD.SDD.NAD:DSD_NAMAIN1@DF_QNA_INC_SAV(1.1),Q,N,HUN,S1,S1,B6G,_Z,_Z,_Z,XDC,V,N,T0107,2023-Q2,17867373,,,F,1,A,6,HUF
OECD.SDD.NAD:DSD_NAMAIN1@DF_QNA_INC_SAV(1.1),Q,N,HUN,S1,S1,B6G,_Z,_Z,_Z,XDC,V,N,T0107,2023-Q1,15710598,,,F,1,A,6,HUF
OECD.SDD.NAD:DSD_NAMAIN1@DF_QNA_INC_SAV(1.1),Q,N,HUN,S1,S1,B6G,_Z,_Z,_Z,XDC,V,N,T0107,2022-Q4,17891340,,,F,1,A,6,HUF
OECD.SDD.NAD:DSD_NAMAIN1@DF_QNA_INC_SAV(1.1),Q,N,HUN,S1,S1,B6G,_Z,_Z,_Z,XDC,V,N,T0107,2022-Q3,16335731,,,F,1,A,6,HUF
OECD.SDD.NAD:DSD_NAMAIN1@DF_QNA_INC_SAV(1.1),Q,N,HUN,S1,S1,B6G,_Z,_Z,_Z,XDC,V,N,T0107,2022-Q2,15817077,,,F,1,A,6,HUF
OECD.SDD.NAD:DSD_NAMAIN1@DF_QNA_INC_SAV(1.1),Q,N,HUN,S1,S1,B6G,_Z,_Z,_Z,XDC,V,N,T0107,2022-Q1,13541326,,,F,1,A,6,HUF
OECD.SDD.NAD:DSD_NAMAIN1@DF_QNA_INC_SAV(1.1),Q,N,HUN,S1,S1,B6G,_Z,_Z,_Z,XDC,V,N,T0107,2021-Q4,15411958,,,F,1,A,6,HUF
OECD.SDD.NAD:DSD_NAMAIN1@DF_QNA_INC_SAV(1.1),Q,N,HUN,S1,S1,B6G,_Z,_Z,_Z,XDC,V,N,T0107,2021-Q3,13637503,,,F,1,A,6,HUF
OECD.SDD.NAD:DSD_NAMAIN1@DF_QNA_INC_SAV(1.1),Q,Y,HUN,S1,S1,B6G,_Z,_Z,_Z,XDC,V,N,T0107,2009-Q2,6249560,,,F,1,A,6,HUF
OECD.SDD.NAD:DSD_NAMAIN1@DF_QNA_INC_SAV(1.1),Q,Y,HUN,S1,S1,B6G,_Z,_Z,_Z,XDC,V,N,T0107,2009-Q1,6285348,,,F,1,A,6,HUF
OECD.SDD.NAD:DSD_NAMAIN1@DF_QNA_INC_SAV(1.1),Q,Y,HUN,S1,S1,B6G,_Z,_Z,_Z,XDC,V,N,T0107,2008-Q4,6211896,,,F,1,A,6,HUF
OECD.SDD.NAD:DSD_NAMAIN1@DF_QNA_INC_SAV(1.1),Q,Y,HUN,S1,S1,B6G,_Z,_Z,_Z,XDC,V,N,T0107,2008-Q3,6201673,,,F,1,A,6,HUF
OECD.SDD.NAD:DSD_NAMAIN1@DF_QNA_INC_SAV(1.1),Q,Y,HUN,S1,S1,B6G,_Z,_Z,_Z,XDC,V,N,T0107,2008-Q2,6398163,,,F,1,A,6,HUF
OECD.SDD.NAD:DSD_NAMAIN1@DF_QNA_INC_SAV(1.1),Q,Y,HUN,S1,S1,B6G,_Z,_Z,_Z,XDC,V,N,T0107,2008-Q1,6438994,,,F,1,A,6,HUF
OECD.SDD.NAD:DSD_NAMAIN1@DF_QNA_INC_SAV(1.1),Q,Y,HUN,S1,S1,B6G,_Z,_Z,_Z,XDC,V,N,T0107,2007-Q4,6076824,,,F,1,A,6,HUF
OECD.SDD.NAD:DSD_NAMAIN1@DF_QNA_INC_SAV(1.1),Q,Y,HUN,S1,S1,B6G,_Z,_Z,_Z,XDC,V,N,T0107,2007-Q3,5941885,,,F,1,A,6,HUF
OECD.SDD.NAD:DSD_NAMAIN1@DF_QNA_INC_SAV(1.1),Q,Y,HUN,S1,S1,B6G,_Z,_Z,_Z,XDC,V,N,T0107,2017-Q2,9282063,,,F,1,A,6,HUF
OECD.SDD.NAD:DSD_NAMAIN1@DF_QNA_INC_SAV(1.1),Q,Y,HUN,S1,S1,B6G,_Z,_Z,_Z,XDC,V,N,T0107,2017-Q1,9040778,,,F,1,A,6,HUF
OECD.SDD.NAD:DSD_NAMAIN1@DF_QNA_INC_SAV(1.1),Q,Y,HUN,S1,S1,B6G,_Z,_Z,_Z,XDC,V,N,T0107,2016-Q4,8797498,,,F,1,A,6,HUF
OECD.SDD.NAD:DSD_NAMAIN1@DF_QNA_INC_SAV(1.1),Q,Y,HUN,S1,S1,B6G,_Z,_Z,_Z,XDC,V,N,T0107,2016-Q3,8734495,,,F,1,A,6,HUF
OECD.SDD.NAD:DSD_NAMAIN1@DF_QNA_INC_SAV(1.1),Q,Y,HUN,S1,S1,B6G,_Z,_Z,_Z,XDC,V,N,T0107,2016-Q2,8674148,,,F,1,A,6,HUF
OECD.SDD.NAD:DSD_NAMAIN1@DF_QNA_INC_SAV(1.1),Q,Y,HUN,S1,S1,B6G,_Z,_Z,_Z,XDC,V,N,T0107,2016-Q1,8585477,,,F,1,A,6,HUF
OECD.SDD.NAD:DSD_NAMAIN1@DF_QNA_INC_SAV(1.1),Q,Y,HUN,S1,S1,B6G,_Z,_Z,_Z,XDC,V,N,T0107,2015-Q4,8465150,,,F,1,A,6,HUF
OECD.SDD.NAD:DSD_NAMAIN1@DF_QNA_INC_SAV(1.1),Q,Y,HUN,S1,S1,B6G,_Z,_Z,_Z,XDC,V,N,T0107,2015-Q3,8247589,,,F,1,A,6,HUF
OECD.SDD.NAD:DSD_NAMAIN1@DF_QNA_INC_SAV(1.1),Q,Y,HUN,S1,S1,B6G,_Z,_Z,_Z,XDC,V,N,T0107,2015-Q2,8127548,,,F,1,A,6,HUF
OECD.SDD.NAD:DSD_NAMAIN1@DF_QNA_INC_SAV(1.1),Q,Y,HUN,S1,S1,B6G,_Z,_Z,_Z,XDC,V,N,T0107,2015-Q1,8094965,,,F,1,A,6,HUF
OECD.SDD.NAD:DSD_NAMAIN1@DF_QNA_INC_SAV(1.1),Q,Y,HUN,S1,S1,B6G,_Z,_Z,_Z,XDC,V,N,T0107,2014-Q4,8000501,,,F,1,A,6,HUF
OECD.SDD.NAD:DSD_NAMAIN1@DF_QNA_INC_SAV(1.1),Q,Y,HUN,S1,S1,B6G,_Z,_Z,_Z,XDC,V,N,T0107,2014-Q3,7957668,,,F,1,A,6,HUF
OECD.SDD.NAD:DSD_NAMAIN1@DF_QNA_INC_SAV(1.1),Q,Y,HUN,S1,S1,B6G,_Z,_Z,_Z,XDC,V,N,T0107,2014-Q2,7709277,,,F,1,A,6,HUF
OECD.SDD.NAD:DSD_NAMAIN1@DF_QNA_INC_SAV(1.1),Q,Y,HUN,S1,S1,B6G,_Z,_Z,_Z,XDC,V,N,T0107,2014-Q1,7479975,,,F,1,A,6,HUF
OECD.SDD.NAD:DSD_NAMAIN1@DF_QNA_INC_SAV(1.1),Q,Y,HUN,S1,S1,B6G,_Z,_Z,_Z,XDC,V,N,T0107,2013-Q4,7497950,,,F,1,A,6,HUF
OECD.SDD.NAD:DSD_NAMAIN1@DF_QNA_INC_SAV(1.1),Q,Y,HUN,S1,S1,B6G,_Z,_Z,_Z,XDC,V,N,T0107,2013-Q3,7361978,,,F,1,A,6,HUF
OECD.SDD.NAD:DSD_NAMAIN1@DF_QNA_INC_SAV(1.1),Q,Y,HUN,S1,S1,B6G,_Z,_Z,_Z,XDC,V,N,T0107,2013-Q2,7298591,,,F,1,A,6,HUF
OECD.SDD.NAD:DSD_NAMAIN1@DF_QNA_INC_SAV(1.1),Q,Y,HUN,S1,S1,B6G,_Z,_Z,_Z,XDC,V,N,T0107,2013-Q1,7215207,,,F,1,A,6,HUF
OECD.SDD.NAD:DSD_NAMAIN1@DF_QNA_INC_SAV(1.1),Q,Y,HUN,S1,S1,B6G,_Z,_Z,_Z,XDC,V,N,T0107,2012-Q4,6937527,,,F,1,A,6,HUF
OECD.SDD.NAD:DSD_NAMAIN1@DF_QNA_INC_SAV(1.1),Q,Y,HUN,S1,S1,B6G,_Z,_Z,_Z,XDC,V,N,T0107,2012-Q3,6986757,,,F,1,A,6,HUF
OECD.SDD.NAD:DSD_NAMAIN1@DF_QNA_INC_SAV(1.1),Q,Y,HUN,S1,S1,B6G,_Z,_Z,_Z,XDC,V,N,T0107,2012-Q2,6824140,,,F,1,A,6,HUF
OECD.SDD.NAD:DSD_NAMAIN1@DF_QNA_INC_SAV(1.1),Q,Y,HUN,S1,S1,B6G,_Z,_Z,_Z,XDC,V,N,T0107,2012-Q1,6795351,,,F,1,A,6,HUF
OECD.SDD.NAD:DSD_NAMAIN1@DF_QNA_INC_SAV(1.1),Q,Y,HUN,S1,S1,B6G,_Z,_Z,_Z,XDC,V,N,T0107,2011-Q4,6955360,,,F,1,A,6,HUF
OECD.SDD.NAD:DSD_NAMAIN1@DF_QNA_INC_SAV(1.1),Q,Y,HUN,S1,S1,B6G,_Z,_Z,_Z,XDC,V,N,T0107,2011-Q3,6756665,,,F,1,A,6,HUF
OECD.SDD.NAD:DSD_NAMAIN1@DF_QNA_INC_SAV(1.1),Q,Y,HUN,S1,S1,B6G,_Z,_Z,_Z,XDC,V,N,T0107,2011-Q2,6642406,,,F,1,A,6,HUF
OECD.SDD.NAD:DSD_NAMAIN1@DF_QNA_INC_SAV(1.1),Q,Y,HUN,S1,S1,B6G,_Z,_Z,_Z,XDC,V,N,T0107,2011-Q1,6571007,,,F,1,A,6,HUF
OECD.SDD.NAD:DSD_NAMAIN1@DF_QNA_INC_SAV(1.1),Q,Y,HUN,S1,S1,B6G,_Z,_Z,_Z,XDC,V,N,T0107,2010-Q4,6522830,,,F,1,A,6,HUF
OECD.SDD.NAD:DSD_NAMAIN1@DF_QNA_INC_SAV(1.1),Q,Y,HUN,S1,S1,B6G,_Z,_Z,_Z,XDC,V,N,T0107,2010-Q3,6617227,,,F,1,A,6,HUF
OECD.SDD.NAD:DSD_NAMAIN1@DF_QNA_INC_SAV(1.1),Q,N,HUN,S1,S1,B6N,_Z,_Z,_Z,XDC,V,N,T0107,2021-Q4,12983343,,,F,1,A,6,HUF
OECD.SDD.NAD:DSD_NAMAIN1@DF_QNA_INC_SAV(1.1),Q,N,HUN,S1,S1,B6N,_Z,_Z,_Z,XDC,V,N,T0107,2021-Q3,11222616,,,F,1,A,6,HUF
OECD.SDD.NAD:DSD_NAMAIN1@DF_QNA_INC_SAV(1.1),Q,N,HUN,S1,S1,B6N,_Z,_Z,_Z,XDC,V,N,T0107,2021-Q2,10711079,,,F,1,A,6,HUF
OECD.SDD.NAD:DSD_NAMAIN1@DF_QNA_INC_SAV(1.1),Q,N,HUN,S1,S1,B6N,_Z,_Z,_Z,XDC,V,N,T0107,2021-Q1,8781106,,,F,1,A,6,HUF
OECD.SDD.NAD:DSD_NAMAIN1@DF_QNA_INC_SAV(1.1),Q,N,HUN,S1,S1,B6N,_Z,_Z,_Z,XDC,V,N,T0107,2020-Q4,11402123,,,F,1,A,6,HUF
OECD.SDD.NAD:DSD_NAMAIN1@DF_QNA_INC_SAV(1.1),Q,N,HUN,S1,S1,B6N,_Z,_Z,_Z,XDC,V,N,T0107,2020-Q3,10198316,,,F,1,A,6,HUF
OECD.SDD.NAD:DSD_NAMAIN1@DF_QNA_INC_SAV(1.1),Q,N,HUN,S1,S1,B6N,_Z,_Z,_Z,XDC,V,N,T0107,2020-Q2,8720950,,,F,1,A,6,HUF
OECD.SDD.NAD:DSD_NAMAIN1@DF_QNA_INC_SAV(1.1),Q,N,HUN,S1,S1,B6N,_Z,_Z,_Z,XDC,V,N,T0107,2016-Q1,6204823,,,F,1,A,6,HUF
OECD.SDD.NAD:DSD_NAMAIN1@DF_QNA_INC_SAV(1.1),Q,N,HUN,S1,S1,B6N,_Z,_Z,_Z,XDC,V,N,T0107,2015-Q4,7751041,,,F,1,A,6,HUF
OECD.SDD.NAD:DSD_NAMAIN1@DF_QNA_INC_SAV(1.1),Q,N,HUN,S1,S1,B6N,_Z,_Z,_Z,XDC,V,N,T0107,2015-Q3,6985024,,,F,1,A,6,HUF
OECD.SDD.NAD:DSD_NAMAIN1@DF_QNA_INC_SAV(1.1),Q,N,HUN,S1,S1,B6N,_Z,_Z,_Z,XDC,V,N,T0107,2015-Q2,6610170,,,F,1,A,6,HUF
OECD.SDD.NAD:DSD_NAMAIN1@DF_QNA_INC_SAV(1.1),Q,N,HUN,S1,S1,B6N,_Z,_Z,_Z,XDC,V,N,T0107,2015-Q1,5838793,,,F,1,A,6,HUF
OECD.SDD.NAD:DSD_NAMAIN1@DF_QNA_INC_SAV(1.1),Q,N,HUN,S1,S1,B6N,_Z,_Z,_Z,XDC,V,N,T0107,2014-Q4,7269271,,,F,1,A,6,HUF
OECD.SDD.NAD:DSD_NAMAIN1@DF_QNA_INC_SAV(1.1),Q,N,HUN,S1,S1,B6N,_Z,_Z,_Z,XDC,V,N,T0107,2004-Q2,4161124,,,F,1,A,6,HUF
OECD.SDD.NAD:DSD_NAMAIN1@DF_QNA_INC_SAV(1.1),Q,N,HUN,S1,S1,B6N,_Z,_Z,_Z,XDC,V,N,T0107,2004-Q1,3593830,,,F,1,A,6,HUF
OECD.SDD.NAD:DSD_NAMAIN1@DF_QNA_INC_SAV(1.1),Q,N,HUN,S1,S1,B6N,_Z,_Z,_Z,XDC,V,N,T0107,2003-Q4,4337195,,,F,1,A,6,HUF
OECD.SDD.NAD:DSD_NAMAIN1@DF_QNA_INC_SAV(1.1),Q,N,HUN,S1,S1,B6N,_Z,_Z,_Z,XDC,V,N,T0107,2020-Q1,8764892,,,F,1,A,6,HUF
OECD.SDD.NAD:DSD_NAMAIN1@DF_QNA_INC_SAV(1.1),Q,N,HUN,S1,S1,B6N,_Z,_Z,_Z,XDC,V,N,T0107,2019-Q4,11122206,,,F,1,A,6,HUF
OECD.SDD.NAD:DSD_NAMAIN1@DF_QNA_INC_SAV(1.1),Q,N,HUN,S1,S1,B6N,_Z,_Z,_Z,XDC,V,N,T0107,2019-Q3,10045271,,,F,1,A,6,HUF
OECD.SDD.NAD:DSD_NAMAIN1@DF_QNA_INC_SAV(1.1),Q,N,HUN,S1,S1,B6N,_Z,_Z,_Z,XDC,V,N,T0107,2019-Q2,9607550,,,F,1,A,6,HUF
OECD.SDD.NAD:DSD_NAMAIN1@DF_QNA_INC_SAV(1.1),Q,N,HUN,S1,S1,B6N,_Z,_Z,_Z,XDC,V,N,T0107,2019-Q1,8201425,,,F,1,A,6,HUF
OECD.SDD.NAD:DSD_NAMAIN1@DF_QNA_INC_SAV(1.1),Q,N,HUN,S1,S1,B6N,_Z,_Z,_Z,XDC,V,N,T0107,2018-Q4,9871994,,,F,1,A,6,HUF
OECD.SDD.NAD:DSD_NAMAIN1@DF_QNA_INC_SAV(1.1),Q,N,HUN,S1,S1,B6N,_Z,_Z,_Z,XDC,V,N,T0107,2018-Q3,9157089,,,F,1,A,6,HUF
OECD.SDD.NAD:DSD_NAMAIN1@DF_QNA_INC_SAV(1.1),Q,N,HUN,S1,S1,B6N,_Z,_Z,_Z,XDC,V,N,T0107,2018-Q2,8547604,,,F,1,A,6,HUF
OECD.SDD.NAD:DSD_NAMAIN1@DF_QNA_INC_SAV(1.1),Q,N,HUN,S1,S1,B6N,_Z,_Z,_Z,XDC,V,N,T0107,2018-Q1,7355261,,,F,1,A,6,HUF
OECD.SDD.NAD:DSD_NAMAIN1@DF_QNA_INC_SAV(1.1),Q,N,HUN,S1,S1,B6N,_Z,_Z,_Z,XDC,V,N,T0107,2017-Q4,8810606,,,F,1,A,6,HUF
OECD.SDD.NAD:DSD_NAMAIN1@DF_QNA_INC_SAV(1.1),Q,N,HUN,S1,S1,B6N,_Z,_Z,_Z,XDC,V,N,T0107,2017-Q3,8004839,,,F,1,A,6,HUF
OECD.SDD.NAD:DSD_NAMAIN1@DF_QNA_INC_SAV(1.1),Q,N,HUN,S1,S1,B6N,_Z,_Z,_Z,XDC,V,N,T0107,2017-Q2,7642941,,,F,1,A,6,HUF
OECD.SDD.NAD:DSD_NAMAIN1@DF_QNA_INC_SAV(1.1),Q,N,HUN,S1,S1,B6N,_Z,_Z,_Z,XDC,V,N,T0107,2017-Q1,6610912,,,F,1,A,6,HUF
OECD.SDD.NAD:DSD_NAMAIN1@DF_QNA_INC_SAV(1.1),Q,N,HUN,S1,S1,B6N,_Z,_Z,_Z,XDC,V,N,T0107,2016-Q4,7989676,,,F,1,A,6,HUF
OECD.SDD.NAD:DSD_NAMAIN1@DF_QNA_INC_SAV(1.1),Q,N,HUN,S1,S1,B6N,_Z,_Z,_Z,XDC,V,N,T0107,2016-Q3,7451983,,,F,1,A,6,HUF
OECD.SDD.NAD:DSD_NAMAIN1@DF_QNA_INC_SAV(1.1),Q,N,HUN,S1,S1,B6N,_Z,_Z,_Z,XDC,V,N,T0107,2000-Q3,2640779,,,F,1,A,6,HUF
OECD.SDD.NAD:DSD_NAMAIN1@DF_QNA_INC_SAV(1.1),Q,N,HUN,S1,S1,B6N,_Z,_Z,_Z,XDC,V,N,T0107,2000-Q2,2461382,,,F,1,A,6,HUF
OECD.SDD.NAD:DSD_NAMAIN1@DF_QNA_INC_SAV(1.1),Q,N,HUN,S1,S1,B6N,_Z,_Z,_Z,XDC,V,N,T0107,2000-Q1,2151036,,,F,1,A,6,HUF
OECD.SDD.NAD:DSD_NAMAIN1@DF_QNA_INC_SAV(1.1),Q,N,HUN,S1,S1,B6N,_Z,_Z,_Z,XDC,V,N,T0107,2003-Q3,3845397,,,F,1,A,6,HUF
OECD.SDD.NAD:DSD_NAMAIN1@DF_QNA_INC_SAV(1.1),Q,N,HUN,S1,S1,B6N,_Z,_Z,_Z,XDC,V,N,T0107,2003-Q2,3675789,,,F,1,A,6,HUF
OECD.SDD.NAD:DSD_NAMAIN1@DF_QNA_INC_SAV(1.1),Q,N,HUN,S1,S1,B6N,_Z,_Z,_Z,XDC,V,N,T0107,2003-Q1,3166916,,,F,1,A,6,HUF
OECD.SDD.NAD:DSD_NAMAIN1@DF_QNA_INC_SAV(1.1),Q,N,HUN,S1,S1,B6N,_Z,_Z,_Z,XDC,V,N,T0107,2002-Q4,3774749,,,F,1,A,6,HUF
OECD.SDD.NAD:DSD_NAMAIN1@DF_QNA_INC_SAV(1.1),Q,N,HUN,S1,S1,B6N,_Z,_Z,_Z,XDC,V,N,T0107,2002-Q3,3495518,,,F,1,A,6,HUF
OECD.SDD.NAD:DSD_NAMAIN1@DF_QNA_INC_SAV(1.1),Q,N,HUN,S1,S1,B6N,_Z,_Z,_Z,XDC,V,N,T0107,2002-Q2,3340460,,,F,1,A,6,HUF
OECD.SDD.NAD:DSD_NAMAIN1@DF_QNA_INC_SAV(1.1),Q,N,HUN,S1,S1,B6N,_Z,_Z,_Z,XDC,V,N,T0107,2002-Q1,3005335,,,F,1,A,6,HUF
OECD.SDD.NAD:DSD_NAMAIN1@DF_QNA_INC_SAV(1.1),Q,N,HUN,S1,S1,B6N,_Z,_Z,_Z,XDC,V,N,T0107,2001-Q4,3231754,,,F,1,A,6,HUF
OECD.SDD.NAD:DSD_NAMAIN1@DF_QNA_INC_SAV(1.1),Q,N,HUN,S1,S1,B6N,_Z,_Z,_Z,XDC,V,N,T0107,2001-Q3,3077469,,,F,1,A,6,HUF
OECD.SDD.NAD:DSD_NAMAIN1@DF_QNA_INC_SAV(1.1),Q,N,HUN,S1,S1,B6N,_Z,_Z,_Z,XDC,V,N,T0107,2001-Q2,2992512,,,F,1,A,6,HUF
OECD.SDD.NAD:DSD_NAMAIN1@DF_QNA_INC_SAV(1.1),Q,N,HUN,S1,S1,B6N,_Z,_Z,_Z,XDC,V,N,T0107,2006-Q3,4924843,,,F,1,A,6,HUF
OECD.SDD.NAD:DSD_NAMAIN1@DF_QNA_INC_SAV(1.1),Q,N,HUN,S1,S1,B6N,_Z,_Z,_Z,XDC,V,N,T0107,2006-Q2,4715339,,,F,1,A,6,HUF
OECD.SDD.NAD:DSD_NAMAIN1@DF_QNA_INC_SAV(1.1),Q,N,HUN,S1,S1,B6N,_Z,_Z,_Z,XDC,V,N,T0107,2006-Q1,3969154,,,F,1,A,6,HUF
OECD.SDD.NAD:DSD_NAMAIN1@DF_QNA_INC_SAV(1.1),Q,N,HUN,S1,S1,B6N,_Z,_Z,_Z,XDC,V,N,T0107,2023-Q2,14364486,,,F,1,P,6,HUF
OECD.SDD.NAD:DSD_NAMAIN1@DF_QNA_INC_SAV(1.1),Q,N,HUN,S1,S1,B6N,_Z,_Z,_Z,XDC,V,N,T0107,2023-Q1,12204436,,,F,1,P,6,HUF
OECD.SDD.NAD:DSD_NAMAIN1@DF_QNA_INC_SAV(1.1),Q,N,HUN,S1,S1,B6N,_Z,_Z,_Z,XDC,V,N,T0107,2022-Q4,14846203,,,F,1,P,6,HUF
OECD.SDD.NAD:DSD_NAMAIN1@DF_QNA_INC_SAV(1.1),Q,N,HUN,S1,S1,B6N,_Z,_Z,_Z,XDC,V,N,T0107,2022-Q3,13315916,,,F,1,P,6,HUF
OECD.SDD.NAD:DSD_NAMAIN1@DF_QNA_INC_SAV(1.1),Q,N,HUN,S1,S1,B6N,_Z,_Z,_Z,XDC,V,N,T0107,2022-Q2,12814396,,,F,1,P,6,HUF
OECD.SDD.NAD:DSD_NAMAIN1@DF_QNA_INC_SAV(1.1),Q,N,HUN,S1,S1,B6N,_Z,_Z,_Z,XDC,V,N,T0107,2022-Q1,10542155,,,F,1,P,6,HUF
OECD.SDD.NAD:DSD_NAMAIN1@DF_QNA_INC_SAV(1.1),Q,Y,HUN,S1,S1,B6G,_Z,_Z,_Z,XDC,V,N,T0107,2020-Q3,12141334,,,F,1,A,6,HUF
OECD.SDD.NAD:DSD_NAMAIN1@DF_QNA_INC_SAV(1.1),Q,Y,HUN,S1,S1,B6G,_Z,_Z,_Z,XDC,V,N,T0107,2020-Q2,10806171,,,F,1,A,6,HUF
OECD.SDD.NAD:DSD_NAMAIN1@DF_QNA_INC_SAV(1.1),Q,N,HUN,S1,S1,B6G,_Z,_Z,_Z,XDC,V,N,T0107,2025-Q2,21367069,,,F,1,P,6,HUF
OECD.SDD.NAD:DSD_NAMAIN1@DF_QNA_INC_SAV(1.1),Q,N,HUN,S1,S1,B6G,_Z,_Z,_Z,XDC,V,N,T0107,2025-Q1,17325293,,,F,1,P,6,HUF
OECD.SDD.NAD:DSD_NAMAIN1@DF_QNA_INC_SAV(1.1),Q,N,HUN,S1,S1,B6G,_Z,_Z,_Z,XDC,V,N,T0107,2026-Q1,19155405,,,F,1,P,6,HUF
OECD.SDD.NAD:DSD_NAMAIN1@DF_QNA_INC_SAV(1.1),Q,N,HUN,S1,S1,B6G,_Z,_Z,_Z,XDC,V,N,T0107,2025-Q4,24037162,,,F,1,P,6,HUF
OECD.SDD.NAD:DSD_NAMAIN1@DF_QNA_INC_SAV(1.1),Q,N,HUN,S1,S1,B6G,_Z,_Z,_Z,XDC,V,N,T0107,2025-Q3,21925616,,,F,1,P,6,HUF
OECD.SDD.NAD:DSD_NAMAIN1@DF_QNA_INC_SAV(1.1),Q,Y,HUN,S1,S1,B6G,_Z,_Z,_Z,XDC,V,N,T0107,2022-Q4,16550779,,,F,1,A,6,HUF
OECD.SDD.NAD:DSD_NAMAIN1@DF_QNA_INC_SAV(1.1),Q,Y,HUN,S1,S1,B6G,_Z,_Z,_Z,XDC,V,N,T0107,2022-Q3,16062630,,,F,1,A,6,HUF
OECD.SDD.NAD:DSD_NAMAIN1@DF_QNA_INC_SAV(1.1),Q,Y,HUN,S1,S1,B6G,_Z,_Z,_Z,XDC,V,N,T0107,2022-Q2,15646728,,,F,1,A,6,HUF
OECD.SDD.NAD:DSD_NAMAIN1@DF_QNA_INC_SAV(1.1),Q,Y,HUN,S1,S1,B6G,_Z,_Z,_Z,XDC,V,N,T0107,2022-Q1,15198324,,,F,1,A,6,HUF
OECD.SDD.NAD:DSD_NAMAIN1@DF_QNA_INC_SAV(1.1),Q,Y,HUN,S1,S1,B6G,_Z,_Z,_Z,XDC,V,N,T0107,2021-Q4,14156157,,,F,1,A,6,HUF
OECD.SDD.NAD:DSD_NAMAIN1@DF_QNA_INC_SAV(1.1),Q,Y,HUN,S1,S1,B6G,_Z,_Z,_Z,XDC,V,N,T0107,2021-Q3,13493958,,,F,1,A,6,HUF
OECD.SDD.NAD:DSD_NAMAIN1@DF_QNA_INC_SAV(1.1),Q,Y,HUN,S1,S1,B6G,_Z,_Z,_Z,XDC,V,N,T0107,2021-Q2,13028522,,,F,1,A,6,HUF
OECD.SDD.NAD:DSD_NAMAIN1@DF_QNA_INC_SAV(1.1),Q,Y,HUN,S1,S1,B6G,_Z,_Z,_Z,XDC,V,N,T0107,2021-Q1,12549153,,,F,1,A,6,HUF
OECD.SDD.NAD:DSD_NAMAIN1@DF_QNA_INC_SAV(1.1),Q,Y,HUN,S1,S1,B6G,_Z,_Z,_Z,XDC,V,N,T0107,2017-Q3,9425733,,,F,1,A,6,HUF
OECD.SDD.NAD:DSD_NAMAIN1@DF_QNA_INC_SAV(1.1),Q,Y,HUN,S1,S1,B6G,_Z,_Z,_Z,XDC,V,N,T0107,2025-Q3,21433355,,,F,1,A,6,HUF
OECD.SDD.NAD:DSD_NAMAIN1@DF_QNA_INC_SAV(1.1),Q,Y,HUN,S1,S1,B6G,_Z,_Z,_Z,XDC,V,N,T0107,2025-Q2,21109052,,,F,1,A,6,HUF
OECD.SDD.NAD:DSD_NAMAIN1@DF_QNA_INC_SAV(1.1),Q,Y,HUN,S1,S1,B6G,_Z,_Z,_Z,XDC,V,N,T0107,2025-Q1,20146166,,,F,1,A,6,HUF
OECD.SDD.NAD:DSD_NAMAIN1@DF_QNA_INC_SAV(1.1),Q,Y,HUN,S1,S1,B6G,_Z,_Z,_Z,XDC,V,N,T0107,2024-Q4,20638094,,,F,1,A,6,HUF
OECD.SDD.NAD:DSD_NAMAIN1@DF_QNA_INC_SAV(1.1),Q,Y,HUN,S1,S1,B6G,_Z,_Z,_Z,XDC,V,N,T0107,2024-Q3,20307023,,,F,1,A,6,HUF
OECD.SDD.NAD:DSD_NAMAIN1@DF_QNA_INC_SAV(1.1),Q,Y,HUN,S1,S1,B6G,_Z,_Z,_Z,XDC,V,N,T0107,2024-Q2,19758060,,,F,1,A,6,HUF
OECD.SDD.NAD:DSD_NAMAIN1@DF_QNA_INC_SAV(1.1),Q,Y,HUN,S1,S1,B6G,_Z,_Z,_Z,XDC,V,N,T0107,2024-Q1,18812953,,,F,1,A,6,HUF
OECD.SDD.NAD:DSD_NAMAIN1@DF_QNA_INC_SAV(1.1),Q,Y,HUN,S1,S1,B6G,_Z,_Z,_Z,XDC,V,N,T0107,2023-Q4,18613993,,,F,1,A,6,HUF
OECD.SDD.NAD:DSD_NAMAIN1@DF_QNA_INC_SAV(1.1),Q,Y,HUN,S1,S1,B6G,_Z,_Z,_Z,XDC,V,N,T0107,2023-Q3,18217867,,,F,1,A,6,HUF
OECD.SDD.NAD:DSD_NAMAIN1@DF_QNA_INC_SAV(1.1),Q,Y,HUN,S1,S1,B6G,_Z,_Z,_Z,XDC,V,N,T0107,2023-Q2,17690866,,,F,1,A,6,HUF
OECD.SDD.NAD:DSD_NAMAIN1@DF_QNA_INC_SAV(1.1),Q,Y,HUN,S1,S1,B6G,_Z,_Z,_Z,XDC,V,N,T0107,2023-Q1,17718265,,,F,1,A,6,HUF
OECD.SDD.NAD:DSD_NAMAIN1@DF_QNA_INC_SAV(1.1),Q,Y,HUN,S1,S1,B6G,_Z,_Z,_Z,XDC,V,N,T0107,2026-Q1,22311874,,,F,1,A,6,HUF
OECD.SDD.NAD:DSD_NAMAIN1@DF_QNA_INC_SAV(1.1),Q,Y,HUN,S1,S1,B6G,_Z,_Z,_Z,XDC,V,N,T0107,2025-Q4,21975986,,,F,1,A,6,HUF
OECD.SDD.NAD:DSD_NAMAIN1@DF_QNA_INC_SAV(1.1),Q,Y,HUN,S1,S1,B6G,_Z,_Z,_Z,XDC,V,N,T0107,2017-Q4,9737490,,,F,1,A,6,HUF
OECD.SDD.NAD:DSD_NAMAIN1@DF_QNA_INC_SAV(1.1),Q,Y,HUN,S1,S1,B6G,_Z,_Z,_Z,XDC,V,N,T0107,2006-Q2,5654150,,,F,1,A,6,HUF
OECD.SDD.NAD:DSD_NAMAIN1@DF_QNA_INC_SAV(1.1),Q,Y,HUN,S1,S1,B6G,_Z,_Z,_Z,XDC,V,N,T0107,2006-Q1,5457316,,,F,1,A,6,HUF
OECD.SDD.NAD:DSD_NAMAIN1@DF_QNA_INC_SAV(1.1),Q,Y,HUN,S1,S1,B6G,_Z,_Z,_Z,XDC,V,N,T0107,2005-Q4,5494505,,,F,1,A,6,HUF
OECD.SDD.NAD:DSD_NAMAIN1@DF_QNA_INC_SAV(1.1),Q,Y,HUN,S1,S1,B6G,_Z,_Z,_Z,XDC,V,N,T0107,2005-Q3,5334691,,,F,1,A,6,HUF
OECD.SDD.NAD:DSD_NAMAIN1@DF_QNA_INC_SAV(1.1),Q,Y,HUN,S1,S1,B6G,_Z,_Z,_Z,XDC,V,N,T0107,2005-Q2,5228542,,,F,1,A,6,HUF
OECD.SDD.NAD:DSD_NAMAIN1@DF_QNA_INC_SAV(1.1),Q,Y,HUN,S1,S1,B6G,_Z,_Z,_Z,XDC,V,N,T0107,2005-Q1,4985446,,,F,1,A,6,HUF
OECD.SDD.NAD:DSD_NAMAIN1@DF_QNA_INC_SAV(1.1),Q,Y,HUN,S1,S1,B6G,_Z,_Z,_Z,XDC,V,N,T0107,2004-Q4,4922852,,,F,1,A,6,HUF
OECD.SDD.NAD:DSD_NAMAIN1@DF_QNA_INC_SAV(1.1),Q,Y,HUN,S1,S1,B6G,_Z,_Z,_Z,XDC,V,N,T0107,2004-Q3,4950518,,,F,1,A,6,HUF
OECD.SDD.NAD:DSD_NAMAIN1@DF_QNA_INC_SAV(1.1),Q,Y,HUN,S1,S1,B6G,_Z,_Z,_Z,XDC,V,N,T0107,2004-Q2,4943227,,,F,1,A,6,HUF
OECD.SDD.NAD:DSD_NAMAIN1@DF_QNA_INC_SAV(1.1),Q,Y,HUN,S1,S1,B6G,_Z,_Z,_Z,XDC,V,N,T0107,2004-Q1,4861286,,,F,1,A,6,HUF
OECD.SDD.NAD:DSD_NAMAIN1@DF_QNA_INC_SAV(1.1),Q,Y,HUN,S1,S1,B6G,_Z,_Z,_Z,XDC,V,N,T0107,2003-Q4,4819622,,,F,1,A,6,HUF
OECD.SDD.NAD:DSD_NAMAIN1@DF_QNA_INC_SAV(1.1),Q,Y,HUN,S1,S1,B6G,_Z,_Z,_Z,XDC,V,N,T0107,2003-Q3,4581823,,,F,1,A,6,HUF
OECD.SDD.NAD:DSD_NAMAIN1@DF_QNA_INC_SAV(1.1),Q,Y,HUN,S1,S1,B6G,_Z,_Z,_Z,XDC,V,N,T0107,2003-Q2,4452083,,,F,1,A,6,HUF
OECD.SDD.NAD:DSD_NAMAIN1@DF_QNA_INC_SAV(1.1),Q,Y,HUN,S1,S1,B6G,_Z,_Z,_Z,XDC,V,N,T0107,2003-Q1,4312188,,,F,1,A,6,HUF
OECD.SDD.NAD:DSD_NAMAIN1@DF_QNA_INC_SAV(1.1),Q,Y,HUN,S1,S1,B6G,_Z,_Z,_Z,XDC,V,N,T0107,2002-Q4,4285015,,,F,1,A,6,HUF
OECD.SDD.NAD:DSD_NAMAIN1@DF_QNA_INC_SAV(1.1),Q,Y,HUN,S1,S1,B6G,_Z,_Z,_Z,XDC,V,N,T0107,2002-Q3,4182567,,,F,1,A,6,HUF
OECD.SDD.NAD:DSD_NAMAIN1@DF_QNA_INC_SAV(1.1),Q,Y,HUN,S1,S1,B6G,_Z,_Z,_Z,XDC,V,N,T0107,2002-Q2,4060096,,,F,1,A,6,HUF
OECD.SDD.NAD:DSD_NAMAIN1@DF_QNA_INC_SAV(1.1),Q,Y,HUN,S1,S1,B6G,_Z,_Z,_Z,XDC,V,N,T0107,2002-Q1,4068021,,,F,1,A,6,HUF
OECD.SDD.NAD:DSD_NAMAIN1@DF_QNA_INC_SAV(1.1),Q,Y,HUN,S1,S1,B6G,_Z,_Z,_Z,XDC,V,N,T0107,2001-Q4,3750033,,,F,1,A,6,HUF
OECD.SDD.NAD:DSD_NAMAIN1@DF_QNA_INC_SAV(1.1),Q,Y,HUN,S1,S1,B6G,_Z,_Z,_Z,XDC,V,N,T0107,2001-Q3,3747503,,,F,1,A,6,HUF
OECD.SDD.NAD:DSD_NAMAIN1@DF_QNA_INC_SAV(1.1),Q,Y,HUN,S1,S1,B6G,_Z,_Z,_Z,XDC,V,N,T0107,2001-Q2,3676900,,,F,1,A,6,HUF
OECD.SDD.NAD:DSD_NAMAIN1@DF_QNA_INC_SAV(1.1),Q,Y,HUN,S1,S1,B6G,_Z,_Z,_Z,XDC,V,N,T0107,2001-Q1,3480030,,,F,1,A,6,HUF
OECD.SDD.NAD:DSD_NAMAIN1@DF_QNA_INC_SAV(1.1),Q,Y,HUN,S1,S1,B6G,_Z,_Z,_Z,XDC,V,N,T0107,2000-Q4,3366603,,,F,1,A,6,HUF
OECD.SDD.NAD:DSD_NAMAIN1@DF_QNA_INC_SAV(1.1),Q,Y,HUN,S1,S1,B6G,_Z,_Z,_Z,XDC,V,N,T0107,2000-Q3,3239110,,,F,1,A,6,HUF
OECD.SDD.NAD:DSD_NAMAIN1@DF_QNA_INC_SAV(1.1),Q,Y,HUN,S1,S1,B6G,_Z,_Z,_Z,XDC,V,N,T0107,2000-Q2,3092659,,,F,1,A,6,HUF
OECD.SDD.NAD:DSD_NAMAIN1@DF_QNA_INC_SAV(1.1),Q,Y,HUN,S1,S1,B6G,_Z,_Z,_Z,XDC,V,N,T0107,2000-Q1,3000044,,,F,1,A,6,HUF
OECD.SDD.NAD:DSD_NAMAIN1@DF_QNA_INC_SAV(1.1),Q,Y,HUN,S1,S1,B6G,_Z,_Z,_Z,XDC,V,N,T0107,2007-Q2,5780572,,,F,1,A,6,HUF
OECD.SDD.NAD:DSD_NAMAIN1@DF_QNA_INC_SAV(1.1),Q,Y,HUN,S1,S1,B6G,_Z,_Z,_Z,XDC,V,N,T0107,2007-Q1,5827734,,,F,1,A,6,HUF
OECD.SDD.NAD:DSD_NAMAIN1@DF_QNA_INC_SAV(1.1),Q,Y,HUN,S1,S1,B6G,_Z,_Z,_Z,XDC,V,N,T0107,2006-Q4,5789382,,,F,1,A,6,HUF
OECD.SDD.NAD:DSD_NAMAIN1@DF_QNA_INC_SAV(1.1),Q,Y,HUN,S1,S1,B6G,_Z,_Z,_Z,XDC,V,N,T0107,2006-Q3,5790257,,,F,1,A,6,HUF
OECD.SDD.NAD:DSD_NAMAIN1@DF_QNA_INC_SAV(1.1),Q,Y,HUN,S1,S1,B6G,_Z,_Z,_Z,XDC,V,N,T0107,2010-Q2,6484751,,,F,1,A,6,HUF
OECD.SDD.NAD:DSD_NAMAIN1@DF_QNA_INC_SAV(1.1),Q,Y,HUN,S1,S1,B6G,_Z,_Z,_Z,XDC,V,N,T0107,2018-Q2,10257337,,,F,1,A,6,HUF
OECD.SDD.NAD:DSD_NAMAIN1@DF_QNA_INC_SAV(1.1),Q,Y,HUN,S1,S1,B6G,_Z,_Z,_Z,XDC,V,N,T0107,2018-Q1,10084985,,,F,1,A,6,HUF
OECD.SDD.NAD:DSD_NAMAIN1@DF_QNA_INC_SAV(1.1),Q,Y,HUN,S1,S1,B6G,_Z,_Z,_Z,XDC,V,N,T0107,2020-Q1,12074897,,,F,1,A,6,HUF
OECD.SDD.NAD:DSD_NAMAIN1@DF_QNA_INC_SAV(1.1),Q,Y,HUN,S1,S1,B6G,_Z,_Z,_Z,XDC,V,N,T0107,2019-Q4,12082498,,,F,1,A,6,HUF
OECD.SDD.NAD:DSD_NAMAIN1@DF_QNA_INC_SAV(1.1),Q,Y,HUN,S1,S1,B6G,_Z,_Z,_Z,XDC,V,N,T0107,2019-Q3,11760546,,,F,1,A,6,HUF
OECD.SDD.NAD:DSD_NAMAIN1@DF_QNA_INC_SAV(1.1),Q,Y,HUN,S1,S1,B6G,_Z,_Z,_Z,XDC,V,N,T0107,2019-Q2,11523088,,,F,1,A,6,HUF
OECD.SDD.NAD:DSD_NAMAIN1@DF_QNA_INC_SAV(1.1),Q,Y,HUN,S1,S1,B6G,_Z,_Z,_Z,XDC,V,N,T0107,2019-Q1,11249414,,,F,1,A,6,HUF
OECD.SDD.NAD:DSD_NAMAIN1@DF_QNA_INC_SAV(1.1),Q,Y,HUN,S1,S1,B6G,_Z,_Z,_Z,XDC,V,N,T0107,2018-Q4,10792197,,,F,1,A,6,HUF
OECD.SDD.NAD:DSD_NAMAIN1@DF_QNA_INC_SAV(1.1),Q,Y,HUN,S1,S1,B6G,_Z,_Z,_Z,XDC,V,N,T0107,2018-Q3,10728458,,,F,1,A,6,HUF
OECD.SDD.NAD:DSD_NAMAIN1@DF_QNA_INC_SAV(1.1),Q,Y,HUN,S1,S1,B6G,_Z,_Z,_Z,XDC,V,N,T0107,2010-Q1,6359242,,,F,1,A,6,HUF
OECD.SDD.NAD:DSD_NAMAIN1@DF_QNA_INC_SAV(1.1),Q,Y,ISR,S1,S1,B6N,_Z,_Z,_Z,XDC,V,N,T0107,2009-Q1,173756.1,,,F,1,A,6,ILS
OECD.SDD.NAD:DSD_NAMAIN1@DF_QNA_INC_SAV(1.1),Q,N,ISR,S1,S1,B6N,_Z,_Z,_Z,XDC,V,N,T0107,2010-Q4,194603.9,,,F,1,A,6,ILS
OECD.SDD.NAD:DSD_NAMAIN1@DF_QNA_INC_SAV(1.1),Q,Y,ISR,S1,S1,B6N,_Z,_Z,_Z,XDC,V,N,T0107,2018-Q2,290755.9,,,F,1,A,6,ILS
OECD.SDD.NAD:DSD_NAMAIN1@DF_QNA_INC_SAV(1.1),Q,Y,ISR,S1,S1,B6N,_Z,_Z,_Z,XDC,V,N,T0107,2018-Q1,289119.3,,,F,1,A,6,ILS
OECD.SDD.NAD:DSD_NAMAIN1@DF_QNA_INC_SAV(1.1),Q,N,ISR,S1,S1,B6N,_Z,_Z,_Z,XDC,V,N,T0107,2001-Q3,121515.4,,,F,1,A,6,ILS
OECD.SDD.NAD:DSD_NAMAIN1@DF_QNA_INC_SAV(1.1),Q,N,ISR,S1,S1,B6N,_Z,_Z,_Z,XDC,V,N,T0107,2000-Q2,115252.2,,,F,1,A,6,ILS
OECD.SDD.NAD:DSD_NAMAIN1@DF_QNA_INC_SAV(1.1),Q,N,ISR,S1,S1,B6N,_Z,_Z,_Z,XDC,V,N,T0107,2013-Q4,241066.9,,,F,1,A,6,ILS
OECD.SDD.NAD:DSD_NAMAIN1@DF_QNA_INC_SAV(1.1),Q,N,ISR,S1,S1,B6N,_Z,_Z,_Z,XDC,V,N,T0107,2013-Q3,232077.1,,,F,1,A,6,ILS
OECD.SDD.NAD:DSD_NAMAIN1@DF_QNA_INC_SAV(1.1),Q,N,ISR,S1,S1,B6N,_Z,_Z,_Z,XDC,V,N,T0107,2012-Q2,212611.7,,,F,1,A,6,ILS
OECD.SDD.NAD:DSD_NAMAIN1@DF_QNA_INC_SAV(1.1),Q,N,ISR,S1,S1,B6N,_Z,_Z,_Z,XDC,V,N,T0107,2011-Q4,215575.1,,,F,1,A,6,ILS
OECD.SDD.NAD:DSD_NAMAIN1@DF_QNA_INC_SAV(1.1),Q,N,ISR,S1,S1,B6N,_Z,_Z,_Z,XDC,V,N,T0107,2011-Q3,209112.8,,,F,1,A,6,ILS
OECD.SDD.NAD:DSD_NAMAIN1@DF_QNA_INC_SAV(1.1),Q,N,ISR,S1,S1,B6N,_Z,_Z,_Z,XDC,V,N,T0107,2011-Q1,200303.3,,,F,1,A,6,ILS
OECD.SDD.NAD:DSD_NAMAIN1@DF_QNA_INC_SAV(1.1),Q,N,ISR,S1,S1,B6N,_Z,_Z,_Z,XDC,V,N,T0107,2009-Q1,172109.9,,,F,1,A,6,ILS
OECD.SDD.NAD:DSD_NAMAIN1@DF_QNA_INC_SAV(1.1),Q,N,ISR,S1,S1,B6N,_Z,_Z,_Z,XDC,V,N,T0107,2008-Q3,172121.2,,,F,1,A,6,ILS
OECD.SDD.NAD:DSD_NAMAIN1@DF_QNA_INC_SAV(1.1),Q,N,ISR,S1,S1,B6N,_Z,_Z,_Z,XDC,V,N,T0107,2008-Q2,164787.3,,,F,1,A,6,ILS
OECD.SDD.NAD:DSD_NAMAIN1@DF_QNA_INC_SAV(1.1),Q,N,ISR,S1,S1,B6N,_Z,_Z,_Z,XDC,V,N,T0107,2007-Q4,167425.7,,,F,1,A,6,ILS
OECD.SDD.NAD:DSD_NAMAIN1@DF_QNA_INC_SAV(1.1),Q,N,ISR,S1,S1,B6N,_Z,_Z,_Z,XDC,V,N,T0107,2007-Q2,168083.9,,,F,1,A,6,ILS
OECD.SDD.NAD:DSD_NAMAIN1@DF_QNA_INC_SAV(1.1),Q,N,ISR,S1,S1,B6N,_Z,_Z,_Z,XDC,V,N,T0107,2006-Q3,154260.2,,,F,1,A,6,ILS
OECD.SDD.NAD:DSD_NAMAIN1@DF_QNA_INC_SAV(1.1),Q,N,ISR,S1,S1,B6N,_Z,_Z,_Z,XDC,V,N,T0107,2013-Q1,220295.7,,,F,1,A,6,ILS
OECD.SDD.NAD:DSD_NAMAIN1@DF_QNA_INC_SAV(1.1),Q,N,ISR,S1,S1,B6N,_Z,_Z,_Z,XDC,V,N,T0107,2012-Q4,216964,,,F,1,A,6,ILS
OECD.SDD.NAD:DSD_NAMAIN1@DF_QNA_INC_SAV(1.1),Q,N,ISR,S1,S1,B6N,_Z,_Z,_Z,XDC,V,N,T0107,2009-Q4,180948.6,,,F,1,A,6,ILS
OECD.SDD.NAD:DSD_NAMAIN1@DF_QNA_INC_SAV(1.1),Q,N,ISR,S1,S1,B6N,_Z,_Z,_Z,XDC,V,N,T0107,2010-Q2,194366.4,,,F,1,A,6,ILS
OECD.SDD.NAD:DSD_NAMAIN1@DF_QNA_INC_SAV(1.1),Q,N,ISR,S1,S1,B6N,_Z,_Z,_Z,XDC,V,N,T0107,2006-Q2,152767.9,,,F,1,A,6,ILS
OECD.SDD.NAD:DSD_NAMAIN1@DF_QNA_INC_SAV(1.1),Q,N,ISR,S1,S1,B6N,_Z,_Z,_Z,XDC,V,N,T0107,2005-Q3,144256.3,,,F,1,A,6,ILS
OECD.SDD.NAD:DSD_NAMAIN1@DF_QNA_INC_SAV(1.1),Q,N,ISR,S1,S1,B6N,_Z,_Z,_Z,XDC,V,N,T0107,2005-Q2,137808.2,,,F,1,A,6,ILS
OECD.SDD.NAD:DSD_NAMAIN1@DF_QNA_INC_SAV(1.1),Q,N,ISR,S1,S1,B6N,_Z,_Z,_Z,XDC,V,N,T0107,2005-Q1,133202.4,,,F,1,A,6,ILS
OECD.SDD.NAD:DSD_NAMAIN1@DF_QNA_INC_SAV(1.1),Q,N,ISR,S1,S1,B6N,_Z,_Z,_Z,XDC,V,N,T0107,2003-Q4,124052.1,,,F,1,A,6,ILS
OECD.SDD.NAD:DSD_NAMAIN1@DF_QNA_INC_SAV(1.1),Q,N,ISR,S1,S1,B6N,_Z,_Z,_Z,XDC,V,N,T0107,2003-Q3,126478.8,,,F,1,A,6,ILS
OECD.SDD.NAD:DSD_NAMAIN1@DF_QNA_INC_SAV(1.1),Q,N,ISR,S1,S1,B6N,_Z,_Z,_Z,XDC,V,N,T0107,2002-Q2,124596.3,,,F,1,A,6,ILS
OECD.SDD.NAD:DSD_NAMAIN1@DF_QNA_INC_SAV(1.1),Q,N,ISR,S1,S1,B6N,_Z,_Z,_Z,XDC,V,N,T0107,2002-Q1,120421.3,,,F,1,A,6,ILS
OECD.SDD.NAD:DSD_NAMAIN1@DF_QNA_INC_SAV(1.1),Q,N,ISR,S1,S1,B6N,_Z,_Z,_Z,XDC,V,N,T0107,2024-Q2,404614.3,,,F,1,A,6,ILS
OECD.SDD.NAD:DSD_NAMAIN1@DF_QNA_INC_SAV(1.1),Q,N,ISR,S1,S1,B6N,_Z,_Z,_Z,XDC,V,N,T0107,2024-Q1,402406.9,,,F,1,A,6,ILS
OECD.SDD.NAD:DSD_NAMAIN1@DF_QNA_INC_SAV(1.1),Q,N,ISR,S1,S1,B6N,_Z,_Z,_Z,XDC,V,N,T0107,2023-Q4,408530.8,,,F,1,A,6,ILS
OECD.SDD.NAD:DSD_NAMAIN1@DF_QNA_INC_SAV(1.1),Q,N,ISR,S1,S1,B6N,_Z,_Z,_Z,XDC,V,N,T0107,2023-Q3,405967.7,,,F,1,A,6,ILS
OECD.SDD.NAD:DSD_NAMAIN1@DF_QNA_INC_SAV(1.1),Q,N,ISR,S1,S1,B6N,_Z,_Z,_Z,XDC,V,N,T0107,2022-Q2,369542,,,F,1,A,6,ILS
OECD.SDD.NAD:DSD_NAMAIN1@DF_QNA_INC_SAV(1.1),Q,N,ISR,S1,S1,B6N,_Z,_Z,_Z,XDC,V,N,T0107,2022-Q1,354255.3,,,F,1,A,6,ILS
OECD.SDD.NAD:DSD_NAMAIN1@DF_QNA_INC_SAV(1.1),Q,N,ISR,S1,S1,B6N,_Z,_Z,_Z,XDC,V,N,T0107,2021-Q3,335995,,,F,1,A,6,ILS
OECD.SDD.NAD:DSD_NAMAIN1@DF_QNA_INC_SAV(1.1),Q,N,ISR,S1,S1,B6N,_Z,_Z,_Z,XDC,V,N,T0107,2021-Q1,304055.9,,,F,1,A,6,ILS
OECD.SDD.NAD:DSD_NAMAIN1@DF_QNA_INC_SAV(1.1),Q,N,ISR,S1,S1,B6N,_Z,_Z,_Z,XDC,V,N,T0107,2017-Q2,276499,,,F,1,A,6,ILS
OECD.SDD.NAD:DSD_NAMAIN1@DF_QNA_INC_SAV(1.1),Q,N,ISR,S1,S1,B6N,_Z,_Z,_Z,XDC,V,N,T0107,2017-Q1,268924.9,,,F,1,A,6,ILS
OECD.SDD.NAD:DSD_NAMAIN1@DF_QNA_INC_SAV(1.1),Q,N,ISR,S1,S1,B6N,_Z,_Z,_Z,XDC,V,N,T0107,2015-Q4,264605.7,,,F,1,A,6,ILS
OECD.SDD.NAD:DSD_NAMAIN1@DF_QNA_INC_SAV(1.1),Q,N,ISR,S1,S1,B6N,_Z,_Z,_Z,XDC,V,N,T0107,2015-Q3,255188.5,,,F,1,A,6,ILS
OECD.SDD.NAD:DSD_NAMAIN1@DF_QNA_INC_SAV(1.1),Q,N,ISR,S1,S1,B6N,_Z,_Z,_Z,XDC,V,N,T0107,2026-Q1,417997.5,,,F,1,A,6,ILS
OECD.SDD.NAD:DSD_NAMAIN1@DF_QNA_INC_SAV(1.1),Q,N,ISR,S1,S1,B6N,_Z,_Z,_Z,XDC,V,N,T0107,2025-Q4,462383.8,,,F,1,A,6,ILS
OECD.SDD.NAD:DSD_NAMAIN1@DF_QNA_INC_SAV(1.1),Q,N,ISR,S1,S1,B6N,_Z,_Z,_Z,XDC,V,N,T0107,2025-Q3,446030.7,,,F,1,A,6,ILS
OECD.SDD.NAD:DSD_NAMAIN1@DF_QNA_INC_SAV(1.1),Q,N,ISR,S1,S1,B6N,_Z,_Z,_Z,XDC,V,N,T0107,2025-Q2,417308.2,,,F,1,A,6,ILS
OECD.SDD.NAD:DSD_NAMAIN1@DF_QNA_INC_SAV(1.1),Q,N,ISR,S1,S1,B6N,_Z,_Z,_Z,XDC,V,N,T0107,2025-Q1,424914.8,,,F,1,A,6,ILS
OECD.SDD.NAD:DSD_NAMAIN1@DF_QNA_INC_SAV(1.1),Q,N,ISR,S1,S1,B6N,_Z,_Z,_Z,XDC,V,N,T0107,2024-Q4,448404.5,,,F,1,A,6,ILS
OECD.SDD.NAD:DSD_NAMAIN1@DF_QNA_INC_SAV(1.1),Q,N,ISR,S1,S1,B6N,_Z,_Z,_Z,XDC,V,N,T0107,2023-Q2,392971.7,,,F,1,A,6,ILS
OECD.SDD.NAD:DSD_NAMAIN1@DF_QNA_INC_SAV(1.1),Q,N,ISR,S1,S1,B6N,_Z,_Z,_Z,XDC,V,N,T0107,2023-Q1,385524.8,,,F,1,A,6,ILS
OECD.SDD.NAD:DSD_NAMAIN1@DF_QNA_INC_SAV(1.1),Q,N,ISR,S1,S1,B6N,_Z,_Z,_Z,XDC,V,N,T0107,2022-Q4,406101.3,,,F,1,A,6,ILS
OECD.SDD.NAD:DSD_NAMAIN1@DF_QNA_INC_SAV(1.1),Q,N,ISR,S1,S1,B6N,_Z,_Z,_Z,XDC,V,N,T0107,2022-Q3,381215.7,,,F,1,A,6,ILS
OECD.SDD.NAD:DSD_NAMAIN1@DF_QNA_INC_SAV(1.1),Q,N,ISR,S1,S1,B6N,_Z,_Z,_Z,XDC,V,N,T0107,2021-Q4,376334.1,,,F,1,A,6,ILS
OECD.SDD.NAD:DSD_NAMAIN1@DF_QNA_INC_SAV(1.1),Q,N,ISR,S1,S1,B6N,_Z,_Z,_Z,XDC,V,N,T0107,2021-Q2,330883.1,,,F,1,A,6,ILS
OECD.SDD.NAD:DSD_NAMAIN1@DF_QNA_INC_SAV(1.1),Q,N,ISR,S1,S1,B6N,_Z,_Z,_Z,XDC,V,N,T0107,2020-Q4,321333.8,,,F,1,A,6,ILS
OECD.SDD.NAD:DSD_NAMAIN1@DF_QNA_INC_SAV(1.1),Q,N,ISR,S1,S1,B6N,_Z,_Z,_Z,XDC,V,N,T0107,2020-Q3,304503.3,,,F,1,A,6,ILS
OECD.SDD.NAD:DSD_NAMAIN1@DF_QNA_INC_SAV(1.1),Q,N,ISR,S1,S1,B6N,_Z,_Z,_Z,XDC,V,N,T0107,2020-Q2,274383.6,,,F,1,A,6,ILS
OECD.SDD.NAD:DSD_NAMAIN1@DF_QNA_INC_SAV(1.1),Q,N,ISR,S1,S1,B6N,_Z,_Z,_Z,XDC,V,N,T0107,2019-Q4,316656.1,,,F,1,A,6,ILS
OECD.SDD.NAD:DSD_NAMAIN1@DF_QNA_INC_SAV(1.1),Q,N,ISR,S1,S1,B6N,_Z,_Z,_Z,XDC,V,N,T0107,2019-Q2,303438.6,,,F,1,A,6,ILS
OECD.SDD.NAD:DSD_NAMAIN1@DF_QNA_INC_SAV(1.1),Q,N,ISR,S1,S1,B6N,_Z,_Z,_Z,XDC,V,N,T0107,2019-Q1,304569,,,F,1,A,6,ILS
OECD.SDD.NAD:DSD_NAMAIN1@DF_QNA_INC_SAV(1.1),Q,N,ISR,S1,S1,B6N,_Z,_Z,_Z,XDC,V,N,T0107,2018-Q3,291241.7,,,F,1,A,6,ILS
OECD.SDD.NAD:DSD_NAMAIN1@DF_QNA_INC_SAV(1.1),Q,N,ISR,S1,S1,B6N,_Z,_Z,_Z,XDC,V,N,T0107,2018-Q1,284592.8,,,F,1,A,6,ILS
OECD.SDD.NAD:DSD_NAMAIN1@DF_QNA_INC_SAV(1.1),Q,N,ISR,S1,S1,B6N,_Z,_Z,_Z,XDC,V,N,T0107,2015-Q2,255658.8,,,F,1,A,6,ILS
OECD.SDD.NAD:DSD_NAMAIN1@DF_QNA_INC_SAV(1.1),Q,N,ISR,S1,S1,B6N,_Z,_Z,_Z,XDC,V,N,T0107,2015-Q1,248192.5,,,F,1,A,6,ILS
OECD.SDD.NAD:DSD_NAMAIN1@DF_QNA_INC_SAV(1.1),Q,N,ISR,S1,S1,B6N,_Z,_Z,_Z,XDC,V,N,T0107,2014-Q3,241854.7,,,F,1,A,6,ILS
OECD.SDD.NAD:DSD_NAMAIN1@DF_QNA_INC_SAV(1.1),Q,N,ISR,S1,S1,B6N,_Z,_Z,_Z,XDC,V,N,T0107,2014-Q1,239831.9,,,F,1,A,6,ILS
OECD.SDD.NAD:DSD_NAMAIN1@DF_QNA_INC_SAV(1.1),Q,N,ISR,S1,S1,B6N,_Z,_Z,_Z,XDC,V,N,T0107,2009-Q2,176418.9,,,F,1,A,6,ILS
OECD.SDD.NAD:DSD_NAMAIN1@DF_QNA_INC_SAV(1.1),Q,Y,ISR,S1,S1,B6N,_Z,_Z,_Z,XDC,V,N,T0107,2008-Q4,171547.3,,,F,1,A,6,ILS
OECD.SDD.NAD:DSD_NAMAIN1@DF_QNA_INC_SAV(1.1),Q,Y,ISR,S1,S1,B6N,_Z,_Z,_Z,XDC,V,N,T0107,2008-Q3,169035.8,,,F,1,A,6,ILS
OECD.SDD.NAD:DSD_NAMAIN1@DF_QNA_INC_SAV(1.1),Q,Y,ISR,S1,S1,B6N,_Z,_Z,_Z,XDC,V,N,T0107,2008-Q2,166589.3,,,F,1,A,6,ILS
OECD.SDD.NAD:DSD_NAMAIN1@DF_QNA_INC_SAV(1.1),Q,Y,ISR,S1,S1,B6N,_Z,_Z,_Z,XDC,V,N,T0107,2008-Q1,164912.8,,,F,1,A,6,ILS
OECD.SDD.NAD:DSD_NAMAIN1@DF_QNA_INC_SAV(1.1),Q,Y,ISR,S1,S1,B6N,_Z,_Z,_Z,XDC,V,N,T0107,2007-Q4,169503.5,,,F,1,A,6,ILS
OECD.SDD.NAD:DSD_NAMAIN1@DF_QNA_INC_SAV(1.1),Q,Y,ISR,S1,S1,B6N,_Z,_Z,_Z,XDC,V,N,T0107,2007-Q3,165896.8,,,F,1,A,6,ILS
OECD.SDD.NAD:DSD_NAMAIN1@DF_QNA_INC_SAV(1.1),Q,Y,ISR,S1,S1,B6N,_Z,_Z,_Z,XDC,V,N,T0107,2007-Q1,155838.9,,,F,1,A,6,ILS
OECD.SDD.NAD:DSD_NAMAIN1@DF_QNA_INC_SAV(1.1),Q,Y,ISR,S1,S1,B6N,_Z,_Z,_Z,XDC,V,N,T0107,2006-Q4,155268.4,,,F,1,A,6,ILS
OECD.SDD.NAD:DSD_NAMAIN1@DF_QNA_INC_SAV(1.1),Q,Y,ISR,S1,S1,B6N,_Z,_Z,_Z,XDC,V,N,T0107,2005-Q1,135806.5,,,F,1,A,6,ILS
OECD.SDD.NAD:DSD_NAMAIN1@DF_QNA_INC_SAV(1.1),Q,Y,ISR,S1,S1,B6N,_Z,_Z,_Z,XDC,V,N,T0107,2004-Q2,130454.2,,,F,1,A,6,ILS
OECD.SDD.NAD:DSD_NAMAIN1@DF_QNA_INC_SAV(1.1),Q,Y,ISR,S1,S1,B6N,_Z,_Z,_Z,XDC,V,N,T0107,2001-Q2,121531.2,,,F,1,A,6,ILS
OECD.SDD.NAD:DSD_NAMAIN1@DF_QNA_INC_SAV(1.1),Q,Y,ISR,S1,S1,B6N,_Z,_Z,_Z,XDC,V,N,T0107,2001-Q1,119627.8,,,F,1,A,6,ILS
OECD.SDD.NAD:DSD_NAMAIN1@DF_QNA_INC_SAV(1.1),Q,Y,ISR,S1,S1,B6N,_Z,_Z,_Z,XDC,V,N,T0107,2000-Q4,121179.1,,,F,1,A,6,ILS
OECD.SDD.NAD:DSD_NAMAIN1@DF_QNA_INC_SAV(1.1),Q,Y,ISR,S1,S1,B6N,_Z,_Z,_Z,XDC,V,N,T0107,2000-Q3,114457.3,,,F,1,A,6,ILS
OECD.SDD.NAD:DSD_NAMAIN1@DF_QNA_INC_SAV(1.1),Q,Y,ISR,S1,S1,B6N,_Z,_Z,_Z,XDC,V,N,T0107,2000-Q2,116609.1,,,F,1,A,6,ILS
OECD.SDD.NAD:DSD_NAMAIN1@DF_QNA_INC_SAV(1.1),Q,Y,ISR,S1,S1,B6N,_Z,_Z,_Z,XDC,V,N,T0107,2000-Q1,110603.9,,,F,1,A,6,ILS
OECD.SDD.NAD:DSD_NAMAIN1@DF_QNA_INC_SAV(1.1),Q,Y,ISR,S1,S1,B6N,_Z,_Z,_Z,XDC,V,N,T0107,2018-Q4,302408,,,F,1,A,6,ILS
OECD.SDD.NAD:DSD_NAMAIN1@DF_QNA_INC_SAV(1.1),Q,Y,ISR,S1,S1,B6N,_Z,_Z,_Z,XDC,V,N,T0107,2017-Q4,287195,,,F,1,A,6,ILS
OECD.SDD.NAD:DSD_NAMAIN1@DF_QNA_INC_SAV(1.1),Q,Y,ISR,S1,S1,B6N,_Z,_Z,_Z,XDC,V,N,T0107,2016-Q3,266917,,,F,1,A,6,ILS
OECD.SDD.NAD:DSD_NAMAIN1@DF_QNA_INC_SAV(1.1),Q,Y,ISR,S1,S1,B6N,_Z,_Z,_Z,XDC,V,N,T0107,2012-Q4,216902,,,F,1,A,6,ILS
OECD.SDD.NAD:DSD_NAMAIN1@DF_QNA_INC_SAV(1.1),Q,Y,ISR,S1,S1,B6N,_Z,_Z,_Z,XDC,V,N,T0107,2007-Q2,166769,,,F,1,A,6,ILS
OECD.SDD.NAD:DSD_NAMAIN1@DF_QNA_INC_SAV(1.1),Q,Y,ISR,S1,S1,B6N,_Z,_Z,_Z,XDC,V,N,T0107,2026-Q1,428631.3,,,F,1,A,6,ILS
OECD.SDD.NAD:DSD_NAMAIN1@DF_QNA_INC_SAV(1.1),Q,Y,ISR,S1,S1,B6N,_Z,_Z,_Z,XDC,V,N,T0107,2025-Q4,444938.5,,,F,1,A,6,ILS
OECD.SDD.NAD:DSD_NAMAIN1@DF_QNA_INC_SAV(1.1),Q,Y,ISR,S1,S1,B6N,_Z,_Z,_Z,XDC,V,N,T0107,2025-Q3,441717.3,,,F,1,A,6,ILS
OECD.SDD.NAD:DSD_NAMAIN1@DF_QNA_INC_SAV(1.1),Q,Y,ISR,S1,S1,B6N,_Z,_Z,_Z,XDC,V,N,T0107,2025-Q2,428074.4,,,F,1,A,6,ILS
OECD.SDD.NAD:DSD_NAMAIN1@DF_QNA_INC_SAV(1.1),Q,Y,ISR,S1,S1,B6N,_Z,_Z,_Z,XDC,V,N,T0107,2025-Q1,436423.7,,,F,1,A,6,ILS
OECD.SDD.NAD:DSD_NAMAIN1@DF_QNA_INC_SAV(1.1),Q,Y,ISR,S1,S1,B6N,_Z,_Z,_Z,XDC,V,N,T0107,2024-Q4,429827.6,,,F,1,A,6,ILS
OECD.SDD.NAD:DSD_NAMAIN1@DF_QNA_INC_SAV(1.1),Q,Y,ISR,S1,S1,B6N,_Z,_Z,_Z,XDC,V,N,T0107,2024-Q3,426379.8,,,F,1,A,6,ILS
OECD.SDD.NAD:DSD_NAMAIN1@DF_QNA_INC_SAV(1.1),Q,Y,ISR,S1,S1,B6N,_Z,_Z,_Z,XDC,V,N,T0107,2024-Q2,417282.7,,,F,1,A,6,ILS
OECD.SDD.NAD:DSD_NAMAIN1@DF_QNA_INC_SAV(1.1),Q,Y,ISR,S1,S1,B6N,_Z,_Z,_Z,XDC,V,N,T0107,2016-Q2,268657.7,,,F,1,A,6,ILS
OECD.SDD.NAD:DSD_NAMAIN1@DF_QNA_INC_SAV(1.1),Q,Y,ISR,S1,S1,B6N,_Z,_Z,_Z,XDC,V,N,T0107,2016-Q1,257512.2,,,F,1,A,6,ILS
OECD.SDD.NAD:DSD_NAMAIN1@DF_QNA_INC_SAV(1.1),Q,Y,ISR,S1,S1,B6N,_Z,_Z,_Z,XDC,V,N,T0107,2015-Q4,260757.7,,,F,1,A,6,ILS
OECD.SDD.NAD:DSD_NAMAIN1@DF_QNA_INC_SAV(1.1),Q,Y,ISR,S1,S1,B6N,_Z,_Z,_Z,XDC,V,N,T0107,2005-Q2,139352.5,,,F,1,A,6,ILS
OECD.SDD.NAD:DSD_NAMAIN1@DF_QNA_INC_SAV(1.1),Q,Y,ISR,S1,S1,B6N,_Z,_Z,_Z,XDC,V,N,T0107,2004-Q4,133750.6,,,F,1,A,6,ILS
OECD.SDD.NAD:DSD_NAMAIN1@DF_QNA_INC_SAV(1.1),Q,Y,ISR,S1,S1,B6N,_Z,_Z,_Z,XDC,V,N,T0107,2004-Q3,132395.2,,,F,1,A,6,ILS
OECD.SDD.NAD:DSD_NAMAIN1@DF_QNA_INC_SAV(1.1),Q,N,ISR,S1,S1,B6N,_Z,_Z,_Z,XDC,V,N,T0107,2007-Q3,167326.2,,,F,1,A,6,ILS
OECD.SDD.NAD:DSD_NAMAIN1@DF_QNA_INC_SAV(1.1),Q,N,ISR,S1,S1,B6N,_Z,_Z,_Z,XDC,V,N,T0107,2007-Q1,154133.2,,,F,1,A,6,ILS
OECD.SDD.NAD:DSD_NAMAIN1@DF_QNA_INC_SAV(1.1),Q,N,ISR,S1,S1,B6N,_Z,_Z,_Z,XDC,V,N,T0107,2006-Q4,155234.4,,,F,1,A,6,ILS
OECD.SDD.NAD:DSD_NAMAIN1@DF_QNA_INC_SAV(1.1),Q,N,ISR,S1,S1,B6N,_Z,_Z,_Z,XDC,V,N,T0107,2006-Q1,150097.7,,,F,1,A,6,ILS
OECD.SDD.NAD:DSD_NAMAIN1@DF_QNA_INC_SAV(1.1),Q,N,ISR,S1,S1,B6N,_Z,_Z,_Z,XDC,V,N,T0107,2005-Q4,149217.7,,,F,1,A,6,ILS
OECD.SDD.NAD:DSD_NAMAIN1@DF_QNA_INC_SAV(1.1),Q,N,ISR,S1,S1,B6N,_Z,_Z,_Z,XDC,V,N,T0107,2004-Q4,134304.6,,,F,1,A,6,ILS
OECD.SDD.NAD:DSD_NAMAIN1@DF_QNA_INC_SAV(1.1),Q,N,ISR,S1,S1,B6N,_Z,_Z,_Z,XDC,V,N,T0107,2004-Q3,134979.5,,,F,1,A,6,ILS
OECD.SDD.NAD:DSD_NAMAIN1@DF_QNA_INC_SAV(1.1),Q,N,ISR,S1,S1,B6N,_Z,_Z,_Z,XDC,V,N,T0107,2004-Q2,127719,,,F,1,A,6,ILS
OECD.SDD.NAD:DSD_NAMAIN1@DF_QNA_INC_SAV(1.1),Q,N,ISR,S1,S1,B6N,_Z,_Z,_Z,XDC,V,N,T0107,2004-Q1,129520.6,,,F,1,A,6,ILS
OECD.SDD.NAD:DSD_NAMAIN1@DF_QNA_INC_SAV(1.1),Q,N,ISR,S1,S1,B6N,_Z,_Z,_Z,XDC,V,N,T0107,2003-Q2,124628.6,,,F,1,A,6,ILS
OECD.SDD.NAD:DSD_NAMAIN1@DF_QNA_INC_SAV(1.1),Q,N,ISR,S1,S1,B6N,_Z,_Z,_Z,XDC,V,N,T0107,2003-Q1,125523.9,,,F,1,A,6,ILS
OECD.SDD.NAD:DSD_NAMAIN1@DF_QNA_INC_SAV(1.1),Q,N,ISR,S1,S1,B6N,_Z,_Z,_Z,XDC,V,N,T0107,2014-Q2,245493.6,,,F,1,A,6,ILS
OECD.SDD.NAD:DSD_NAMAIN1@DF_QNA_INC_SAV(1.1),Q,N,ISR,S1,S1,B6N,_Z,_Z,_Z,XDC,V,N,T0107,2013-Q2,230296.4,,,F,1,A,6,ILS
OECD.SDD.NAD:DSD_NAMAIN1@DF_QNA_INC_SAV(1.1),Q,N,ISR,S1,S1,B6N,_Z,_Z,_Z,XDC,V,N,T0107,2012-Q3,221111.4,,,F,1,A,6,ILS
OECD.SDD.NAD:DSD_NAMAIN1@DF_QNA_INC_SAV(1.1),Q,N,ISR,S1,S1,B6N,_Z,_Z,_Z,XDC,V,N,T0107,2012-Q1,209425.6,,,F,1,A,6,ILS
OECD.SDD.NAD:DSD_NAMAIN1@DF_QNA_INC_SAV(1.1),Q,N,ISR,S1,S1,B6N,_Z,_Z,_Z,XDC,V,N,T0107,2011-Q2,202152,,,F,1,A,6,ILS
OECD.SDD.NAD:DSD_NAMAIN1@DF_QNA_INC_SAV(1.1),Q,N,ISR,S1,S1,B6N,_Z,_Z,_Z,XDC,V,N,T0107,2010-Q3,195603.2,,,F,1,A,6,ILS
OECD.SDD.NAD:DSD_NAMAIN1@DF_QNA_INC_SAV(1.1),Q,N,ISR,S1,S1,B6N,_Z,_Z,_Z,XDC,V,N,T0107,2010-Q1,183574.9,,,F,1,A,6,ILS
OECD.SDD.NAD:DSD_NAMAIN1@DF_QNA_INC_SAV(1.1),Q,N,ISR,S1,S1,B6N,_Z,_Z,_Z,XDC,V,N,T0107,2009-Q3,178611.1,,,F,1,A,6,ILS
OECD.SDD.NAD:DSD_NAMAIN1@DF_QNA_INC_SAV(1.1),Q,N,ISR,S1,S1,B6N,_Z,_Z,_Z,XDC,V,N,T0107,2002-Q4,129726.6,,,F,1,A,6,ILS
OECD.SDD.NAD:DSD_NAMAIN1@DF_QNA_INC_SAV(1.1),Q,N,ISR,S1,S1,B6N,_Z,_Z,_Z,XDC,V,N,T0107,2002-Q3,127128.1,,,F,1,A,6,ILS
OECD.SDD.NAD:DSD_NAMAIN1@DF_QNA_INC_SAV(1.1),Q,N,ISR,S1,S1,B6N,_Z,_Z,_Z,XDC,V,N,T0107,2001-Q4,120776.9,,,F,1,A,6,ILS
OECD.SDD.NAD:DSD_NAMAIN1@DF_QNA_INC_SAV(1.1),Q,N,ISR,S1,S1,B6N,_Z,_Z,_Z,XDC,V,N,T0107,2001-Q2,120793.5,,,F,1,A,6,ILS
OECD.SDD.NAD:DSD_NAMAIN1@DF_QNA_INC_SAV(1.1),Q,N,ISR,S1,S1,B6N,_Z,_Z,_Z,XDC,V,N,T0107,2001-Q1,117868.8,,,F,1,A,6,ILS
OECD.SDD.NAD:DSD_NAMAIN1@DF_QNA_INC_SAV(1.1),Q,N,ISR,S1,S1,B6N,_Z,_Z,_Z,XDC,V,N,T0107,2000-Q4,123340.8,,,F,1,A,6,ILS
OECD.SDD.NAD:DSD_NAMAIN1@DF_QNA_INC_SAV(1.1),Q,N,ISR,S1,S1,B6N,_Z,_Z,_Z,XDC,V,N,T0107,2000-Q3,115984.6,,,F,1,A,6,ILS
OECD.SDD.NAD:DSD_NAMAIN1@DF_QNA_INC_SAV(1.1),Q,N,ISR,S1,S1,B6N,_Z,_Z,_Z,XDC,V,N,T0107,2000-Q1,108427.6,,,F,1,A,6,ILS
OECD.SDD.NAD:DSD_NAMAIN1@DF_QNA_INC_SAV(1.1),Q,N,ISR,S1,S1,B6N,_Z,_Z,_Z,XDC,V,N,T0107,2008-Q4,171435.9,,,F,1,A,6,ILS
OECD.SDD.NAD:DSD_NAMAIN1@DF_QNA_INC_SAV(1.1),Q,N,ISR,S1,S1,B6N,_Z,_Z,_Z,XDC,V,N,T0107,2008-Q1,166371.3,,,F,1,A,6,ILS
OECD.SDD.NAD:DSD_NAMAIN1@DF_QNA_INC_SAV(1.1),Q,N,ISR,S1,S1,B6N,_Z,_Z,_Z,XDC,V,N,T0107,2020-Q1,300867.2,,,F,1,A,6,ILS
OECD.SDD.NAD:DSD_NAMAIN1@DF_QNA_INC_SAV(1.1),Q,N,ISR,S1,S1,B6N,_Z,_Z,_Z,XDC,V,N,T0107,2019-Q3,308086.1,,,F,1,A,6,ILS
OECD.SDD.NAD:DSD_NAMAIN1@DF_QNA_INC_SAV(1.1),Q,N,ISR,S1,S1,B6N,_Z,_Z,_Z,XDC,V,N,T0107,2018-Q4,305362.1,,,F,1,A,6,ILS
OECD.SDD.NAD:DSD_NAMAIN1@DF_QNA_INC_SAV(1.1),Q,N,ISR,S1,S1,B6N,_Z,_Z,_Z,XDC,V,N,T0107,2018-Q2,291745.7,,,F,1,A,6,ILS
OECD.SDD.NAD:DSD_NAMAIN1@DF_QNA_INC_SAV(1.1),Q,N,ISR,S1,S1,B6N,_Z,_Z,_Z,XDC,V,N,T0107,2017-Q4,292460.8,,,F,1,A,6,ILS
OECD.SDD.NAD:DSD_NAMAIN1@DF_QNA_INC_SAV(1.1),Q,N,ISR,S1,S1,B6N,_Z,_Z,_Z,XDC,V,N,T0107,2017-Q3,280776.4,,,F,1,A,6,ILS
OECD.SDD.NAD:DSD_NAMAIN1@DF_QNA_INC_SAV(1.1),Q,N,ISR,S1,S1,B6N,_Z,_Z,_Z,XDC,V,N,T0107,2016-Q4,280170.3,,,F,1,A,6,ILS
OECD.SDD.NAD:DSD_NAMAIN1@DF_QNA_INC_SAV(1.1),Q,N,ISR,S1,S1,B6N,_Z,_Z,_Z,XDC,V,N,T0107,2016-Q3,267187.4,,,F,1,A,6,ILS
OECD.SDD.NAD:DSD_NAMAIN1@DF_QNA_INC_SAV(1.1),Q,N,ISR,S1,S1,B6N,_Z,_Z,_Z,XDC,V,N,T0107,2016-Q2,265100.9,,,F,1,A,6,ILS
OECD.SDD.NAD:DSD_NAMAIN1@DF_QNA_INC_SAV(1.1),Q,N,ISR,S1,S1,B6N,_Z,_Z,_Z,XDC,V,N,T0107,2016-Q1,257380.6,,,F,1,A,6,ILS
OECD.SDD.NAD:DSD_NAMAIN1@DF_QNA_INC_SAV(1.1),Q,N,ISR,S1,S1,B6N,_Z,_Z,_Z,XDC,V,N,T0107,2014-Q4,254723.2,,,F,1,A,6,ILS
OECD.SDD.NAD:DSD_NAMAIN1@DF_QNA_INC_SAV(1.1),Q,N,ISR,S1,S1,B6N,_Z,_Z,_Z,XDC,V,N,T0107,2024-Q3,431666.3,,,F,1,A,6,ILS
OECD.SDD.NAD:DSD_NAMAIN1@DF_QNA_INC_SAV(1.1),Q,Y,ISR,S1,S1,B6N,_Z,_Z,_Z,XDC,V,N,T0107,2006-Q2,153084.2,,,F,1,A,6,ILS
OECD.SDD.NAD:DSD_NAMAIN1@DF_QNA_INC_SAV(1.1),Q,Y,ISR,S1,S1,B6N,_Z,_Z,_Z,XDC,V,N,T0107,2006-Q1,151113.1,,,F,1,A,6,ILS
OECD.SDD.NAD:DSD_NAMAIN1@DF_QNA_INC_SAV(1.1),Q,Y,ISR,S1,S1,B6N,_Z,_Z,_Z,XDC,V,N,T0107,2005-Q4,148805.6,,,F,1,A,6,ILS
OECD.SDD.NAD:DSD_NAMAIN1@DF_QNA_INC_SAV(1.1),Q,Y,ISR,S1,S1,B6N,_Z,_Z,_Z,XDC,V,N,T0107,2005-Q3,142921.8,,,F,1,A,6,ILS
OECD.SDD.NAD:DSD_NAMAIN1@DF_QNA_INC_SAV(1.1),Q,Y,ISR,S1,S1,B6N,_Z,_Z,_Z,XDC,V,N,T0107,2024-Q1,408038.8,,,F,1,A,6,ILS
OECD.SDD.NAD:DSD_NAMAIN1@DF_QNA_INC_SAV(1.1),Q,Y,ISR,S1,S1,B6N,_Z,_Z,_Z,XDC,V,N,T0107,2023-Q4,395544.7,,,F,1,A,6,ILS
OECD.SDD.NAD:DSD_NAMAIN1@DF_QNA_INC_SAV(1.1),Q,Y,ISR,S1,S1,B6N,_Z,_Z,_Z,XDC,V,N,T0107,2023-Q3,404311.6,,,F,1,A,6,ILS
OECD.SDD.NAD:DSD_NAMAIN1@DF_QNA_INC_SAV(1.1),Q,Y,ISR,S1,S1,B6N,_Z,_Z,_Z,XDC,V,N,T0107,2023-Q2,399222.2,,,F,1,A,6,ILS
OECD.SDD.NAD:DSD_NAMAIN1@DF_QNA_INC_SAV(1.1),Q,Y,ISR,S1,S1,B6N,_Z,_Z,_Z,XDC,V,N,T0107,2023-Q1,395178.3,,,F,1,A,6,ILS
OECD.SDD.NAD:DSD_NAMAIN1@DF_QNA_INC_SAV(1.1),Q,Y,ISR,S1,S1,B6N,_Z,_Z,_Z,XDC,V,N,T0107,2022-Q4,391430.9,,,F,1,A,6,ILS
OECD.SDD.NAD:DSD_NAMAIN1@DF_QNA_INC_SAV(1.1),Q,Y,ISR,S1,S1,B6N,_Z,_Z,_Z,XDC,V,N,T0107,2022-Q3,379015.4,,,F,1,A,6,ILS
OECD.SDD.NAD:DSD_NAMAIN1@DF_QNA_INC_SAV(1.1),Q,Y,ISR,S1,S1,B6N,_Z,_Z,_Z,XDC,V,N,T0107,2022-Q2,377159.3,,,F,1,A,6,ILS
OECD.SDD.NAD:DSD_NAMAIN1@DF_QNA_INC_SAV(1.1),Q,Y,ISR,S1,S1,B6N,_Z,_Z,_Z,XDC,V,N,T0107,2022-Q1,363787.9,,,F,1,A,6,ILS
OECD.SDD.NAD:DSD_NAMAIN1@DF_QNA_INC_SAV(1.1),Q,Y,ISR,S1,S1,B6N,_Z,_Z,_Z,XDC,V,N,T0107,2016-Q4,275455.4,,,F,1,A,6,ILS
OECD.SDD.NAD:DSD_NAMAIN1@DF_QNA_INC_SAV(1.1),Q,Y,ISR,S1,S1,B6N,_Z,_Z,_Z,XDC,V,N,T0107,2017-Q3,283789.5,,,F,1,A,6,ILS
OECD.SDD.NAD:DSD_NAMAIN1@DF_QNA_INC_SAV(1.1),Q,Y,ISR,S1,S1,B6N,_Z,_Z,_Z,XDC,V,N,T0107,2006-Q3,153074.6,,,F,1,A,6,ILS
OECD.SDD.NAD:DSD_NAMAIN1@DF_QNA_INC_SAV(1.1),Q,Y,ISR,S1,S1,B6N,_Z,_Z,_Z,XDC,V,N,T0107,2021-Q4,363754.6,,,F,1,A,6,ILS
OECD.SDD.NAD:DSD_NAMAIN1@DF_QNA_INC_SAV(1.1),Q,Y,ISR,S1,S1,B6N,_Z,_Z,_Z,XDC,V,N,T0107,2021-Q3,339101.4,,,F,1,A,6,ILS
OECD.SDD.NAD:DSD_NAMAIN1@DF_QNA_INC_SAV(1.1),Q,Y,ISR,S1,S1,B6N,_Z,_Z,_Z,XDC,V,N,T0107,2021-Q2,328182.1,,,F,1,A,6,ILS
OECD.SDD.NAD:DSD_NAMAIN1@DF_QNA_INC_SAV(1.1),Q,Y,ISR,S1,S1,B6N,_Z,_Z,_Z,XDC,V,N,T0107,2021-Q1,315049.6,,,F,1,A,6,ILS
OECD.SDD.NAD:DSD_NAMAIN1@DF_QNA_INC_SAV(1.1),Q,Y,ISR,S1,S1,B6N,_Z,_Z,_Z,XDC,V,N,T0107,2020-Q4,313285.2,,,F,1,A,6,ILS
OECD.SDD.NAD:DSD_NAMAIN1@DF_QNA_INC_SAV(1.1),Q,Y,ISR,S1,S1,B6N,_Z,_Z,_Z,XDC,V,N,T0107,2020-Q3,303777.4,,,F,1,A,6,ILS
OECD.SDD.NAD:DSD_NAMAIN1@DF_QNA_INC_SAV(1.1),Q,Y,ISR,S1,S1,B6N,_Z,_Z,_Z,XDC,V,N,T0107,2020-Q2,275937.5,,,F,1,A,6,ILS
OECD.SDD.NAD:DSD_NAMAIN1@DF_QNA_INC_SAV(1.1),Q,Y,ISR,S1,S1,B6N,_Z,_Z,_Z,XDC,V,N,T0107,2020-Q1,304726.6,,,F,1,A,6,ILS
OECD.SDD.NAD:DSD_NAMAIN1@DF_QNA_INC_SAV(1.1),Q,Y,ISR,S1,S1,B6N,_Z,_Z,_Z,XDC,V,N,T0107,2019-Q4,312549.9,,,F,1,A,6,ILS
OECD.SDD.NAD:DSD_NAMAIN1@DF_QNA_INC_SAV(1.1),Q,Y,ISR,S1,S1,B6N,_Z,_Z,_Z,XDC,V,N,T0107,2019-Q3,308705.3,,,F,1,A,6,ILS
OECD.SDD.NAD:DSD_NAMAIN1@DF_QNA_INC_SAV(1.1),Q,Y,ISR,S1,S1,B6N,_Z,_Z,_Z,XDC,V,N,T0107,2019-Q2,307297.1,,,F,1,A,6,ILS
OECD.SDD.NAD:DSD_NAMAIN1@DF_QNA_INC_SAV(1.1),Q,Y,ISR,S1,S1,B6N,_Z,_Z,_Z,XDC,V,N,T0107,2019-Q1,307047.1,,,F,1,A,6,ILS
OECD.SDD.NAD:DSD_NAMAIN1@DF_QNA_INC_SAV(1.1),Q,Y,ISR,S1,S1,B6N,_Z,_Z,_Z,XDC,V,N,T0107,2018-Q3,293296.6,,,F,1,A,6,ILS
OECD.SDD.NAD:DSD_NAMAIN1@DF_QNA_INC_SAV(1.1),Q,Y,ISR,S1,S1,B6N,_Z,_Z,_Z,XDC,V,N,T0107,2015-Q3,257021.4,,,F,1,A,6,ILS
OECD.SDD.NAD:DSD_NAMAIN1@DF_QNA_INC_SAV(1.1),Q,Y,ISR,S1,S1,B6N,_Z,_Z,_Z,XDC,V,N,T0107,2015-Q2,255174.9,,,F,1,A,6,ILS
OECD.SDD.NAD:DSD_NAMAIN1@DF_QNA_INC_SAV(1.1),Q,Y,ISR,S1,S1,B6N,_Z,_Z,_Z,XDC,V,N,T0107,2015-Q1,252174.2,,,F,1,A,6,ILS
OECD.SDD.NAD:DSD_NAMAIN1@DF_QNA_INC_SAV(1.1),Q,Y,ISR,S1,S1,B6N,_Z,_Z,_Z,XDC,V,N,T0107,2017-Q2,273912.1,,,F,1,A,6,ILS
OECD.SDD.NAD:DSD_NAMAIN1@DF_QNA_INC_SAV(1.1),Q,Y,ISR,S1,S1,B6N,_Z,_Z,_Z,XDC,V,N,T0107,2017-Q1,272502.1,,,F,1,A,6,ILS
OECD.SDD.NAD:DSD_NAMAIN1@DF_QNA_INC_SAV(1.1),Q,Y,ISR,S1,S1,B6N,_Z,_Z,_Z,XDC,V,N,T0107,2004-Q1,129892.3,,,F,1,A,6,ILS
OECD.SDD.NAD:DSD_NAMAIN1@DF_QNA_INC_SAV(1.1),Q,Y,ISR,S1,S1,B6N,_Z,_Z,_Z,XDC,V,N,T0107,2003-Q4,124461.5,,,F,1,A,6,ILS
OECD.SDD.NAD:DSD_NAMAIN1@DF_QNA_INC_SAV(1.1),Q,Y,ISR,S1,S1,B6N,_Z,_Z,_Z,XDC,V,N,T0107,2003-Q3,123699.5,,,F,1,A,6,ILS
OECD.SDD.NAD:DSD_NAMAIN1@DF_QNA_INC_SAV(1.1),Q,Y,ISR,S1,S1,B6N,_Z,_Z,_Z,XDC,V,N,T0107,2003-Q2,125906.5,,,F,1,A,6,ILS
OECD.SDD.NAD:DSD_NAMAIN1@DF_QNA_INC_SAV(1.1),Q,Y,ISR,S1,S1,B6N,_Z,_Z,_Z,XDC,V,N,T0107,2003-Q1,128529.9,,,F,1,A,6,ILS
OECD.SDD.NAD:DSD_NAMAIN1@DF_QNA_INC_SAV(1.1),Q,Y,ISR,S1,S1,B6N,_Z,_Z,_Z,XDC,V,N,T0107,2002-Q4,126934.8,,,F,1,A,6,ILS
OECD.SDD.NAD:DSD_NAMAIN1@DF_QNA_INC_SAV(1.1),Q,Y,ISR,S1,S1,B6N,_Z,_Z,_Z,XDC,V,N,T0107,2002-Q3,126828.8,,,F,1,A,6,ILS
OECD.SDD.NAD:DSD_NAMAIN1@DF_QNA_INC_SAV(1.1),Q,Y,ISR,S1,S1,B6N,_Z,_Z,_Z,XDC,V,N,T0107,2002-Q2,124429.8,,,F,1,A,6,ILS
OECD.SDD.NAD:DSD_NAMAIN1@DF_QNA_INC_SAV(1.1),Q,Y,ISR,S1,S1,B6N,_Z,_Z,_Z,XDC,V,N,T0107,2002-Q1,123537.6,,,F,1,A,6,ILS
OECD.SDD.NAD:DSD_NAMAIN1@DF_QNA_INC_SAV(1.1),Q,Y,ISR,S1,S1,B6N,_Z,_Z,_Z,XDC,V,N,T0107,2001-Q4,120196.8,,,F,1,A,6,ILS
OECD.SDD.NAD:DSD_NAMAIN1@DF_QNA_INC_SAV(1.1),Q,Y,ISR,S1,S1,B6N,_Z,_Z,_Z,XDC,V,N,T0107,2001-Q3,120845.6,,,F,1,A,6,ILS
OECD.SDD.NAD:DSD_NAMAIN1@DF_QNA_INC_SAV(1.1),Q,Y,ISR,S1,S1,B6N,_Z,_Z,_Z,XDC,V,N,T0107,2014-Q4,251310.3,,,F,1,A,6,ILS
OECD.SDD.NAD:DSD_NAMAIN1@DF_QNA_INC_SAV(1.1),Q,Y,ISR,S1,S1,B6N,_Z,_Z,_Z,XDC,V,N,T0107,2014-Q3,242550.1,,,F,1,A,6,ILS
OECD.SDD.NAD:DSD_NAMAIN1@DF_QNA_INC_SAV(1.1),Q,Y,ISR,S1,S1,B6N,_Z,_Z,_Z,XDC,V,N,T0107,2014-Q2,244944.3,,,F,1,A,6,ILS
OECD.SDD.NAD:DSD_NAMAIN1@DF_QNA_INC_SAV(1.1),Q,Y,ISR,S1,S1,B6N,_Z,_Z,_Z,XDC,V,N,T0107,2014-Q1,242644.1,,,F,1,A,6,ILS
OECD.SDD.NAD:DSD_NAMAIN1@DF_QNA_INC_SAV(1.1),Q,Y,ISR,S1,S1,B6N,_Z,_Z,_Z,XDC,V,N,T0107,2013-Q4,239535.5,,,F,1,A,6,ILS
OECD.SDD.NAD:DSD_NAMAIN1@DF_QNA_INC_SAV(1.1),Q,Y,ISR,S1,S1,B6N,_Z,_Z,_Z,XDC,V,N,T0107,2013-Q3,233228.6,,,F,1,A,6,ILS
OECD.SDD.NAD:DSD_NAMAIN1@DF_QNA_INC_SAV(1.1),Q,Y,ISR,S1,S1,B6N,_Z,_Z,_Z,XDC,V,N,T0107,2013-Q2,226975.7,,,F,1,A,6,ILS
OECD.SDD.NAD:DSD_NAMAIN1@DF_QNA_INC_SAV(1.1),Q,Y,ISR,S1,S1,B6N,_Z,_Z,_Z,XDC,V,N,T0107,2013-Q1,222970.8,,,F,1,A,6,ILS
OECD.SDD.NAD:DSD_NAMAIN1@DF_QNA_INC_SAV(1.1),Q,Y,ISR,S1,S1,B6N,_Z,_Z,_Z,XDC,V,N,T0107,2012-Q3,219068.6,,,F,1,A,6,ILS
OECD.SDD.NAD:DSD_NAMAIN1@DF_QNA_INC_SAV(1.1),Q,Y,ISR,S1,S1,B6N,_Z,_Z,_Z,XDC,V,N,T0107,2012-Q2,213799.5,,,F,1,A,6,ILS
OECD.SDD.NAD:DSD_NAMAIN1@DF_QNA_INC_SAV(1.1),Q,Y,ISR,S1,S1,B6N,_Z,_Z,_Z,XDC,V,N,T0107,2012-Q1,209110.7,,,F,1,A,6,ILS
OECD.SDD.NAD:DSD_NAMAIN1@DF_QNA_INC_SAV(1.1),Q,Y,ISR,S1,S1,B6N,_Z,_Z,_Z,XDC,V,N,T0107,2011-Q4,215977.2,,,F,1,A,6,ILS
OECD.SDD.NAD:DSD_NAMAIN1@DF_QNA_INC_SAV(1.1),Q,Y,ISR,S1,S1,B6N,_Z,_Z,_Z,XDC,V,N,T0107,2011-Q3,206212.8,,,F,1,A,6,ILS
OECD.SDD.NAD:DSD_NAMAIN1@DF_QNA_INC_SAV(1.1),Q,Y,ISR,S1,S1,B6N,_Z,_Z,_Z,XDC,V,N,T0107,2011-Q2,202918.2,,,F,1,A,6,ILS
OECD.SDD.NAD:DSD_NAMAIN1@DF_QNA_INC_SAV(1.1),Q,Y,ISR,S1,S1,B6N,_Z,_Z,_Z,XDC,V,N,T0107,2011-Q1,201963.1,,,F,1,A,6,ILS
OECD.SDD.NAD:DSD_NAMAIN1@DF_QNA_INC_SAV(1.1),Q,Y,ISR,S1,S1,B6N,_Z,_Z,_Z,XDC,V,N,T0107,2010-Q4,195483.4,,,F,1,A,6,ILS
OECD.SDD.NAD:DSD_NAMAIN1@DF_QNA_INC_SAV(1.1),Q,Y,ISR,S1,S1,B6N,_Z,_Z,_Z,XDC,V,N,T0107,2010-Q3,194139.6,,,F,1,A,6,ILS
OECD.SDD.NAD:DSD_NAMAIN1@DF_QNA_INC_SAV(1.1),Q,Y,ISR,S1,S1,B6N,_Z,_Z,_Z,XDC,V,N,T0107,2010-Q2,192738.6,,,F,1,A,6,ILS
OECD.SDD.NAD:DSD_NAMAIN1@DF_QNA_INC_SAV(1.1),Q,Y,ISR,S1,S1,B6N,_Z,_Z,_Z,XDC,V,N,T0107,2010-Q1,185280.2,,,F,1,A,6,ILS
OECD.SDD.NAD:DSD_NAMAIN1@DF_QNA_INC_SAV(1.1),Q,Y,ISR,S1,S1,B6N,_Z,_Z,_Z,XDC,V,N,T0107,2009-Q4,181755.1,,,F,1,A,6,ILS
OECD.SDD.NAD:DSD_NAMAIN1@DF_QNA_INC_SAV(1.1),Q,Y,ISR,S1,S1,B6N,_Z,_Z,_Z,XDC,V,N,T0107,2009-Q3,177193.3,,,F,1,A,6,ILS
OECD.SDD.NAD:DSD_NAMAIN1@DF_QNA_INC_SAV(1.1),Q,N,POL,S1,S1,B6N,_Z,_Z,_Z,XDC,V,N,T0107,2007-Q4,288950,,,F,1,A,6,PLN
OECD.SDD.NAD:DSD_NAMAIN1@DF_QNA_INC_SAV(1.1),Q,N,POL,S1,S1,B6N,_Z,_Z,_Z,XDC,V,N,T0107,2018-Q3,443258,,,F,1,A,6,PLN
OECD.SDD.NAD:DSD_NAMAIN1@DF_QNA_INC_SAV(1.1),Q,N,POL,S1,S1,B6N,_Z,_Z,_Z,XDC,V,N,T0107,2020-Q3,498451,,,F,1,A,6,PLN
OECD.SDD.NAD:DSD_NAMAIN1@DF_QNA_INC_SAV(1.1),Q,N,POL,S1,S1,B6N,_Z,_Z,_Z,XDC,V,N,T0107,2020-Q2,451463,,,F,1,A,6,PLN
OECD.SDD.NAD:DSD_NAMAIN1@DF_QNA_INC_SAV(1.1),Q,N,POL,S1,S1,B6N,_Z,_Z,_Z,XDC,V,N,T0107,2021-Q3,562692,,,F,1,A,6,PLN
OECD.SDD.NAD:DSD_NAMAIN1@DF_QNA_INC_SAV(1.1),Q,N,POL,S1,S1,B6N,_Z,_Z,_Z,XDC,V,N,T0107,2021-Q2,525489,,,F,1,A,6,PLN
OECD.SDD.NAD:DSD_NAMAIN1@DF_QNA_INC_SAV(1.1),Q,N,POL,S1,S1,B6N,_Z,_Z,_Z,XDC,V,N,T0107,2020-Q1,477363,,,F,1,A,6,PLN
OECD.SDD.NAD:DSD_NAMAIN1@DF_QNA_INC_SAV(1.1),Q,N,POL,S1,S1,B6N,_Z,_Z,_Z,XDC,V,N,T0107,2019-Q4,568198,,,F,1,A,6,PLN
OECD.SDD.NAD:DSD_NAMAIN1@DF_QNA_INC_SAV(1.1),Q,N,POL,S1,S1,B6N,_Z,_Z,_Z,XDC,V,N,T0107,2019-Q3,481192,,,F,1,A,6,PLN
OECD.SDD.NAD:DSD_NAMAIN1@DF_QNA_INC_SAV(1.1),Q,N,POL,S1,S1,B6N,_Z,_Z,_Z,XDC,V,N,T0107,2019-Q2,470692,,,F,1,A,6,PLN
OECD.SDD.NAD:DSD_NAMAIN1@DF_QNA_INC_SAV(1.1),Q,N,POL,S1,S1,B6N,_Z,_Z,_Z,XDC,V,N,T0107,2019-Q1,443745,,,F,1,A,6,PLN
OECD.SDD.NAD:DSD_NAMAIN1@DF_QNA_INC_SAV(1.1),Q,N,POL,S1,S1,B6N,_Z,_Z,_Z,XDC,V,N,T0107,2018-Q4,528005,,,F,1,A,6,PLN
OECD.SDD.NAD:DSD_NAMAIN1@DF_QNA_INC_SAV(1.1),Q,N,POL,S1,S1,B6N,_Z,_Z,_Z,XDC,V,N,T0107,2017-Q1,387061,,,F,1,A,6,PLN
OECD.SDD.NAD:DSD_NAMAIN1@DF_QNA_INC_SAV(1.1),Q,N,POL,S1,S1,B6N,_Z,_Z,_Z,XDC,V,N,T0107,2016-Q4,457914,,,F,1,A,6,PLN
OECD.SDD.NAD:DSD_NAMAIN1@DF_QNA_INC_SAV(1.1),Q,N,POL,S1,S1,B6N,_Z,_Z,_Z,XDC,V,N,T0107,2016-Q3,372922,,,F,1,A,6,PLN
OECD.SDD.NAD:DSD_NAMAIN1@DF_QNA_INC_SAV(1.1),Q,N,POL,S1,S1,B6N,_Z,_Z,_Z,XDC,V,N,T0107,2016-Q2,382373,,,F,1,A,6,PLN
OECD.SDD.NAD:DSD_NAMAIN1@DF_QNA_INC_SAV(1.1),Q,N,POL,S1,S1,B6N,_Z,_Z,_Z,XDC,V,N,T0107,2016-Q1,358004,,,F,1,A,6,PLN
OECD.SDD.NAD:DSD_NAMAIN1@DF_QNA_INC_SAV(1.1),Q,N,POL,S1,S1,B6N,_Z,_Z,_Z,XDC,V,N,T0107,2024-Q4,897674,,,F,1,A,6,PLN
OECD.SDD.NAD:DSD_NAMAIN1@DF_QNA_INC_SAV(1.1),Q,N,POL,S1,S1,B6N,_Z,_Z,_Z,XDC,V,N,T0107,2024-Q3,774242,,,F,1,A,6,PLN
OECD.SDD.NAD:DSD_NAMAIN1@DF_QNA_INC_SAV(1.1),Q,N,POL,S1,S1,B6N,_Z,_Z,_Z,XDC,V,N,T0107,2024-Q2,736193,,,F,1,A,6,PLN
OECD.SDD.NAD:DSD_NAMAIN1@DF_QNA_INC_SAV(1.1),Q,N,POL,S1,S1,B6N,_Z,_Z,_Z,XDC,V,N,T0107,2024-Q1,716621,,,F,1,A,6,PLN
OECD.SDD.NAD:DSD_NAMAIN1@DF_QNA_INC_SAV(1.1),Q,N,POL,S1,S1,B6N,_Z,_Z,_Z,XDC,V,N,T0107,2023-Q4,824650,,,F,1,A,6,PLN
OECD.SDD.NAD:DSD_NAMAIN1@DF_QNA_INC_SAV(1.1),Q,N,POL,S1,S1,B6N,_Z,_Z,_Z,XDC,V,N,T0107,2023-Q3,720340,,,F,1,A,6,PLN
OECD.SDD.NAD:DSD_NAMAIN1@DF_QNA_INC_SAV(1.1),Q,N,POL,S1,S1,B6N,_Z,_Z,_Z,XDC,V,N,T0107,2023-Q2,674241,,,F,1,A,6,PLN
OECD.SDD.NAD:DSD_NAMAIN1@DF_QNA_INC_SAV(1.1),Q,N,POL,S1,S1,B6N,_Z,_Z,_Z,XDC,V,N,T0107,2023-Q1,673140,,,F,1,A,6,PLN
OECD.SDD.NAD:DSD_NAMAIN1@DF_QNA_INC_SAV(1.1),Q,N,POL,S1,S1,B6N,_Z,_Z,_Z,XDC,V,N,T0107,2022-Q4,764720,,,F,1,A,6,PLN
OECD.SDD.NAD:DSD_NAMAIN1@DF_QNA_INC_SAV(1.1),Q,N,POL,S1,S1,B6N,_Z,_Z,_Z,XDC,V,N,T0107,2022-Q3,662898,,,F,1,A,6,PLN
OECD.SDD.NAD:DSD_NAMAIN1@DF_QNA_INC_SAV(1.1),Q,N,POL,S1,S1,B6N,_Z,_Z,_Z,XDC,V,N,T0107,2022-Q2,605483,,,F,1,A,6,PLN
OECD.SDD.NAD:DSD_NAMAIN1@DF_QNA_INC_SAV(1.1),Q,N,POL,S1,S1,B6N,_Z,_Z,_Z,XDC,V,N,T0107,2022-Q1,581060,,,F,1,A,6,PLN
OECD.SDD.NAD:DSD_NAMAIN1@DF_QNA_INC_SAV(1.1),Q,N,POL,S1,S1,B6N,_Z,_Z,_Z,XDC,V,N,T0107,2021-Q4,654556,,,F,1,A,6,PLN
OECD.SDD.NAD:DSD_NAMAIN1@DF_QNA_INC_SAV(1.1),Q,N,POL,S1,S1,B6N,_Z,_Z,_Z,XDC,V,N,T0107,2007-Q3,245134,,,F,1,A,6,PLN
OECD.SDD.NAD:DSD_NAMAIN1@DF_QNA_INC_SAV(1.1),Q,N,POL,S1,S1,B6N,_Z,_Z,_Z,XDC,V,N,T0107,2007-Q2,240368,,,F,1,A,6,PLN
OECD.SDD.NAD:DSD_NAMAIN1@DF_QNA_INC_SAV(1.1),Q,N,POL,S1,S1,B6N,_Z,_Z,_Z,XDC,V,N,T0107,2007-Q1,227674,,,F,1,A,6,PLN
OECD.SDD.NAD:DSD_NAMAIN1@DF_QNA_INC_SAV(1.1),Q,N,POL,S1,S1,B6N,_Z,_Z,_Z,XDC,V,N,T0107,2015-Q4,449200,,,F,1,A,6,PLN
OECD.SDD.NAD:DSD_NAMAIN1@DF_QNA_INC_SAV(1.1),Q,N,POL,S1,S1,B6N,_Z,_Z,_Z,XDC,V,N,T0107,2015-Q3,373637,,,F,1,A,6,PLN
OECD.SDD.NAD:DSD_NAMAIN1@DF_QNA_INC_SAV(1.1),Q,N,POL,S1,S1,B6N,_Z,_Z,_Z,XDC,V,N,T0107,2015-Q2,366579,,,F,1,A,6,PLN
OECD.SDD.NAD:DSD_NAMAIN1@DF_QNA_INC_SAV(1.1),Q,N,POL,S1,S1,B6N,_Z,_Z,_Z,XDC,V,N,T0107,2015-Q1,349761,,,F,1,A,6,PLN
OECD.SDD.NAD:DSD_NAMAIN1@DF_QNA_INC_SAV(1.1),Q,N,POL,S1,S1,B6N,_Z,_Z,_Z,XDC,V,N,T0107,2014-Q4,420828,,,F,1,A,6,PLN
OECD.SDD.NAD:DSD_NAMAIN1@DF_QNA_INC_SAV(1.1),Q,N,POL,S1,S1,B6N,_Z,_Z,_Z,XDC,V,N,T0107,2014-Q3,357412,,,F,1,A,6,PLN
OECD.SDD.NAD:DSD_NAMAIN1@DF_QNA_INC_SAV(1.1),Q,N,POL,S1,S1,B6N,_Z,_Z,_Z,XDC,V,N,T0107,2014-Q2,343670,,,F,1,A,6,PLN
OECD.SDD.NAD:DSD_NAMAIN1@DF_QNA_INC_SAV(1.1),Q,N,POL,S1,S1,B6N,_Z,_Z,_Z,XDC,V,N,T0107,2014-Q1,335921,,,F,1,A,6,PLN
OECD.SDD.NAD:DSD_NAMAIN1@DF_QNA_INC_SAV(1.1),Q,N,POL,S1,S1,B6N,_Z,_Z,_Z,XDC,V,N,T0107,2013-Q4,399201,,,F,1,A,6,PLN
OECD.SDD.NAD:DSD_NAMAIN1@DF_QNA_INC_SAV(1.1),Q,N,POL,S1,S1,B6N,_Z,_Z,_Z,XDC,V,N,T0107,2013-Q3,342513,,,F,1,A,6,PLN
OECD.SDD.NAD:DSD_NAMAIN1@DF_QNA_INC_SAV(1.1),Q,N,POL,S1,S1,B6N,_Z,_Z,_Z,XDC,V,N,T0107,2013-Q2,329686,,,F,1,A,6,PLN
OECD.SDD.NAD:DSD_NAMAIN1@DF_QNA_INC_SAV(1.1),Q,N,POL,S1,S1,B6N,_Z,_Z,_Z,XDC,V,N,T0107,2013-Q1,323415,,,F,1,A,6,PLN
OECD.SDD.NAD:DSD_NAMAIN1@DF_QNA_INC_SAV(1.1),Q,N,POL,S1,S1,B6N,_Z,_Z,_Z,XDC,V,N,T0107,2012-Q4,390193,,,F,1,A,6,PLN
OECD.SDD.NAD:DSD_NAMAIN1@DF_QNA_INC_SAV(1.1),Q,N,POL,S1,S1,B6N,_Z,_Z,_Z,XDC,V,N,T0107,2006-Q4,258961,,,F,1,A,6,PLN
OECD.SDD.NAD:DSD_NAMAIN1@DF_QNA_INC_SAV(1.1),Q,N,POL,S1,S1,B6N,_Z,_Z,_Z,XDC,V,N,T0107,2006-Q3,225800,,,F,1,A,6,PLN
OECD.SDD.NAD:DSD_NAMAIN1@DF_QNA_INC_SAV(1.1),Q,N,POL,S1,S1,B6N,_Z,_Z,_Z,XDC,V,N,T0107,2006-Q2,218577,,,F,1,A,6,PLN
OECD.SDD.NAD:DSD_NAMAIN1@DF_QNA_INC_SAV(1.1),Q,N,POL,S1,S1,B6N,_Z,_Z,_Z,XDC,V,N,T0107,2006-Q1,207407,,,F,1,A,6,PLN
OECD.SDD.NAD:DSD_NAMAIN1@DF_QNA_INC_SAV(1.1),Q,N,POL,S1,S1,B6N,_Z,_Z,_Z,XDC,V,N,T0107,2005-Q4,233445,,,F,1,A,6,PLN
OECD.SDD.NAD:DSD_NAMAIN1@DF_QNA_INC_SAV(1.1),Q,N,POL,S1,S1,B6N,_Z,_Z,_Z,XDC,V,N,T0107,2005-Q3,207983,,,F,1,A,6,PLN
OECD.SDD.NAD:DSD_NAMAIN1@DF_QNA_INC_SAV(1.1),Q,N,POL,S1,S1,B6N,_Z,_Z,_Z,XDC,V,N,T0107,2005-Q2,205873,,,F,1,A,6,PLN
OECD.SDD.NAD:DSD_NAMAIN1@DF_QNA_INC_SAV(1.1),Q,N,POL,S1,S1,B6N,_Z,_Z,_Z,XDC,V,N,T0107,2005-Q1,194425,,,F,1,A,6,PLN
OECD.SDD.NAD:DSD_NAMAIN1@DF_QNA_INC_SAV(1.1),Q,N,POL,S1,S1,B6N,_Z,_Z,_Z,XDC,V,N,T0107,2004-Q4,222981,,,F,1,A,6,PLN
OECD.SDD.NAD:DSD_NAMAIN1@DF_QNA_INC_SAV(1.1),Q,N,POL,S1,S1,B6N,_Z,_Z,_Z,XDC,V,N,T0107,2004-Q3,190836,,,F,1,A,6,PLN
OECD.SDD.NAD:DSD_NAMAIN1@DF_QNA_INC_SAV(1.1),Q,N,POL,S1,S1,B6N,_Z,_Z,_Z,XDC,V,N,T0107,2004-Q2,188943,,,F,1,A,6,PLN
OECD.SDD.NAD:DSD_NAMAIN1@DF_QNA_INC_SAV(1.1),Q,N,POL,S1,S1,B6N,_Z,_Z,_Z,XDC,V,N,T0107,2004-Q1,177821,,,F,1,A,6,PLN
OECD.SDD.NAD:DSD_NAMAIN1@DF_QNA_INC_SAV(1.1),Q,N,POL,S1,S1,B6N,_Z,_Z,_Z,XDC,V,N,T0107,2025-Q2,786434,,,F,1,A,6,PLN
OECD.SDD.NAD:DSD_NAMAIN1@DF_QNA_INC_SAV(1.1),Q,N,POL,S1,S1,B6N,_Z,_Z,_Z,XDC,V,N,T0107,2025-Q1,761885,,,F,1,A,6,PLN
OECD.SDD.NAD:DSD_NAMAIN1@DF_QNA_INC_SAV(1.1),Q,N,POL,S1,S1,B6N,_Z,_Z,_Z,XDC,V,N,T0107,2021-Q1,496899,,,F,1,A,6,PLN
OECD.SDD.NAD:DSD_NAMAIN1@DF_QNA_INC_SAV(1.1),Q,N,POL,S1,S1,B6N,_Z,_Z,_Z,XDC,V,N,T0107,2020-Q4,582433,,,F,1,A,6,PLN
OECD.SDD.NAD:DSD_NAMAIN1@DF_QNA_INC_SAV(1.1),Q,N,POL,S1,S1,B6N,_Z,_Z,_Z,XDC,V,N,T0107,2018-Q2,434115,,,F,1,A,6,PLN
OECD.SDD.NAD:DSD_NAMAIN1@DF_QNA_INC_SAV(1.1),Q,N,POL,S1,S1,B6N,_Z,_Z,_Z,XDC,V,N,T0107,2018-Q1,413922,,,F,1,A,6,PLN
OECD.SDD.NAD:DSD_NAMAIN1@DF_QNA_INC_SAV(1.1),Q,N,POL,S1,S1,B6N,_Z,_Z,_Z,XDC,V,N,T0107,2017-Q4,488165,,,F,1,A,6,PLN
OECD.SDD.NAD:DSD_NAMAIN1@DF_QNA_INC_SAV(1.1),Q,N,POL,S1,S1,B6N,_Z,_Z,_Z,XDC,V,N,T0107,2017-Q3,413044,,,F,1,A,6,PLN
OECD.SDD.NAD:DSD_NAMAIN1@DF_QNA_INC_SAV(1.1),Q,N,POL,S1,S1,B6N,_Z,_Z,_Z,XDC,V,N,T0107,2017-Q2,400308,,,F,1,A,6,PLN
OECD.SDD.NAD:DSD_NAMAIN1@DF_QNA_INC_SAV(1.1),Q,N,POL,S1,S1,B6N,_Z,_Z,_Z,XDC,V,N,T0107,2003-Q1,168603,,,F,1,E,6,PLN
OECD.SDD.NAD:DSD_NAMAIN1@DF_QNA_INC_SAV(1.1),Q,N,POL,S1,S1,B6N,_Z,_Z,_Z,XDC,V,N,T0107,2002-Q4,195619,,,F,1,E,6,PLN
OECD.SDD.NAD:DSD_NAMAIN1@DF_QNA_INC_SAV(1.1),Q,N,POL,S1,S1,B6N,_Z,_Z,_Z,XDC,V,N,T0107,2000-Q3,163488,,,F,1,E,6,PLN
OECD.SDD.NAD:DSD_NAMAIN1@DF_QNA_INC_SAV(1.1),Q,N,POL,S1,S1,B6N,_Z,_Z,_Z,XDC,V,N,T0107,2000-Q2,158874,,,F,1,E,6,PLN
OECD.SDD.NAD:DSD_NAMAIN1@DF_QNA_INC_SAV(1.1),Q,N,POL,S1,S1,B6N,_Z,_Z,_Z,XDC,V,N,T0107,2000-Q1,146337,,,F,1,E,6,PLN
OECD.SDD.NAD:DSD_NAMAIN1@DF_QNA_INC_SAV(1.1),Q,N,POL,S1,S1,B6N,_Z,_Z,_Z,XDC,V,N,T0107,2002-Q3,176294,,,F,1,E,6,PLN
OECD.SDD.NAD:DSD_NAMAIN1@DF_QNA_INC_SAV(1.1),Q,N,POL,S1,S1,B6N,_Z,_Z,_Z,XDC,V,N,T0107,2002-Q2,172826,,,F,1,E,6,PLN
OECD.SDD.NAD:DSD_NAMAIN1@DF_QNA_INC_SAV(1.1),Q,N,POL,S1,S1,B6N,_Z,_Z,_Z,XDC,V,N,T0107,2002-Q1,165062,,,F,1,E,6,PLN
OECD.SDD.NAD:DSD_NAMAIN1@DF_QNA_INC_SAV(1.1),Q,N,POL,S1,S1,B6N,_Z,_Z,_Z,XDC,V,N,T0107,2001-Q4,189503,,,F,1,E,6,PLN
OECD.SDD.NAD:DSD_NAMAIN1@DF_QNA_INC_SAV(1.1),Q,N,POL,S1,S1,B6N,_Z,_Z,_Z,XDC,V,N,T0107,2001-Q3,171078,,,F,1,E,6,PLN
OECD.SDD.NAD:DSD_NAMAIN1@DF_QNA_INC_SAV(1.1),Q,N,POL,S1,S1,B6N,_Z,_Z,_Z,XDC,V,N,T0107,2001-Q2,164843,,,F,1,E,6,PLN
OECD.SDD.NAD:DSD_NAMAIN1@DF_QNA_INC_SAV(1.1),Q,N,POL,S1,S1,B6N,_Z,_Z,_Z,XDC,V,N,T0107,2001-Q1,156938,,,F,1,E,6,PLN
OECD.SDD.NAD:DSD_NAMAIN1@DF_QNA_INC_SAV(1.1),Q,N,POL,S1,S1,B6N,_Z,_Z,_Z,XDC,V,N,T0107,2000-Q4,185265,,,F,1,E,6,PLN
OECD.SDD.NAD:DSD_NAMAIN1@DF_QNA_INC_SAV(1.1),Q,N,POL,S1,S1,B6N,_Z,_Z,_Z,XDC,V,N,T0107,2003-Q4,206138,,,F,1,E,6,PLN
OECD.SDD.NAD:DSD_NAMAIN1@DF_QNA_INC_SAV(1.1),Q,N,POL,S1,S1,B6N,_Z,_Z,_Z,XDC,V,N,T0107,2003-Q3,182255,,,F,1,E,6,PLN
OECD.SDD.NAD:DSD_NAMAIN1@DF_QNA_INC_SAV(1.1),Q,N,POL,S1,S1,B6N,_Z,_Z,_Z,XDC,V,N,T0107,2003-Q2,178972,,,F,1,E,6,PLN
OECD.SDD.NAD:DSD_NAMAIN1@DF_QNA_INC_SAV(1.1),Q,N,POL,S1,S1,B6N,_Z,_Z,_Z,XDC,V,N,T0107,2012-Q3,337382,,,F,1,A,6,PLN
OECD.SDD.NAD:DSD_NAMAIN1@DF_QNA_INC_SAV(1.1),Q,N,POL,S1,S1,B6N,_Z,_Z,_Z,XDC,V,N,T0107,2012-Q2,338088,,,F,1,A,6,PLN
OECD.SDD.NAD:DSD_NAMAIN1@DF_QNA_INC_SAV(1.1),Q,N,POL,S1,S1,B6N,_Z,_Z,_Z,XDC,V,N,T0107,2012-Q1,318839,,,F,1,A,6,PLN
OECD.SDD.NAD:DSD_NAMAIN1@DF_QNA_INC_SAV(1.1),Q,N,POL,S1,S1,B6N,_Z,_Z,_Z,XDC,V,N,T0107,2011-Q4,390991,,,F,1,A,6,PLN
OECD.SDD.NAD:DSD_NAMAIN1@DF_QNA_INC_SAV(1.1),Q,N,POL,S1,S1,B6N,_Z,_Z,_Z,XDC,V,N,T0107,2011-Q3,328182,,,F,1,A,6,PLN
OECD.SDD.NAD:DSD_NAMAIN1@DF_QNA_INC_SAV(1.1),Q,N,POL,S1,S1,B6N,_Z,_Z,_Z,XDC,V,N,T0107,2011-Q2,319853,,,F,1,A,6,PLN
OECD.SDD.NAD:DSD_NAMAIN1@DF_QNA_INC_SAV(1.1),Q,N,POL,S1,S1,B6N,_Z,_Z,_Z,XDC,V,N,T0107,2011-Q1,307768,,,F,1,A,6,PLN
OECD.SDD.NAD:DSD_NAMAIN1@DF_QNA_INC_SAV(1.1),Q,N,POL,S1,S1,B6N,_Z,_Z,_Z,XDC,V,N,T0107,2010-Q4,351073,,,F,1,A,6,PLN
OECD.SDD.NAD:DSD_NAMAIN1@DF_QNA_INC_SAV(1.1),Q,N,POL,S1,S1,B6N,_Z,_Z,_Z,XDC,V,N,T0107,2010-Q3,303645,,,F,1,A,6,PLN
OECD.SDD.NAD:DSD_NAMAIN1@DF_QNA_INC_SAV(1.1),Q,N,POL,S1,S1,B6N,_Z,_Z,_Z,XDC,V,N,T0107,2010-Q2,300117,,,F,1,A,6,PLN
OECD.SDD.NAD:DSD_NAMAIN1@DF_QNA_INC_SAV(1.1),Q,N,POL,S1,S1,B6N,_Z,_Z,_Z,XDC,V,N,T0107,2010-Q1,280150,,,F,1,A,6,PLN
OECD.SDD.NAD:DSD_NAMAIN1@DF_QNA_INC_SAV(1.1),Q,N,POL,S1,S1,B6N,_Z,_Z,_Z,XDC,V,N,T0107,2009-Q4,331894,,,F,1,A,6,PLN
OECD.SDD.NAD:DSD_NAMAIN1@DF_QNA_INC_SAV(1.1),Q,N,POL,S1,S1,B6N,_Z,_Z,_Z,XDC,V,N,T0107,2009-Q3,290426,,,F,1,A,6,PLN
OECD.SDD.NAD:DSD_NAMAIN1@DF_QNA_INC_SAV(1.1),Q,N,POL,S1,S1,B6N,_Z,_Z,_Z,XDC,V,N,T0107,2009-Q2,282350,,,F,1,A,6,PLN
OECD.SDD.NAD:DSD_NAMAIN1@DF_QNA_INC_SAV(1.1),Q,N,POL,S1,S1,B6N,_Z,_Z,_Z,XDC,V,N,T0107,2009-Q1,273601,,,F,1,A,6,PLN
OECD.SDD.NAD:DSD_NAMAIN1@DF_QNA_INC_SAV(1.1),Q,N,POL,S1,S1,B6N,_Z,_Z,_Z,XDC,V,N,T0107,2008-Q4,315016,,,F,1,A,6,PLN
OECD.SDD.NAD:DSD_NAMAIN1@DF_QNA_INC_SAV(1.1),Q,N,POL,S1,S1,B6N,_Z,_Z,_Z,XDC,V,N,T0107,2008-Q3,270900,,,F,1,A,6,PLN
OECD.SDD.NAD:DSD_NAMAIN1@DF_QNA_INC_SAV(1.1),Q,N,POL,S1,S1,B6N,_Z,_Z,_Z,XDC,V,N,T0107,2008-Q2,270642,,,F,1,A,6,PLN
OECD.SDD.NAD:DSD_NAMAIN1@DF_QNA_INC_SAV(1.1),Q,N,SWE,S1,S1,B6N,_Z,_Z,_Z,XDC,V,N,T0107,2014-Q1,770758,,,F,1,A,6,SEK
OECD.SDD.NAD:DSD_NAMAIN1@DF_QNA_INC_SAV(1.1),Q,N,SWE,S1,S1,B6N,_Z,_Z,_Z,XDC,V,N,T0107,2020-Q2,1032366,,,F,1,A,6,SEK
OECD.SDD.NAD:DSD_NAMAIN1@DF_QNA_INC_SAV(1.1),Q,N,SWE,S1,S1,B6N,_Z,_Z,_Z,XDC,V,N,T0107,2020-Q1,1032954,,,F,1,A,6,SEK
OECD.SDD.NAD:DSD_NAMAIN1@DF_QNA_INC_SAV(1.1),Q,N,SWE,S1,S1,B6N,_Z,_Z,_Z,XDC,V,N,T0107,2019-Q4,1132118,,,F,1,A,6,SEK
OECD.SDD.NAD:DSD_NAMAIN1@DF_QNA_INC_SAV(1.1),Q,N,SWE,S1,S1,B6N,_Z,_Z,_Z,XDC,V,N,T0107,2022-Q2,1251285,,,F,1,A,6,SEK
OECD.SDD.NAD:DSD_NAMAIN1@DF_QNA_INC_SAV(1.1),Q,N,SWE,S1,S1,B6N,_Z,_Z,_Z,XDC,V,N,T0107,2022-Q1,1127025,,,F,1,A,6,SEK
OECD.SDD.NAD:DSD_NAMAIN1@DF_QNA_INC_SAV(1.1),Q,N,SWE,S1,S1,B6N,_Z,_Z,_Z,XDC,V,N,T0107,2021-Q4,1261408,,,F,1,A,6,SEK
OECD.SDD.NAD:DSD_NAMAIN1@DF_QNA_INC_SAV(1.1),Q,N,SWE,S1,S1,B6N,_Z,_Z,_Z,XDC,V,N,T0107,2021-Q3,1096438,,,F,1,A,6,SEK
OECD.SDD.NAD:DSD_NAMAIN1@DF_QNA_INC_SAV(1.1),Q,N,SWE,S1,S1,B6N,_Z,_Z,_Z,XDC,V,N,T0107,2021-Q2,1169254,,,F,1,A,6,SEK
OECD.SDD.NAD:DSD_NAMAIN1@DF_QNA_INC_SAV(1.1),Q,N,SWE,S1,S1,B6N,_Z,_Z,_Z,XDC,V,N,T0107,2021-Q1,1059240,,,F,1,A,6,SEK
OECD.SDD.NAD:DSD_NAMAIN1@DF_QNA_INC_SAV(1.1),Q,N,SWE,S1,S1,B6N,_Z,_Z,_Z,XDC,V,N,T0107,2020-Q4,1124557,,,F,1,A,6,SEK
OECD.SDD.NAD:DSD_NAMAIN1@DF_QNA_INC_SAV(1.1),Q,N,SWE,S1,S1,B6N,_Z,_Z,_Z,XDC,V,N,T0107,2020-Q3,1015739,,,F,1,A,6,SEK
OECD.SDD.NAD:DSD_NAMAIN1@DF_QNA_INC_SAV(1.1),Q,N,SWE,S1,S1,B6N,_Z,_Z,_Z,XDC,V,N,T0107,2017-Q2,961673,,,F,1,A,6,SEK
OECD.SDD.NAD:DSD_NAMAIN1@DF_QNA_INC_SAV(1.1),Q,N,SWE,S1,S1,B6N,_Z,_Z,_Z,XDC,V,N,T0107,2017-Q1,901152,,,F,1,A,6,SEK
OECD.SDD.NAD:DSD_NAMAIN1@DF_QNA_INC_SAV(1.1),Q,N,SWE,S1,S1,B6N,_Z,_Z,_Z,XDC,V,N,T0107,2016-Q4,992237,,,F,1,A,6,SEK
OECD.SDD.NAD:DSD_NAMAIN1@DF_QNA_INC_SAV(1.1),Q,N,SWE,S1,S1,B6N,_Z,_Z,_Z,XDC,V,N,T0107,2016-Q3,878072,,,F,1,A,6,SEK
OECD.SDD.NAD:DSD_NAMAIN1@DF_QNA_INC_SAV(1.1),Q,N,SWE,S1,S1,B6N,_Z,_Z,_Z,XDC,V,N,T0107,2025-Q3,1357244,,,F,1,A,6,SEK
OECD.SDD.NAD:DSD_NAMAIN1@DF_QNA_INC_SAV(1.1),Q,N,SWE,S1,S1,B6N,_Z,_Z,_Z,XDC,V,N,T0107,2025-Q2,1402817,,,F,1,A,6,SEK
OECD.SDD.NAD:DSD_NAMAIN1@DF_QNA_INC_SAV(1.1),Q,N,SWE,S1,S1,B6N,_Z,_Z,_Z,XDC,V,N,T0107,2025-Q1,1310193,,,F,1,A,6,SEK
OECD.SDD.NAD:DSD_NAMAIN1@DF_QNA_INC_SAV(1.1),Q,N,SWE,S1,S1,B6N,_Z,_Z,_Z,XDC,V,N,T0107,2024-Q4,1429195,,,F,1,A,6,SEK
OECD.SDD.NAD:DSD_NAMAIN1@DF_QNA_INC_SAV(1.1),Q,N,SWE,S1,S1,B6N,_Z,_Z,_Z,XDC,V,N,T0107,2024-Q3,1308702,,,F,1,A,6,SEK
OECD.SDD.NAD:DSD_NAMAIN1@DF_QNA_INC_SAV(1.1),Q,N,SWE,S1,S1,B6N,_Z,_Z,_Z,XDC,V,N,T0107,2024-Q2,1398232,,,F,1,A,6,SEK
OECD.SDD.NAD:DSD_NAMAIN1@DF_QNA_INC_SAV(1.1),Q,N,SWE,S1,S1,B6N,_Z,_Z,_Z,XDC,V,N,T0107,2024-Q1,1267018,,,F,1,A,6,SEK
OECD.SDD.NAD:DSD_NAMAIN1@DF_QNA_INC_SAV(1.1),Q,N,SWE,S1,S1,B6N,_Z,_Z,_Z,XDC,V,N,T0107,2023-Q4,1371870,,,F,1,A,6,SEK
OECD.SDD.NAD:DSD_NAMAIN1@DF_QNA_INC_SAV(1.1),Q,N,SWE,S1,S1,B6N,_Z,_Z,_Z,XDC,V,N,T0107,2023-Q3,1257337,,,F,1,A,6,SEK
OECD.SDD.NAD:DSD_NAMAIN1@DF_QNA_INC_SAV(1.1),Q,N,SWE,S1,S1,B6N,_Z,_Z,_Z,XDC,V,N,T0107,2023-Q2,1326771,,,F,1,A,6,SEK
OECD.SDD.NAD:DSD_NAMAIN1@DF_QNA_INC_SAV(1.1),Q,N,SWE,S1,S1,B6N,_Z,_Z,_Z,XDC,V,N,T0107,2023-Q1,1232907,,,F,1,A,6,SEK
OECD.SDD.NAD:DSD_NAMAIN1@DF_QNA_INC_SAV(1.1),Q,N,SWE,S1,S1,B6N,_Z,_Z,_Z,XDC,V,N,T0107,2022-Q4,1324380,,,F,1,A,6,SEK
OECD.SDD.NAD:DSD_NAMAIN1@DF_QNA_INC_SAV(1.1),Q,N,SWE,S1,S1,B6N,_Z,_Z,_Z,XDC,V,N,T0107,2022-Q3,1181551,,,F,1,A,6,SEK
OECD.SDD.NAD:DSD_NAMAIN1@DF_QNA_INC_SAV(1.1),Q,N,SWE,S1,S1,B6N,_Z,_Z,_Z,XDC,V,N,T0107,2013-Q4,859222,,,F,1,A,6,SEK
OECD.SDD.NAD:DSD_NAMAIN1@DF_QNA_INC_SAV(1.1),Q,N,SWE,S1,S1,B6N,_Z,_Z,_Z,XDC,V,N,T0107,2013-Q3,772409,,,F,1,A,6,SEK
OECD.SDD.NAD:DSD_NAMAIN1@DF_QNA_INC_SAV(1.1),Q,N,SWE,S1,S1,B6N,_Z,_Z,_Z,XDC,V,N,T0107,2013-Q2,804492,,,F,1,A,6,SEK
OECD.SDD.NAD:DSD_NAMAIN1@DF_QNA_INC_SAV(1.1),Q,N,SWE,S1,S1,B6N,_Z,_Z,_Z,XDC,V,N,T0107,2013-Q1,747411,,,F,1,A,6,SEK
OECD.SDD.NAD:DSD_NAMAIN1@DF_QNA_INC_SAV(1.1),Q,N,SWE,S1,S1,B6N,_Z,_Z,_Z,XDC,V,N,T0107,2012-Q4,828615,,,F,1,A,6,SEK
OECD.SDD.NAD:DSD_NAMAIN1@DF_QNA_INC_SAV(1.1),Q,N,SWE,S1,S1,B6N,_Z,_Z,_Z,XDC,V,N,T0107,2012-Q3,754977,,,F,1,A,6,SEK
OECD.SDD.NAD:DSD_NAMAIN1@DF_QNA_INC_SAV(1.1),Q,N,SWE,S1,S1,B6N,_Z,_Z,_Z,XDC,V,N,T0107,2012-Q2,791918,,,F,1,A,6,SEK
OECD.SDD.NAD:DSD_NAMAIN1@DF_QNA_INC_SAV(1.1),Q,N,SWE,S1,S1,B6N,_Z,_Z,_Z,XDC,V,N,T0107,2001-Q3,488196,,,F,1,A,6,SEK
OECD.SDD.NAD:DSD_NAMAIN1@DF_QNA_INC_SAV(1.1),Q,N,SWE,S1,S1,B6N,_Z,_Z,_Z,XDC,V,N,T0107,2001-Q2,521693,,,F,1,A,6,SEK
OECD.SDD.NAD:DSD_NAMAIN1@DF_QNA_INC_SAV(1.1),Q,N,SWE,S1,S1,B6N,_Z,_Z,_Z,XDC,V,N,T0107,2001-Q1,497025,,,F,1,A,6,SEK
OECD.SDD.NAD:DSD_NAMAIN1@DF_QNA_INC_SAV(1.1),Q,N,SWE,S1,S1,B6N,_Z,_Z,_Z,XDC,V,N,T0107,2000-Q4,542545,,,F,1,A,6,SEK
OECD.SDD.NAD:DSD_NAMAIN1@DF_QNA_INC_SAV(1.1),Q,N,SWE,S1,S1,B6N,_Z,_Z,_Z,XDC,V,N,T0107,2000-Q3,480136,,,F,1,A,6,SEK
OECD.SDD.NAD:DSD_NAMAIN1@DF_QNA_INC_SAV(1.1),Q,N,SWE,S1,S1,B6N,_Z,_Z,_Z,XDC,V,N,T0107,2000-Q2,504856,,,F,1,A,6,SEK
OECD.SDD.NAD:DSD_NAMAIN1@DF_QNA_INC_SAV(1.1),Q,N,SWE,S1,S1,B6N,_Z,_Z,_Z,XDC,V,N,T0107,2000-Q1,469009,,,F,1,A,6,SEK
OECD.SDD.NAD:DSD_NAMAIN1@DF_QNA_INC_SAV(1.1),Q,N,SWE,S1,S1,B6N,_Z,_Z,_Z,XDC,V,N,T0107,2014-Q3,811983,,,F,1,A,6,SEK
OECD.SDD.NAD:DSD_NAMAIN1@DF_QNA_INC_SAV(1.1),Q,N,SWE,S1,S1,B6N,_Z,_Z,_Z,XDC,V,N,T0107,2014-Q2,828271,,,F,1,A,6,SEK
OECD.SDD.NAD:DSD_NAMAIN1@DF_QNA_INC_SAV(1.1),Q,N,SWE,S1,S1,B6N,_Z,_Z,_Z,XDC,V,N,T0107,2012-Q1,744974,,,F,1,A,6,SEK
OECD.SDD.NAD:DSD_NAMAIN1@DF_QNA_INC_SAV(1.1),Q,N,SWE,S1,S1,B6N,_Z,_Z,_Z,XDC,V,N,T0107,2011-Q4,809202,,,F,1,A,6,SEK
OECD.SDD.NAD:DSD_NAMAIN1@DF_QNA_INC_SAV(1.1),Q,N,SWE,S1,S1,B6N,_Z,_Z,_Z,XDC,V,N,T0107,2011-Q3,760554,,,F,1,A,6,SEK
OECD.SDD.NAD:DSD_NAMAIN1@DF_QNA_INC_SAV(1.1),Q,N,SWE,S1,S1,B6N,_Z,_Z,_Z,XDC,V,N,T0107,2011-Q2,799855,,,F,1,A,6,SEK
OECD.SDD.NAD:DSD_NAMAIN1@DF_QNA_INC_SAV(1.1),Q,N,SWE,S1,S1,B6N,_Z,_Z,_Z,XDC,V,N,T0107,2011-Q1,749867,,,F,1,A,6,SEK
OECD.SDD.NAD:DSD_NAMAIN1@DF_QNA_INC_SAV(1.1),Q,N,SWE,S1,S1,B6N,_Z,_Z,_Z,XDC,V,N,T0107,2016-Q2,913577,,,F,1,A,6,SEK
OECD.SDD.NAD:DSD_NAMAIN1@DF_QNA_INC_SAV(1.1),Q,N,SWE,S1,S1,B6N,_Z,_Z,_Z,XDC,V,N,T0107,2016-Q1,837148,,,F,1,A,6,SEK
OECD.SDD.NAD:DSD_NAMAIN1@DF_QNA_INC_SAV(1.1),Q,N,SWE,S1,S1,B6N,_Z,_Z,_Z,XDC,V,N,T0107,2015-Q4,949888,,,F,1,A,6,SEK
OECD.SDD.NAD:DSD_NAMAIN1@DF_QNA_INC_SAV(1.1),Q,N,SWE,S1,S1,B6N,_Z,_Z,_Z,XDC,V,N,T0107,2015-Q3,851801,,,F,1,A,6,SEK
OECD.SDD.NAD:DSD_NAMAIN1@DF_QNA_INC_SAV(1.1),Q,N,SWE,S1,S1,B6N,_Z,_Z,_Z,XDC,V,N,T0107,2015-Q2,883070,,,F,1,A,6,SEK
OECD.SDD.NAD:DSD_NAMAIN1@DF_QNA_INC_SAV(1.1),Q,N,SWE,S1,S1,B6N,_Z,_Z,_Z,XDC,V,N,T0107,2015-Q1,809685,,,F,1,A,6,SEK
OECD.SDD.NAD:DSD_NAMAIN1@DF_QNA_INC_SAV(1.1),Q,N,SWE,S1,S1,B6N,_Z,_Z,_Z,XDC,V,N,T0107,2014-Q4,898197,,,F,1,A,6,SEK
OECD.SDD.NAD:DSD_NAMAIN1@DF_QNA_INC_SAV(1.1),Q,N,SWE,S1,S1,B6N,_Z,_Z,_Z,XDC,V,N,T0107,2019-Q3,1028111,,,F,1,A,6,SEK
OECD.SDD.NAD:DSD_NAMAIN1@DF_QNA_INC_SAV(1.1),Q,N,SWE,S1,S1,B6N,_Z,_Z,_Z,XDC,V,N,T0107,2019-Q2,1067961,,,F,1,A,6,SEK
OECD.SDD.NAD:DSD_NAMAIN1@DF_QNA_INC_SAV(1.1),Q,N,SWE,S1,S1,B6N,_Z,_Z,_Z,XDC,V,N,T0107,2019-Q1,991666,,,F,1,A,6,SEK
OECD.SDD.NAD:DSD_NAMAIN1@DF_QNA_INC_SAV(1.1),Q,N,SWE,S1,S1,B6N,_Z,_Z,_Z,XDC,V,N,T0107,2018-Q4,1076470,,,F,1,A,6,SEK
OECD.SDD.NAD:DSD_NAMAIN1@DF_QNA_INC_SAV(1.1),Q,N,SWE,S1,S1,B6N,_Z,_Z,_Z,XDC,V,N,T0107,2018-Q3,962570,,,F,1,A,6,SEK
OECD.SDD.NAD:DSD_NAMAIN1@DF_QNA_INC_SAV(1.1),Q,N,SWE,S1,S1,B6N,_Z,_Z,_Z,XDC,V,N,T0107,2018-Q2,1003448,,,F,1,A,6,SEK
OECD.SDD.NAD:DSD_NAMAIN1@DF_QNA_INC_SAV(1.1),Q,N,SWE,S1,S1,B6N,_Z,_Z,_Z,XDC,V,N,T0107,2018-Q1,929997,,,F,1,A,6,SEK
OECD.SDD.NAD:DSD_NAMAIN1@DF_QNA_INC_SAV(1.1),Q,N,SWE,S1,S1,B6N,_Z,_Z,_Z,XDC,V,N,T0107,2017-Q4,1024890,,,F,1,A,6,SEK
OECD.SDD.NAD:DSD_NAMAIN1@DF_QNA_INC_SAV(1.1),Q,N,SWE,S1,S1,B6N,_Z,_Z,_Z,XDC,V,N,T0107,2017-Q3,916129,,,F,1,A,6,SEK
OECD.SDD.NAD:DSD_NAMAIN1@DF_QNA_INC_SAV(1.1),Q,N,SWE,S1,S1,B6N,_Z,_Z,_Z,XDC,V,N,T0107,2007-Q4,768540,,,F,1,A,6,SEK
OECD.SDD.NAD:DSD_NAMAIN1@DF_QNA_INC_SAV(1.1),Q,N,SWE,S1,S1,B6N,_Z,_Z,_Z,XDC,V,N,T0107,2007-Q3,678659,,,F,1,A,6,SEK
OECD.SDD.NAD:DSD_NAMAIN1@DF_QNA_INC_SAV(1.1),Q,N,SWE,S1,S1,B6N,_Z,_Z,_Z,XDC,V,N,T0107,2007-Q2,710755,,,F,1,A,6,SEK
OECD.SDD.NAD:DSD_NAMAIN1@DF_QNA_INC_SAV(1.1),Q,N,SWE,S1,S1,B6N,_Z,_Z,_Z,XDC,V,N,T0107,2007-Q1,677182,,,F,1,A,6,SEK
OECD.SDD.NAD:DSD_NAMAIN1@DF_QNA_INC_SAV(1.1),Q,N,SWE,S1,S1,B6N,_Z,_Z,_Z,XDC,V,N,T0107,2006-Q4,723675,,,F,1,A,6,SEK
OECD.SDD.NAD:DSD_NAMAIN1@DF_QNA_INC_SAV(1.1),Q,N,SWE,S1,S1,B6N,_Z,_Z,_Z,XDC,V,N,T0107,2006-Q3,639782,,,F,1,A,6,SEK
OECD.SDD.NAD:DSD_NAMAIN1@DF_QNA_INC_SAV(1.1),Q,N,SWE,S1,S1,B6N,_Z,_Z,_Z,XDC,V,N,T0107,2006-Q2,664567,,,F,1,A,6,SEK
OECD.SDD.NAD:DSD_NAMAIN1@DF_QNA_INC_SAV(1.1),Q,N,SWE,S1,S1,B6N,_Z,_Z,_Z,XDC,V,N,T0107,2006-Q1,622257,,,F,1,A,6,SEK
OECD.SDD.NAD:DSD_NAMAIN1@DF_QNA_INC_SAV(1.1),Q,N,SWE,S1,S1,B6N,_Z,_Z,_Z,XDC,V,N,T0107,2005-Q4,664229,,,F,1,A,6,SEK
OECD.SDD.NAD:DSD_NAMAIN1@DF_QNA_INC_SAV(1.1),Q,N,SWE,S1,S1,B6N,_Z,_Z,_Z,XDC,V,N,T0107,2005-Q3,591859,,,F,1,A,6,SEK
OECD.SDD.NAD:DSD_NAMAIN1@DF_QNA_INC_SAV(1.1),Q,N,SWE,S1,S1,B6N,_Z,_Z,_Z,XDC,V,N,T0107,2005-Q2,624156,,,F,1,A,6,SEK
OECD.SDD.NAD:DSD_NAMAIN1@DF_QNA_INC_SAV(1.1),Q,N,SWE,S1,S1,B6N,_Z,_Z,_Z,XDC,V,N,T0107,2005-Q1,568827,,,F,1,A,6,SEK
OECD.SDD.NAD:DSD_NAMAIN1@DF_QNA_INC_SAV(1.1),Q,N,SWE,S1,S1,B6N,_Z,_Z,_Z,XDC,V,N,T0107,2004-Q4,631748,,,F,1,A,6,SEK
OECD.SDD.NAD:DSD_NAMAIN1@DF_QNA_INC_SAV(1.1),Q,N,SWE,S1,S1,B6N,_Z,_Z,_Z,XDC,V,N,T0107,2004-Q3,565002,,,F,1,A,6,SEK
OECD.SDD.NAD:DSD_NAMAIN1@DF_QNA_INC_SAV(1.1),Q,N,SWE,S1,S1,B6N,_Z,_Z,_Z,XDC,V,N,T0107,2004-Q2,597835,,,F,1,A,6,SEK
OECD.SDD.NAD:DSD_NAMAIN1@DF_QNA_INC_SAV(1.1),Q,N,SWE,S1,S1,B6N,_Z,_Z,_Z,XDC,V,N,T0107,2004-Q1,550645,,,F,1,A,6,SEK
OECD.SDD.NAD:DSD_NAMAIN1@DF_QNA_INC_SAV(1.1),Q,N,SWE,S1,S1,B6N,_Z,_Z,_Z,XDC,V,N,T0107,2003-Q4,608579,,,F,1,A,6,SEK
OECD.SDD.NAD:DSD_NAMAIN1@DF_QNA_INC_SAV(1.1),Q,N,SWE,S1,S1,B6N,_Z,_Z,_Z,XDC,V,N,T0107,2003-Q3,546279,,,F,1,A,6,SEK
OECD.SDD.NAD:DSD_NAMAIN1@DF_QNA_INC_SAV(1.1),Q,N,SWE,S1,S1,B6N,_Z,_Z,_Z,XDC,V,N,T0107,2003-Q2,570904,,,F,1,A,6,SEK
OECD.SDD.NAD:DSD_NAMAIN1@DF_QNA_INC_SAV(1.1),Q,N,SWE,S1,S1,B6N,_Z,_Z,_Z,XDC,V,N,T0107,2003-Q1,543539,,,F,1,A,6,SEK
OECD.SDD.NAD:DSD_NAMAIN1@DF_QNA_INC_SAV(1.1),Q,N,SWE,S1,S1,B6N,_Z,_Z,_Z,XDC,V,N,T0107,2002-Q4,573883,,,F,1,A,6,SEK
OECD.SDD.NAD:DSD_NAMAIN1@DF_QNA_INC_SAV(1.1),Q,N,SWE,S1,S1,B6N,_Z,_Z,_Z,XDC,V,N,T0107,2002-Q3,513819,,,F,1,A,6,SEK
OECD.SDD.NAD:DSD_NAMAIN1@DF_QNA_INC_SAV(1.1),Q,N,SWE,S1,S1,B6N,_Z,_Z,_Z,XDC,V,N,T0107,2002-Q2,550532,,,F,1,A,6,SEK
OECD.SDD.NAD:DSD_NAMAIN1@DF_QNA_INC_SAV(1.1),Q,N,SWE,S1,S1,B6N,_Z,_Z,_Z,XDC,V,N,T0107,2002-Q1,508231,,,F,1,A,6,SEK
OECD.SDD.NAD:DSD_NAMAIN1@DF_QNA_INC_SAV(1.1),Q,N,SWE,S1,S1,B6N,_Z,_Z,_Z,XDC,V,N,T0107,2001-Q4,555582,,,F,1,A,6,SEK
OECD.SDD.NAD:DSD_NAMAIN1@DF_QNA_INC_SAV(1.1),Q,N,SWE,S1,S1,B6N,_Z,_Z,_Z,XDC,V,N,T0107,2010-Q4,812197,,,F,1,A,6,SEK
OECD.SDD.NAD:DSD_NAMAIN1@DF_QNA_INC_SAV(1.1),Q,N,SWE,S1,S1,B6N,_Z,_Z,_Z,XDC,V,N,T0107,2010-Q3,727687,,,F,1,A,6,SEK
OECD.SDD.NAD:DSD_NAMAIN1@DF_QNA_INC_SAV(1.1),Q,N,SWE,S1,S1,B6N,_Z,_Z,_Z,XDC,V,N,T0107,2010-Q2,767039,,,F,1,A,6,SEK
OECD.SDD.NAD:DSD_NAMAIN1@DF_QNA_INC_SAV(1.1),Q,N,SWE,S1,S1,B6N,_Z,_Z,_Z,XDC,V,N,T0107,2010-Q1,687413,,,F,1,A,6,SEK
OECD.SDD.NAD:DSD_NAMAIN1@DF_QNA_INC_SAV(1.1),Q,N,SWE,S1,S1,B6N,_Z,_Z,_Z,XDC,V,N,T0107,2009-Q4,740085,,,F,1,A,6,SEK
OECD.SDD.NAD:DSD_NAMAIN1@DF_QNA_INC_SAV(1.1),Q,N,SWE,S1,S1,B6N,_Z,_Z,_Z,XDC,V,N,T0107,2009-Q3,658452,,,F,1,A,6,SEK
OECD.SDD.NAD:DSD_NAMAIN1@DF_QNA_INC_SAV(1.1),Q,N,SWE,S1,S1,B6N,_Z,_Z,_Z,XDC,V,N,T0107,2009-Q2,708583,,,F,1,A,6,SEK
OECD.SDD.NAD:DSD_NAMAIN1@DF_QNA_INC_SAV(1.1),Q,N,SWE,S1,S1,B6N,_Z,_Z,_Z,XDC,V,N,T0107,2009-Q1,646177,,,F,1,A,6,SEK
OECD.SDD.NAD:DSD_NAMAIN1@DF_QNA_INC_SAV(1.1),Q,N,SWE,S1,S1,B6N,_Z,_Z,_Z,XDC,V,N,T0107,2008-Q4,739009,,,F,1,A,6,SEK
OECD.SDD.NAD:DSD_NAMAIN1@DF_QNA_INC_SAV(1.1),Q,N,SWE,S1,S1,B6N,_Z,_Z,_Z,XDC,V,N,T0107,2008-Q3,696985,,,F,1,A,6,SEK
OECD.SDD.NAD:DSD_NAMAIN1@DF_QNA_INC_SAV(1.1),Q,N,SWE,S1,S1,B6N,_Z,_Z,_Z,XDC,V,N,T0107,2008-Q2,736312,,,F,1,A,6,SEK
OECD.SDD.NAD:DSD_NAMAIN1@DF_QNA_INC_SAV(1.1),Q,Y,AUS,S1,S1,B6N,_Z,_Z,_Z,XDC,V,N,T0107,2023-Q2,511449,,,F,1,A,6,AUD
OECD.SDD.NAD:DSD_NAMAIN1@DF_QNA_INC_SAV(1.1),Q,Y,CAN,S1,S1,B6N,_Z,_Z,_Z,XDC,V,N,T0107,2004-Q3,282403,,,F,1,A,6,CAD
OECD.SDD.NAD:DSD_NAMAIN1@DF_QNA_INC_SAV(1.1),Q,N,CHL,S1,S1,B6N,_Z,_Z,_Z,XDC,V,N,T0107,2008-Q3,20708312.7,,,F,1,A,6,CLP
OECD.SDD.NAD:DSD_NAMAIN1@DF_QNA_INC_SAV(1.1),Q,N,CZE,S1,S1,B6N,_Z,_Z,_Z,XDC,V,N,T0107,2009-Q4,762824,,,F,1,A,6,CZK
OECD.SDD.NAD:DSD_NAMAIN1@DF_QNA_INC_SAV(1.1),Q,N,DNK,S1,S1,B6N,_Z,_Z,_Z,XDC,V,N,T0107,2012-Q2,399364,,,F,1,A,6,DKK
OECD.SDD.NAD:DSD_NAMAIN1@DF_QNA_INC_SAV(1.1),Q,Y,EST,S1,S1,B6G,_Z,_Z,_Z,XDC,V,N,T0107,2001-Q4,1755.1,,,F,1,A,6,EUR
OECD.SDD.NAD:DSD_NAMAIN1@DF_QNA_INC_SAV(1.1),Q,N,GBR,S1,S1,B6N,_Z,_Z,_Z,XDC,V,N,T0107,2002-Q3,267925,,,F,1,A,6,GBP
OECD.SDD.NAD:DSD_NAMAIN1@DF_QNA_INC_SAV(1.1),Q,Y,HUN,S1,S1,B6G,_Z,_Z,_Z,XDC,V,N,T0107,2009-Q4,6445576,,,F,1,A,6,HUF
OECD.SDD.NAD:DSD_NAMAIN1@DF_QNA_INC_SAV(1.1),Q,Y,ISR,S1,S1,B6N,_Z,_Z,_Z,XDC,V,N,T0107,2009-Q2,176580.8,,,F,1,A,6,ILS
OECD.SDD.NAD:DSD_NAMAIN1@DF_QNA_INC_SAV(1.1),Q,N,POL,S1,S1,B6N,_Z,_Z,_Z,XDC,V,N,T0107,2008-Q1,259301,,,F,1,A,6,PLN
OECD.SDD.NAD:DSD_NAMAIN1@DF_QNA_INC_SAV(1.1),Q,N,SWE,S1,S1,B6N,_Z,_Z,_Z,XDC,V,N,T0107,2008-Q1,707157,,,F,1,A,6,SEK
