DATAFLOW,REF_AREA,FREQ,MEASURE,UNIT_MEASURE,ACTIVITY,ADJUSTMENT,TRANSFORMATION,TIME_PERIOD,OBS_VALUE,OBS_STATUS,UNIT_MULT,DECIMALS,BASE_PER
OECD.SDD.STES:DSD_KEI@DF_KEI(4.0),USA,M,CP,IX,_Z,_Z,_Z,2013-10,98.53554808,A,0,1,2015
OECD.SDD.STES:DSD_KEI@DF_KEI(4.0),USA,M,CP,IX,_Z,_Z,_Z,2014-01,98.69165503,A,0,1,2015
OECD.SDD.STES:DSD_KEI@DF_KEI(4.0),CHN,M,CP,IX,_Z,_Z,_Z,2001-05,71.21335142000001,A,0,1,2015
OECD.SDD.STES:DSD_KEI@DF_KEI(4.0),USA,M,PRVM,IX,BTE,Y,_Z,2020-12,97.41617163000001,A,0,1,2015
OECD.SDD.STES:DSD_KEI@DF_KEI(4.0),USA,M,PRVM,IX,BTE,Y,_Z,2021-01,97.93037389,A,0,1,2015
OECD.SDD.STES:DSD_KEI@DF_KEI(4.0),USA,M,PRVM,IX,BTE,Y,_Z,2021-02,94.69452446,A,0,1,2015
OECD.SDD.STES:DSD_KEI@DF_KEI(4.0),CHN,M,CP,IX,_Z,_Z,_Z,2022-10,115.45019821,A,0,1,2015
OECD.SDD.STES:DSD_KEI@DF_KEI(4.0),CHN,M,CP,IX,_Z,_Z,_Z,2023-02,115.45019821,A,0,1,2015
OECD.SDD.STES:DSD_KEI@DF_KEI(4.0),USA,M,PRVM,IX,BTE,Y,_Z,2025-05,99.99362033999999,A,0,1,2015
OECD.SDD.STES:DSD_KEI@DF_KEI(4.0),USA,M,PRVM,IX,BTE,Y,_Z,2025-06,100.50168227,A,0,1,2015
OECD.SDD.STES:DSD_KEI@DF_KEI(4.0),USA,M,PRVM,IX,BTE,Y,_Z,2025-07,100.91318273,A,0,1,2015
OECD.SDD.STES:DSD_KEI@DF_KEI(4.0),USA,M,PRVM,IX,BTE,Y,_Z,2025-08,100.64647497000001,A,0,1,2015
OECD.SDD.STES:DSD_KEI@DF_KEI(4.0),USA,M,PRVM,IX,BTE,Y,_Z,2025-09,100.68935816999999,A,0,1,2015
OECD.SDD.STES:DSD_KEI@DF_KEI(4.0),USA,M,PRVM,IX,BTE,Y,_Z,2019-08,101.65101145999999,A,0,1,2015
OECD.SDD.STES:DSD_KEI@DF_KEI(4.0),USA,M,PRVM,IX,BTE,Y,_Z,2019-09,101.30705452,A,0,1,2015
OECD.SDD.STES:DSD_KEI@DF_KEI(4.0),USA,M,PRVM,IX,BTE,Y,_Z,2019-10,100.45176740999999,A,0,1,2015
OECD.SDD.STES:DSD_KEI@DF_KEI(4.0),USA,M,PRVM,IX,BTE,Y,_Z,2019-11,100.95596688999998,A,0,1,2015
OECD.SDD.STES:DSD_KEI@DF_KEI(4.0),USA,M,PRVM,IX,BTE,Y,_Z,2019-12,100.72134725999999,A,0,1,2015
OECD.SDD.STES:DSD_KEI@DF_KEI(4.0),USA,M,PRVM,IX,BTE,Y,_Z,2020-01,100.06126289,A,0,1,2015
OECD.SDD.STES:DSD_KEI@DF_KEI(4.0),CHN,M,CP,IX,_Z,_Z,_Z,2000-08,69.3831725,A,0,1,2015
OECD.SDD.STES:DSD_KEI@DF_KEI(4.0),CHN,M,CP,IX,_Z,_Z,_Z,2000-10,70.77826396,A,0,1,2015
OECD.SDD.STES:DSD_KEI@DF_KEI(4.0),USA,M,PRVM,IX,BTE,Y,_Z,2021-06,98.83805179,A,0,1,2015
OECD.SDD.STES:DSD_KEI@DF_KEI(4.0),USA,M,PRVM,IX,BTE,Y,_Z,2021-07,99.28688935,A,0,1,2015
OECD.SDD.STES:DSD_KEI@DF_KEI(4.0),USA,M,PRVM,IX,BTE,Y,_Z,2021-08,99.08069345,A,0,1,2015
OECD.SDD.STES:DSD_KEI@DF_KEI(4.0),USA,M,PRVM,IX,BTE,Y,_Z,2021-10,99.22172273,A,0,1,2015
OECD.SDD.STES:DSD_KEI@DF_KEI(4.0),USA,M,PRVM,IX,BTE,Y,_Z,2022-02,99.83605181,A,0,1,2015
OECD.SDD.STES:DSD_KEI@DF_KEI(4.0),USA,M,PRVM,IX,BTE,Y,_Z,2022-04,100.46355286999999,A,0,1,2015
OECD.SDD.STES:DSD_KEI@DF_KEI(4.0),USA,M,PRVM,IX,BTE,Y,_Z,2022-06,100.04561498,A,0,1,2015
OECD.SDD.STES:DSD_KEI@DF_KEI(4.0),USA,M,PRVM,IX,BTE,Y,_Z,2022-07,100.24864168,A,0,1,2015
OECD.SDD.STES:DSD_KEI@DF_KEI(4.0),USA,M,PRVM,IX,BTE,Y,_Z,2022-08,100.12316127,A,0,1,2015
OECD.SDD.STES:DSD_KEI@DF_KEI(4.0),USA,M,PRVM,IX,BTE,Y,_Z,2022-09,100.31677941999999,A,0,1,2015
OECD.SDD.STES:DSD_KEI@DF_KEI(4.0),USA,M,PRVM,IX,BTE,Y,_Z,2022-10,100.27825385999999,A,0,1,2015
OECD.SDD.STES:DSD_KEI@DF_KEI(4.0),USA,M,PRVM,IX,BTE,Y,_Z,2022-11,99.98341948,A,0,1,2015
OECD.SDD.STES:DSD_KEI@DF_KEI(4.0),USA,M,PRVM,IX,BTE,Y,_Z,2023-01,99.53755304,A,0,1,2015
OECD.SDD.STES:DSD_KEI@DF_KEI(4.0),USA,M,PRVM,IX,BTE,Y,_Z,2023-03,100.04809091,A,0,1,2015
OECD.SDD.STES:DSD_KEI@DF_KEI(4.0),USA,M,PRVM,IX,BTE,Y,_Z,2023-04,100.2783529,A,0,1,2015
OECD.SDD.STES:DSD_KEI@DF_KEI(4.0),USA,M,PRVM,IX,BTE,Y,_Z,2023-05,99.95707553,A,0,1,2015
OECD.SDD.STES:DSD_KEI@DF_KEI(4.0),USA,M,PRVM,IX,BTE,Y,_Z,2023-07,99.93538634,A,0,1,2015
OECD.SDD.STES:DSD_KEI@DF_KEI(4.0),USA,M,PRVM,IX,BTE,Y,_Z,2023-09,100.04868514,A,0,1,2015
OECD.SDD.STES:DSD_KEI@DF_KEI(4.0),USA,M,PRVM,IX,BTE,Y,_Z,2023-10,99.50180053999999,A,0,1,2015
OECD.SDD.STES:DSD_KEI@DF_KEI(4.0),USA,M,PRVM,IX,BTE,Y,_Z,2023-12,99.63470875,A,0,1,2015
OECD.SDD.STES:DSD_KEI@DF_KEI(4.0),USA,M,PRVM,IX,BTE,Y,_Z,2024-01,98.26720012999999,A,0,1,2015
OECD.SDD.STES:DSD_KEI@DF_KEI(4.0),USA,M,PRVM,IX,BTE,Y,_Z,2024-02,99.31967073,A,0,1,2015
OECD.SDD.STES:DSD_KEI@DF_KEI(4.0),USA,M,PRVM,IX,BTE,Y,_Z,2024-03,99.49051027,A,0,1,2015
OECD.SDD.STES:DSD_KEI@DF_KEI(4.0),USA,M,PRVM,IX,BTE,Y,_Z,2024-04,99.27847117,A,0,1,2015
OECD.SDD.STES:DSD_KEI@DF_KEI(4.0),USA,M,PRVM,IX,BTE,Y,_Z,2024-05,99.89210698999999,A,0,1,2015
OECD.SDD.STES:DSD_KEI@DF_KEI(4.0),USA,M,PRVM,IX,BTE,Y,_Z,2024-06,99.92280859,A,0,1,2015
OECD.SDD.STES:DSD_KEI@DF_KEI(4.0),USA,M,PRVM,IX,BTE,Y,_Z,2021-03,97.43855409,A,0,1,2015
OECD.SDD.STES:DSD_KEI@DF_KEI(4.0),USA,M,PRVM,IX,BTE,Y,_Z,2021-04,97.60998785,A,0,1,2015
OECD.SDD.STES:DSD_KEI@DF_KEI(4.0),USA,M,PRVM,IX,BTE,Y,_Z,2021-05,98.47616907999999,A,0,1,2015
OECD.SDD.STES:DSD_KEI@DF_KEI(4.0),USA,M,PRVM,IX,BTE,Y,_Z,2009-05,84.24766187,A,0,1,2015
OECD.SDD.STES:DSD_KEI@DF_KEI(4.0),USA,M,PRVM,IX,BTE,Y,_Z,2009-06,83.93014792,A,0,1,2015
OECD.SDD.STES:DSD_KEI@DF_KEI(4.0),USA,M,PRVM,IX,BTE,Y,_Z,2009-07,84.8777379,A,0,1,2015
OECD.SDD.STES:DSD_KEI@DF_KEI(4.0),USA,M,PRVM,IX,BTE,Y,_Z,2009-08,85.80859054999999,A,0,1,2015
OECD.SDD.STES:DSD_KEI@DF_KEI(4.0),USA,M,PRVM,IX,BTE,Y,_Z,2009-10,86.79827143,A,0,1,2015
OECD.SDD.STES:DSD_KEI@DF_KEI(4.0),USA,M,PRVM,IX,BTE,Y,_Z,2009-11,87.17481167999999,A,0,1,2015
OECD.SDD.STES:DSD_KEI@DF_KEI(4.0),USA,M,PRVM,IX,BTE,Y,_Z,2009-12,87.52857332,A,0,1,2015
OECD.SDD.STES:DSD_KEI@DF_KEI(4.0),USA,M,PRVM,IX,BTE,Y,_Z,2010-01,88.48260073,A,0,1,2015
OECD.SDD.STES:DSD_KEI@DF_KEI(4.0),USA,M,PRVM,IX,BTE,Y,_Z,2010-04,89.72700583999999,A,0,1,2015
OECD.SDD.STES:DSD_KEI@DF_KEI(4.0),USA,M,PRVM,IX,BTE,Y,_Z,2010-05,90.93912475,A,0,1,2015
OECD.SDD.STES:DSD_KEI@DF_KEI(4.0),USA,M,PRVM,IX,BTE,Y,_Z,2010-07,91.45322796999999,A,0,1,2015
OECD.SDD.STES:DSD_KEI@DF_KEI(4.0),USA,M,PRVM,IX,BTE,Y,_Z,2010-08,91.78837057999999,A,0,1,2015
OECD.SDD.STES:DSD_KEI@DF_KEI(4.0),USA,M,PRVM,IX,BTE,Y,_Z,2010-09,92.05894079,A,0,1,2015
OECD.SDD.STES:DSD_KEI@DF_KEI(4.0),USA,M,PRVM,IX,BTE,Y,_Z,2010-12,92.77696205,A,0,1,2015
OECD.SDD.STES:DSD_KEI@DF_KEI(4.0),USA,M,PRVM,IX,BTE,Y,_Z,2011-01,92.58156122999999,A,0,1,2015
OECD.SDD.STES:DSD_KEI@DF_KEI(4.0),USA,M,PRVM,IX,BTE,Y,_Z,2011-04,92.87223604,A,0,1,2015
OECD.SDD.STES:DSD_KEI@DF_KEI(4.0),USA,M,PRVM,IX,BTE,Y,_Z,2011-07,93.72504721,A,0,1,2015
OECD.SDD.STES:DSD_KEI@DF_KEI(4.0),USA,M,PRVM,IX,BTE,Y,_Z,2011-08,94.35779724999999,A,0,1,2015
OECD.SDD.STES:DSD_KEI@DF_KEI(4.0),USA,M,PRVM,IX,BTE,Y,_Z,2011-09,94.27975577,A,0,1,2015
OECD.SDD.STES:DSD_KEI@DF_KEI(4.0),USA,M,PRVM,IX,BTE,Y,_Z,2011-12,95.42958015,A,0,1,2015
OECD.SDD.STES:DSD_KEI@DF_KEI(4.0),USA,M,PRVM,IX,BTE,Y,_Z,2012-01,95.99874816,A,0,1,2015
OECD.SDD.STES:DSD_KEI@DF_KEI(4.0),USA,M,PRVM,IX,BTE,Y,_Z,2012-03,95.8087944,A,0,1,2015
OECD.SDD.STES:DSD_KEI@DF_KEI(4.0),USA,M,PRVM,IX,BTE,Y,_Z,2012-04,96.49799577,A,0,1,2015
OECD.SDD.STES:DSD_KEI@DF_KEI(4.0),USA,M,PRVM,IX,BTE,Y,_Z,2012-08,96.51443598,A,0,1,2015
OECD.SDD.STES:DSD_KEI@DF_KEI(4.0),USA,M,PRVM,IX,BTE,Y,_Z,2012-09,96.44362423,A,0,1,2015
OECD.SDD.STES:DSD_KEI@DF_KEI(4.0),USA,M,PRVM,IX,BTE,Y,_Z,2012-10,96.7786678,A,0,1,2015
OECD.SDD.STES:DSD_KEI@DF_KEI(4.0),USA,M,PRVM,IX,BTE,Y,_Z,2013-01,97.38764886,A,0,1,2015
OECD.SDD.STES:DSD_KEI@DF_KEI(4.0),USA,M,PRVM,IX,BTE,Y,_Z,2013-02,97.84312193,A,0,1,2015
OECD.SDD.STES:DSD_KEI@DF_KEI(4.0),USA,M,PRVM,IX,BTE,Y,_Z,2013-03,98.23729083,A,0,1,2015
OECD.SDD.STES:DSD_KEI@DF_KEI(4.0),USA,M,PRVM,IX,BTE,Y,_Z,2013-05,98.22916977,A,0,1,2015
OECD.SDD.STES:DSD_KEI@DF_KEI(4.0),USA,M,PRVM,IX,BTE,Y,_Z,2013-07,98.12765642,A,0,1,2015
OECD.SDD.STES:DSD_KEI@DF_KEI(4.0),USA,M,PRVM,IX,BTE,Y,_Z,2013-08,98.69504176,A,0,1,2015
OECD.SDD.STES:DSD_KEI@DF_KEI(4.0),USA,M,PRVM,IX,BTE,Y,_Z,2013-12,99.54993272,A,0,1,2015
OECD.SDD.STES:DSD_KEI@DF_KEI(4.0),USA,M,PRVM,IX,BTE,Y,_Z,2014-01,99.19577493,A,0,1,2015
OECD.SDD.STES:DSD_KEI@DF_KEI(4.0),USA,M,PRVM,IX,BTE,Y,_Z,2014-02,99.94538912,A,0,1,2015
OECD.SDD.STES:DSD_KEI@DF_KEI(4.0),USA,M,PRVM,IX,BTE,Y,_Z,2014-05,101.39806991,A,0,1,2015
OECD.SDD.STES:DSD_KEI@DF_KEI(4.0),USA,M,PRVM,IX,BTE,Y,_Z,2014-06,101.74608737999999,A,0,1,2015
OECD.SDD.STES:DSD_KEI@DF_KEI(4.0),USA,M,PRVM,IX,BTE,Y,_Z,2014-08,101.77956203000001,A,0,1,2015
OECD.SDD.STES:DSD_KEI@DF_KEI(4.0),USA,M,PRVM,IX,BTE,Y,_Z,2014-09,102.07201951,A,0,1,2015
OECD.SDD.STES:DSD_KEI@DF_KEI(4.0),USA,M,PRVM,IX,BTE,Y,_Z,2014-10,102.08420111000001,A,0,1,2015
OECD.SDD.STES:DSD_KEI@DF_KEI(4.0),USA,M,PRVM,IX,BTE,Y,_Z,2014-12,102.70615606999999,A,0,1,2015
OECD.SDD.STES:DSD_KEI@DF_KEI(4.0),USA,M,PRVM,IX,BTE,Y,_Z,2015-01,101.90009056,A,0,1,2015
OECD.SDD.STES:DSD_KEI@DF_KEI(4.0),USA,M,PRVM,IX,BTE,Y,_Z,2015-03,100.91060775,A,0,1,2015
OECD.SDD.STES:DSD_KEI@DF_KEI(4.0),USA,M,PRVM,IX,BTE,Y,_Z,2015-04,100.36005877000001,A,0,1,2015
OECD.SDD.STES:DSD_KEI@DF_KEI(4.0),USA,M,PRVM,IX,BTE,Y,_Z,2015-05,99.91716345,A,0,1,2015
OECD.SDD.STES:DSD_KEI@DF_KEI(4.0),USA,M,PRVM,IX,BTE,Y,_Z,2015-06,99.60291774,A,0,1,2015
OECD.SDD.STES:DSD_KEI@DF_KEI(4.0),USA,M,PRVM,IX,BTE,Y,_Z,2015-07,100.2484436,A,0,1,2015
OECD.SDD.STES:DSD_KEI@DF_KEI(4.0),USA,M,PRVM,IX,BTE,Y,_Z,2015-09,99.78484947,A,0,1,2015
OECD.SDD.STES:DSD_KEI@DF_KEI(4.0),USA,M,PRVM,IX,BTE,Y,_Z,2015-10,99.30233919,A,0,1,2015
OECD.SDD.STES:DSD_KEI@DF_KEI(4.0),USA,M,PRVM,IX,BTE,Y,_Z,2015-11,98.57174017999999,A,0,1,2015
OECD.SDD.STES:DSD_KEI@DF_KEI(4.0),USA,M,PRVM,IX,BTE,Y,_Z,2015-12,98.08833856,A,0,1,2015
OECD.SDD.STES:DSD_KEI@DF_KEI(4.0),USA,M,PRVM,IX,BTE,Y,_Z,2016-02,98.09111161,A,0,1,2015
OECD.SDD.STES:DSD_KEI@DF_KEI(4.0),USA,M,PRVM,IX,BTE,Y,_Z,2016-03,97.36328566,A,0,1,2015
OECD.SDD.STES:DSD_KEI@DF_KEI(4.0),USA,M,PRVM,IX,BTE,Y,_Z,2016-05,97.47103836,A,0,1,2015
OECD.SDD.STES:DSD_KEI@DF_KEI(4.0),USA,M,PRVM,IX,BTE,Y,_Z,2016-07,98.04624765999999,A,0,1,2015
OECD.SDD.STES:DSD_KEI@DF_KEI(4.0),USA,M,PRVM,IX,BTE,Y,_Z,2020-02,100.39769299000001,A,0,1,2015
OECD.SDD.STES:DSD_KEI@DF_KEI(4.0),USA,M,PRVM,IX,BTE,Y,_Z,2020-07,94.11089698,A,0,1,2015
OECD.SDD.STES:DSD_KEI@DF_KEI(4.0),USA,M,PRVM,IX,BTE,Y,_Z,2020-08,95.03125167,A,0,1,2015
OECD.SDD.STES:DSD_KEI@DF_KEI(4.0),USA,M,PRVM,IX,BTE,Y,_Z,2020-11,96.14710621,A,0,1,2015
OECD.SDD.STES:DSD_KEI@DF_KEI(4.0),USA,M,PRVM,IX,BTE,Y,_Z,2011-10,94.93409596,A,0,1,2015
OECD.SDD.STES:DSD_KEI@DF_KEI(4.0),USA,M,PRVM,IX,BTE,Y,_Z,2011-11,94.92587585999999,A,0,1,2015
OECD.SDD.STES:DSD_KEI@DF_KEI(4.0),USA,M,PRVM,IX,BTE,Y,_Z,2012-02,96.30744778,A,0,1,2015
OECD.SDD.STES:DSD_KEI@DF_KEI(4.0),USA,M,PRVM,IX,BTE,Y,_Z,2012-05,96.72082995,A,0,1,2015
OECD.SDD.STES:DSD_KEI@DF_KEI(4.0),USA,M,PRVM,IX,BTE,Y,_Z,2012-06,96.72617797000001,A,0,1,2015
OECD.SDD.STES:DSD_KEI@DF_KEI(4.0),USA,M,PRVM,IX,BTE,Y,_Z,2012-07,96.92920467,A,0,1,2015
OECD.SDD.STES:DSD_KEI@DF_KEI(4.0),USA,M,PRVM,IX,BTE,Y,_Z,2012-11,97.13361789,A,0,1,2015
OECD.SDD.STES:DSD_KEI@DF_KEI(4.0),USA,M,PRVM,IX,BTE,Y,_Z,2012-12,97.36378084,A,0,1,2015
OECD.SDD.STES:DSD_KEI@DF_KEI(4.0),USA,M,PRVM,IX,BTE,Y,_Z,2013-04,98.15251481,A,0,1,2015
OECD.SDD.STES:DSD_KEI@DF_KEI(4.0),USA,M,PRVM,IX,BTE,Y,_Z,2013-06,98.43298877,A,0,1,2015
OECD.SDD.STES:DSD_KEI@DF_KEI(4.0),USA,M,PRVM,IX,BTE,Y,_Z,2013-09,99.19686434,A,0,1,2015
OECD.SDD.STES:DSD_KEI@DF_KEI(4.0),USA,M,PRVM,IX,BTE,Y,_Z,2013-10,99.11862477999999,A,0,1,2015
OECD.SDD.STES:DSD_KEI@DF_KEI(4.0),USA,M,PRVM,IX,BTE,Y,_Z,2013-11,99.35017426,A,0,1,2015
OECD.SDD.STES:DSD_KEI@DF_KEI(4.0),USA,M,PRVM,IX,BTE,Y,_Z,2014-03,100.9133808,A,0,1,2015
OECD.SDD.STES:DSD_KEI@DF_KEI(4.0),USA,M,PRVM,IX,BTE,Y,_Z,2014-04,101.01103169000001,A,0,1,2015
OECD.SDD.STES:DSD_KEI@DF_KEI(4.0),USA,M,PRVM,IX,BTE,Y,_Z,2014-07,101.97209076,A,0,1,2015
OECD.SDD.STES:DSD_KEI@DF_KEI(4.0),USA,M,PRVM,IX,BTE,Y,_Z,2014-11,102.71427714000001,A,0,1,2015
OECD.SDD.STES:DSD_KEI@DF_KEI(4.0),USA,M,PRVM,IX,BTE,Y,_Z,2015-02,101.24941475,A,0,1,2015
OECD.SDD.STES:DSD_KEI@DF_KEI(4.0),USA,M,PRVM,IX,BTE,Y,_Z,2015-08,100.06413497999999,A,0,1,2015
OECD.SDD.STES:DSD_KEI@DF_KEI(4.0),USA,M,PRVM,IX,BTE,Y,_Z,2016-01,98.60234274,A,0,1,2015
OECD.SDD.STES:DSD_KEI@DF_KEI(4.0),USA,M,PRVM,IX,BTE,Y,_Z,2016-04,97.69258506,A,0,1,2015
OECD.SDD.STES:DSD_KEI@DF_KEI(4.0),USA,M,PRVM,IX,BTE,Y,_Z,2016-06,97.93146329999999,A,0,1,2015
OECD.SDD.STES:DSD_KEI@DF_KEI(4.0),USA,M,PRVM,IX,BTE,Y,_Z,2016-09,97.79518782,A,0,1,2015
OECD.SDD.STES:DSD_KEI@DF_KEI(4.0),USA,M,PRVM,IX,BTE,Y,_Z,2016-11,97.40240543,A,0,1,2015
OECD.SDD.STES:DSD_KEI@DF_KEI(4.0),USA,M,PRVM,IX,BTE,Y,_Z,2017-01,97.81043958,A,0,1,2015
OECD.SDD.STES:DSD_KEI@DF_KEI(4.0),USA,M,PRVM,IX,BTE,Y,_Z,2017-02,97.41775623,A,0,1,2015
OECD.SDD.STES:DSD_KEI@DF_KEI(4.0),USA,M,PRVM,IX,BTE,Y,_Z,2017-09,98.83478355,A,0,1,2015
OECD.SDD.STES:DSD_KEI@DF_KEI(4.0),USA,M,PRVM,IX,BTE,Y,_Z,2018-02,100.72946832,A,0,1,2015
OECD.SDD.STES:DSD_KEI@DF_KEI(4.0),USA,M,PRVM,IX,BTE,Y,_Z,2018-05,101.41668894,A,0,1,2015
OECD.SDD.STES:DSD_KEI@DF_KEI(4.0),USA,M,PRVM,IX,BTE,Y,_Z,2018-07,102.36962694,A,0,1,2015
OECD.SDD.STES:DSD_KEI@DF_KEI(4.0),USA,M,PRVM,IX,BTE,Y,_Z,2018-08,103.03129589999999,A,0,1,2015
OECD.SDD.STES:DSD_KEI@DF_KEI(4.0),USA,M,PRVM,IX,BTE,Y,_Z,2018-10,102.98464928,A,0,1,2015
OECD.SDD.STES:DSD_KEI@DF_KEI(4.0),USA,M,PRVM,IX,BTE,Y,_Z,2019-03,101.88543302,A,0,1,2015
OECD.SDD.STES:DSD_KEI@DF_KEI(4.0),USA,M,PRVM,IX,BTE,Y,_Z,2019-04,101.2895249,A,0,1,2015
OECD.SDD.STES:DSD_KEI@DF_KEI(4.0),USA,M,PRVM,IX,BTE,Y,_Z,2020-03,96.47016626,A,0,1,2015
OECD.SDD.STES:DSD_KEI@DF_KEI(4.0),USA,M,PRVM,IX,BTE,Y,_Z,2020-04,83.74791908,A,0,1,2015
OECD.SDD.STES:DSD_KEI@DF_KEI(4.0),USA,M,PRVM,IX,BTE,Y,_Z,2020-05,85.13295731,A,0,1,2015
OECD.SDD.STES:DSD_KEI@DF_KEI(4.0),USA,M,PRVM,IX,BTE,Y,_Z,2020-06,90.71173485,A,0,1,2015
OECD.SDD.STES:DSD_KEI@DF_KEI(4.0),USA,M,PRVM,IX,BTE,Y,_Z,2020-09,95.04313615999999,A,0,1,2015
OECD.SDD.STES:DSD_KEI@DF_KEI(4.0),USA,M,PRVM,IX,BTE,Y,_Z,2020-10,95.80820018,A,0,1,2015
OECD.SDD.STES:DSD_KEI@DF_KEI(4.0),USA,M,PRVM,IX,BTE,Y,_Z,2021-09,97.90630780000001,A,0,1,2015
OECD.SDD.STES:DSD_KEI@DF_KEI(4.0),USA,M,PRVM,IX,BTE,Y,_Z,2021-11,99.89448388999999,A,0,1,2015
OECD.SDD.STES:DSD_KEI@DF_KEI(4.0),USA,M,PRVM,IX,BTE,Y,_Z,2021-12,99.60450234,A,0,1,2015
OECD.SDD.STES:DSD_KEI@DF_KEI(4.0),USA,M,PRVM,IX,BTE,Y,_Z,2022-01,99.22122754,A,0,1,2015
OECD.SDD.STES:DSD_KEI@DF_KEI(4.0),USA,M,PRVM,IX,BTE,Y,_Z,2022-03,100.41472741999999,A,0,1,2015
OECD.SDD.STES:DSD_KEI@DF_KEI(4.0),USA,M,PRVM,IX,BTE,Y,_Z,2022-05,100.35807802000001,A,0,1,2015
OECD.SDD.STES:DSD_KEI@DF_KEI(4.0),USA,M,PRVM,IX,BTE,Y,_Z,2022-12,98.8060627,A,0,1,2015
OECD.SDD.STES:DSD_KEI@DF_KEI(4.0),USA,M,PRVM,IX,BTE,Y,_Z,2023-02,99.67283814999999,A,0,1,2015
OECD.SDD.STES:DSD_KEI@DF_KEI(4.0),USA,M,PRVM,IX,BTE,Y,_Z,2023-06,99.15586284999999,A,0,1,2015
OECD.SDD.STES:DSD_KEI@DF_KEI(4.0),USA,M,PRVM,IX,BTE,Y,_Z,2023-08,99.86863512000001,A,0,1,2015
OECD.SDD.STES:DSD_KEI@DF_KEI(4.0),USA,M,PRVM,IX,BTE,Y,_Z,2023-11,99.89299832,A,0,1,2015
OECD.SDD.STES:DSD_KEI@DF_KEI(4.0),USA,M,PRVM,IX,BTE,Y,_Z,2024-07,99.01334801,A,0,1,2015
OECD.SDD.STES:DSD_KEI@DF_KEI(4.0),USA,M,PRVM,IX,BTE,Y,_Z,2024-10,98.51202061999999,A,0,1,2015
OECD.SDD.STES:DSD_KEI@DF_KEI(4.0),USA,M,PRVM,IX,BTE,Y,_Z,2024-12,99.36156356,A,0,1,2015
OECD.SDD.STES:DSD_KEI@DF_KEI(4.0),USA,M,PRVM,IX,BTE,Y,_Z,2025-03,100.06779936000001,A,0,1,2015
OECD.SDD.STES:DSD_KEI@DF_KEI(4.0),USA,M,PRVM,IX,BTE,Y,_Z,2026-02,100.924373957682,A,0,1,2015
OECD.SDD.STES:DSD_KEI@DF_KEI(4.0),USA,M,PRVM,IX,BTE,Y,_Z,2026-03,100.774827462381,A,0,1,2015
OECD.SDD.STES:DSD_KEI@DF_KEI(4.0),USA,M,PRVM,IX,BTE,Y,_Z,2026-04,101.532958867368,A,0,1,2015
OECD.SDD.STES:DSD_KEI@DF_KEI(4.0),USA,M,PRVM,IX,BTE,Y,_Z,2026-05,101.52315416337201,A,0,1,2015
OECD.SDD.STES:DSD_KEI@DF_KEI(4.0),USA,M,PRVM,IX,BTE,Y,_Z,2026-06,101.79738876303298,A,0,1,2015
OECD.SDD.STES:DSD_KEI@DF_KEI(4.0),USA,M,PRVM,IX,BTE,Y,_Z,2026-07,102.002495247648,A,0,1,2015
OECD.SDD.STES:DSD_KEI@DF_KEI(4.0),USA,M,PRVM,IX,BTE,Y,_Z,2025-10,100.24517537,A,0,1,2015
OECD.SDD.STES:DSD_KEI@DF_KEI(4.0),USA,M,PRVM,IX,BTE,Y,_Z,2000-01,90.65686812,A,0,1,2015
OECD.SDD.STES:DSD_KEI@DF_KEI(4.0),USA,M,PRVM,IX,BTE,Y,_Z,2000-04,91.80659345999999,A,0,1,2015
OECD.SDD.STES:DSD_KEI@DF_KEI(4.0),USA,M,PRVM,IX,BTE,Y,_Z,2000-06,92.09112795,A,0,1,2015
OECD.SDD.STES:DSD_KEI@DF_KEI(4.0),USA,M,PRVM,IX,BTE,Y,_Z,2000-07,91.91147407999999,A,0,1,2015
OECD.SDD.STES:DSD_KEI@DF_KEI(4.0),USA,M,PRVM,IX,BTE,Y,_Z,2000-08,91.66120654,A,0,1,2015
OECD.SDD.STES:DSD_KEI@DF_KEI(4.0),USA,M,PRVM,IX,BTE,Y,_Z,2000-10,91.72637316,A,0,1,2015
OECD.SDD.STES:DSD_KEI@DF_KEI(4.0),USA,M,PRVM,IX,BTE,Y,_Z,2000-11,91.75202385,A,0,1,2015
OECD.SDD.STES:DSD_KEI@DF_KEI(4.0),USA,M,PRVM,IX,BTE,Y,_Z,2000-12,91.45263374,A,0,1,2015
OECD.SDD.STES:DSD_KEI@DF_KEI(4.0),USA,M,PRVM,IX,BTE,Y,_Z,2001-01,91.01736431,A,0,1,2015
OECD.SDD.STES:DSD_KEI@DF_KEI(4.0),USA,M,PRVM,IX,BTE,Y,_Z,2001-02,90.42452635,A,0,1,2015
OECD.SDD.STES:DSD_KEI@DF_KEI(4.0),USA,M,PRVM,IX,BTE,Y,_Z,2001-03,90.23912831,A,0,1,2015
OECD.SDD.STES:DSD_KEI@DF_KEI(4.0),USA,M,PRVM,IX,BTE,Y,_Z,2001-04,89.91517692999999,A,0,1,2015
OECD.SDD.STES:DSD_KEI@DF_KEI(4.0),USA,M,PRVM,IX,BTE,Y,_Z,2001-05,89.4857507,A,0,1,2015
OECD.SDD.STES:DSD_KEI@DF_KEI(4.0),USA,M,PRVM,IX,BTE,Y,_Z,2001-06,89.0132432,A,0,1,2015
OECD.SDD.STES:DSD_KEI@DF_KEI(4.0),USA,M,PRVM,IX,BTE,Y,_Z,2001-08,88.34167049,A,0,1,2015
OECD.SDD.STES:DSD_KEI@DF_KEI(4.0),USA,M,PRVM,IX,BTE,Y,_Z,2001-09,87.89421946,A,0,1,2015
OECD.SDD.STES:DSD_KEI@DF_KEI(4.0),USA,M,PRVM,IX,BTE,Y,_Z,2002-01,87.66554207,A,0,1,2015
OECD.SDD.STES:DSD_KEI@DF_KEI(4.0),USA,M,PRVM,IX,BTE,Y,_Z,2002-04,88.74148453000001,A,0,1,2015
OECD.SDD.STES:DSD_KEI@DF_KEI(4.0),USA,M,PRVM,IX,BTE,Y,_Z,2002-05,89.09801922,A,0,1,2015
OECD.SDD.STES:DSD_KEI@DF_KEI(4.0),USA,M,PRVM,IX,BTE,Y,_Z,2002-06,89.83297587,A,0,1,2015
OECD.SDD.STES:DSD_KEI@DF_KEI(4.0),USA,M,PRVM,IX,BTE,Y,_Z,2002-09,89.78048604,A,0,1,2015
OECD.SDD.STES:DSD_KEI@DF_KEI(4.0),USA,M,PRVM,IX,BTE,Y,_Z,2002-10,89.59350341,A,0,1,2015
OECD.SDD.STES:DSD_KEI@DF_KEI(4.0),USA,M,PRVM,IX,BTE,Y,_Z,2003-01,90.35787416999999,A,0,1,2015
OECD.SDD.STES:DSD_KEI@DF_KEI(4.0),USA,M,PRVM,IX,BTE,Y,_Z,2003-02,90.46523073,A,0,1,2015
OECD.SDD.STES:DSD_KEI@DF_KEI(4.0),USA,M,PRVM,IX,BTE,Y,_Z,2003-03,90.22744189000001,A,0,1,2015
OECD.SDD.STES:DSD_KEI@DF_KEI(4.0),USA,M,PRVM,IX,BTE,Y,_Z,2003-05,89.66550361,A,0,1,2015
OECD.SDD.STES:DSD_KEI@DF_KEI(4.0),USA,M,PRVM,IX,BTE,Y,_Z,2003-07,90.24140617,A,0,1,2015
OECD.SDD.STES:DSD_KEI@DF_KEI(4.0),USA,M,PRVM,IX,BTE,Y,_Z,2003-09,90.62507710999999,A,0,1,2015
OECD.SDD.STES:DSD_KEI@DF_KEI(4.0),USA,M,PRVM,IX,BTE,Y,_Z,2003-12,91.37211633,A,0,1,2015
OECD.SDD.STES:DSD_KEI@DF_KEI(4.0),USA,M,PRVM,IX,BTE,Y,_Z,2004-01,91.51116486000001,A,0,1,2015
OECD.SDD.STES:DSD_KEI@DF_KEI(4.0),USA,M,PRVM,IX,BTE,Y,_Z,2004-02,92.06319939999999,A,0,1,2015
OECD.SDD.STES:DSD_KEI@DF_KEI(4.0),USA,M,PRVM,IX,BTE,Y,_Z,2004-03,91.69487926,A,0,1,2015
OECD.SDD.STES:DSD_KEI@DF_KEI(4.0),USA,M,PRVM,IX,BTE,Y,_Z,2004-05,92.70030709,A,0,1,2015
OECD.SDD.STES:DSD_KEI@DF_KEI(4.0),USA,M,PRVM,IX,BTE,Y,_Z,2004-08,92.72645296,A,0,1,2015
OECD.SDD.STES:DSD_KEI@DF_KEI(4.0),USA,M,PRVM,IX,BTE,Y,_Z,2004-09,92.84430748999999,A,0,1,2015
OECD.SDD.STES:DSD_KEI@DF_KEI(4.0),USA,M,PRVM,IX,BTE,Y,_Z,2005-01,94.95717167999999,A,0,1,2015
OECD.SDD.STES:DSD_KEI@DF_KEI(4.0),USA,M,PRVM,IX,BTE,Y,_Z,2005-02,95.64647208,A,0,1,2015
OECD.SDD.STES:DSD_KEI@DF_KEI(4.0),USA,M,PRVM,IX,BTE,Y,_Z,2005-03,95.51722826,A,0,1,2015
OECD.SDD.STES:DSD_KEI@DF_KEI(4.0),USA,M,PRVM,IX,BTE,Y,_Z,2005-04,95.72282992999999,A,0,1,2015
OECD.SDD.STES:DSD_KEI@DF_KEI(4.0),USA,M,PRVM,IX,BTE,Y,_Z,2005-08,96.24782726,A,0,1,2015
OECD.SDD.STES:DSD_KEI@DF_KEI(4.0),USA,M,PRVM,IX,BTE,Y,_Z,2005-10,95.5287166,A,0,1,2015
OECD.SDD.STES:DSD_KEI@DF_KEI(4.0),USA,M,PRVM,IX,BTE,Y,_Z,2005-11,96.60248023999999,A,0,1,2015
OECD.SDD.STES:DSD_KEI@DF_KEI(4.0),USA,M,PRVM,IX,BTE,Y,_Z,2006-01,97.25464161000001,A,0,1,2015
OECD.SDD.STES:DSD_KEI@DF_KEI(4.0),USA,M,PRVM,IX,BTE,Y,_Z,2006-02,97.29564309999999,A,0,1,2015
OECD.SDD.STES:DSD_KEI@DF_KEI(4.0),USA,M,PRVM,IX,BTE,Y,_Z,2006-03,97.51501097,A,0,1,2015
OECD.SDD.STES:DSD_KEI@DF_KEI(4.0),USA,M,PRVM,IX,BTE,Y,_Z,2006-04,97.81113284,A,0,1,2015
OECD.SDD.STES:DSD_KEI@DF_KEI(4.0),USA,M,PRVM,IX,BTE,Y,_Z,2006-05,97.83599122999999,A,0,1,2015
OECD.SDD.STES:DSD_KEI@DF_KEI(4.0),USA,M,PRVM,IX,BTE,Y,_Z,2006-06,98.14578026,A,0,1,2015
OECD.SDD.STES:DSD_KEI@DF_KEI(4.0),USA,M,PRVM,IX,BTE,Y,_Z,2006-07,98.09546926,A,0,1,2015
OECD.SDD.STES:DSD_KEI@DF_KEI(4.0),USA,M,PRVM,IX,BTE,Y,_Z,2006-09,98.36227604999999,A,0,1,2015
OECD.SDD.STES:DSD_KEI@DF_KEI(4.0),USA,M,PRVM,IX,BTE,Y,_Z,2006-10,98.24947243999999,A,0,1,2015
OECD.SDD.STES:DSD_KEI@DF_KEI(4.0),USA,M,PRVM,IX,BTE,Y,_Z,2006-11,98.20817384,A,0,1,2015
OECD.SDD.STES:DSD_KEI@DF_KEI(4.0),USA,M,PRVM,IX,BTE,Y,_Z,2024-08,99.46416632,A,0,1,2015
OECD.SDD.STES:DSD_KEI@DF_KEI(4.0),USA,M,PRVM,IX,BTE,Y,_Z,2024-09,98.84765841999999,A,0,1,2015
OECD.SDD.STES:DSD_KEI@DF_KEI(4.0),USA,M,PRVM,IX,BTE,Y,_Z,2024-11,98.3367244,A,0,1,2015
OECD.SDD.STES:DSD_KEI@DF_KEI(4.0),USA,M,PRVM,IX,BTE,Y,_Z,2025-01,99.10149131,A,0,1,2015
OECD.SDD.STES:DSD_KEI@DF_KEI(4.0),USA,M,PRVM,IX,BTE,Y,_Z,2025-02,100.12613239999999,A,0,1,2015
OECD.SDD.STES:DSD_KEI@DF_KEI(4.0),USA,M,PRVM,IX,BTE,Y,_Z,2025-04,100.15445709999999,A,0,1,2015
OECD.SDD.STES:DSD_KEI@DF_KEI(4.0),USA,M,PRVM,IX,BTE,Y,_Z,2009-04,85.10720759,A,0,1,2015
OECD.SDD.STES:DSD_KEI@DF_KEI(4.0),USA,M,PRVM,IX,C,Y,_Z,2005-12,103.27955881999999,A,0,1,2015
OECD.SDD.STES:DSD_KEI@DF_KEI(4.0),USA,M,PRVM,IX,C,Y,_Z,2006-01,104.08212834999999,A,0,1,2015
OECD.SDD.STES:DSD_KEI@DF_KEI(4.0),USA,M,PRVM,IX,C,Y,_Z,2006-04,104.16374052999998,A,0,1,2015
OECD.SDD.STES:DSD_KEI@DF_KEI(4.0),USA,M,PRVM,IX,C,Y,_Z,2006-07,103.85154158,A,0,1,2015
OECD.SDD.STES:DSD_KEI@DF_KEI(4.0),USA,M,PRVM,IX,C,Y,_Z,2006-09,104.70263996,A,0,1,2015
OECD.SDD.STES:DSD_KEI@DF_KEI(4.0),USA,M,PRVM,IX,C,Y,_Z,2007-05,107.33615223,A,0,1,2015
OECD.SDD.STES:DSD_KEI@DF_KEI(4.0),USA,M,PRVM,IX,C,Y,_Z,2007-08,107.39992731000001,A,0,1,2015
OECD.SDD.STES:DSD_KEI@DF_KEI(4.0),USA,M,PRVM,IX,C,Y,_Z,2007-10,107.51203194,A,0,1,2015
OECD.SDD.STES:DSD_KEI@DF_KEI(4.0),USA,M,PRVM,IX,C,Y,_Z,2008-01,107.94440705999999,A,0,1,2015
OECD.SDD.STES:DSD_KEI@DF_KEI(4.0),USA,M,PRVM,IX,C,Y,_Z,2008-06,104.34988405,A,0,1,2015
OECD.SDD.STES:DSD_KEI@DF_KEI(4.0),USA,M,PRVM,IX,C,Y,_Z,2008-07,103.35160473,A,0,1,2015
OECD.SDD.STES:DSD_KEI@DF_KEI(4.0),USA,M,PRVM,IX,C,Y,_Z,2008-08,102.03913349,A,0,1,2015
OECD.SDD.STES:DSD_KEI@DF_KEI(4.0),USA,M,PRVM,IX,C,Y,_Z,2008-12,92.22404884,A,0,1,2015
OECD.SDD.STES:DSD_KEI@DF_KEI(4.0),USA,M,PRVM,IX,C,Y,_Z,2009-03,87.50070688,A,0,1,2015
OECD.SDD.STES:DSD_KEI@DF_KEI(4.0),USA,M,PRVM,IX,C,Y,_Z,2009-04,86.86156099,A,0,1,2015
OECD.SDD.STES:DSD_KEI@DF_KEI(4.0),USA,M,PRVM,IX,C,Y,_Z,2009-07,86.96200673999999,A,0,1,2015
OECD.SDD.STES:DSD_KEI@DF_KEI(4.0),USA,M,PRVM,IX,C,Y,_Z,2010-03,91.82675001,A,0,1,2015
OECD.SDD.STES:DSD_KEI@DF_KEI(4.0),USA,M,PRVM,IX,C,Y,_Z,2010-04,92.55308840000001,A,0,1,2015
OECD.SDD.STES:DSD_KEI@DF_KEI(4.0),USA,M,PRVM,IX,C,Y,_Z,2010-07,94.13999178,A,0,1,2015
OECD.SDD.STES:DSD_KEI@DF_KEI(4.0),USA,M,PRVM,IX,C,Y,_Z,2010-09,94.34367345,A,0,1,2015
OECD.SDD.STES:DSD_KEI@DF_KEI(4.0),USA,M,PRVM,IX,C,Y,_Z,2010-10,94.39070757,A,0,1,2015
OECD.SDD.STES:DSD_KEI@DF_KEI(4.0),USA,M,PRVM,IX,C,Y,_Z,2010-12,94.98521090999999,A,0,1,2015
OECD.SDD.STES:DSD_KEI@DF_KEI(4.0),USA,M,PRVM,IX,C,Y,_Z,2011-02,95.19915638,A,0,1,2015
OECD.SDD.STES:DSD_KEI@DF_KEI(4.0),USA,M,PRVM,IX,C,Y,_Z,2000-02,95.72829025,A,0,1,2015
OECD.SDD.STES:DSD_KEI@DF_KEI(4.0),USA,M,PRVM,IX,C,Y,_Z,2000-03,96.30684982,A,0,1,2015
OECD.SDD.STES:DSD_KEI@DF_KEI(4.0),USA,M,PRVM,IX,C,Y,_Z,2000-04,96.87225577,A,0,1,2015
OECD.SDD.STES:DSD_KEI@DF_KEI(4.0),USA,M,PRVM,IX,C,Y,_Z,2000-06,96.98655268,A,0,1,2015
OECD.SDD.STES:DSD_KEI@DF_KEI(4.0),USA,M,PRVM,IX,C,Y,_Z,2000-08,96.42822177,A,0,1,2015
OECD.SDD.STES:DSD_KEI@DF_KEI(4.0),USA,M,PRVM,IX,C,Y,_Z,2000-11,96.27107597999999,A,0,1,2015
OECD.SDD.STES:DSD_KEI@DF_KEI(4.0),USA,M,PRVM,IX,C,Y,_Z,2000-12,95.69899357,A,0,1,2015
OECD.SDD.STES:DSD_KEI@DF_KEI(4.0),USA,M,PRVM,IX,C,Y,_Z,2001-01,95.35480743,A,0,1,2015
OECD.SDD.STES:DSD_KEI@DF_KEI(4.0),USA,M,PRVM,IX,C,Y,_Z,2001-02,94.71107771,A,0,1,2015
OECD.SDD.STES:DSD_KEI@DF_KEI(4.0),USA,M,PRVM,IX,C,Y,_Z,2001-03,94.51785914,A,0,1,2015
OECD.SDD.STES:DSD_KEI@DF_KEI(4.0),USA,M,PRVM,IX,C,Y,_Z,2001-04,94.13620513999999,A,0,1,2015
OECD.SDD.STES:DSD_KEI@DF_KEI(4.0),USA,M,PRVM,IX,C,Y,_Z,2001-05,93.65340784,A,0,1,2015
OECD.SDD.STES:DSD_KEI@DF_KEI(4.0),USA,M,PRVM,IX,C,Y,_Z,2001-06,93.12885779999999,A,0,1,2015
OECD.SDD.STES:DSD_KEI@DF_KEI(4.0),USA,M,PRVM,IX,C,Y,_Z,2001-09,91.87617569999999,A,0,1,2015
OECD.SDD.STES:DSD_KEI@DF_KEI(4.0),USA,M,PRVM,IX,C,Y,_Z,2001-10,91.51534824999999,A,0,1,2015
OECD.SDD.STES:DSD_KEI@DF_KEI(4.0),USA,M,PRVM,IX,C,Y,_Z,2001-11,91.15521833,A,0,1,2015
OECD.SDD.STES:DSD_KEI@DF_KEI(4.0),USA,M,PRVM,IX,C,Y,_Z,2001-12,91.32800894,A,0,1,2015
OECD.SDD.STES:DSD_KEI@DF_KEI(4.0),USA,M,PRVM,IX,C,Y,_Z,2002-01,91.9178288,A,0,1,2015
OECD.SDD.STES:DSD_KEI@DF_KEI(4.0),USA,M,PRVM,IX,C,Y,_Z,2002-02,91.91523793,A,0,1,2015
OECD.SDD.STES:DSD_KEI@DF_KEI(4.0),USA,M,PRVM,IX,C,Y,_Z,2002-03,92.52259593,A,0,1,2015
OECD.SDD.STES:DSD_KEI@DF_KEI(4.0),USA,M,PRVM,IX,C,Y,_Z,2002-04,92.79593195,A,0,1,2015
OECD.SDD.STES:DSD_KEI@DF_KEI(4.0),USA,M,PRVM,IX,C,Y,_Z,2002-05,93.23986629999999,A,0,1,2015
OECD.SDD.STES:DSD_KEI@DF_KEI(4.0),USA,M,PRVM,IX,C,Y,_Z,2002-07,94.04721897,A,0,1,2015
OECD.SDD.STES:DSD_KEI@DF_KEI(4.0),USA,M,PRVM,IX,C,Y,_Z,2002-08,94.13560724999999,A,0,1,2015
OECD.SDD.STES:DSD_KEI@DF_KEI(4.0),USA,M,PRVM,IX,C,Y,_Z,2002-09,94.17745964000001,A,0,1,2015
OECD.SDD.STES:DSD_KEI@DF_KEI(4.0),USA,M,PRVM,IX,C,Y,_Z,2003-01,94.63504585,A,0,1,2015
OECD.SDD.STES:DSD_KEI@DF_KEI(4.0),USA,M,PRVM,IX,C,Y,_Z,2003-04,93.95315073,A,0,1,2015
OECD.SDD.STES:DSD_KEI@DF_KEI(4.0),USA,M,PRVM,IX,C,Y,_Z,2003-06,94.41850952,A,0,1,2015
OECD.SDD.STES:DSD_KEI@DF_KEI(4.0),USA,M,PRVM,IX,C,Y,_Z,2003-08,94.28408361,A,0,1,2015
OECD.SDD.STES:DSD_KEI@DF_KEI(4.0),USA,M,PRVM,IX,C,Y,_Z,2003-09,95.0689157,A,0,1,2015
OECD.SDD.STES:DSD_KEI@DF_KEI(4.0),USA,M,PRVM,IX,C,Y,_Z,2003-11,95.98020181999999,A,0,1,2015
OECD.SDD.STES:DSD_KEI@DF_KEI(4.0),USA,M,PRVM,IX,C,Y,_Z,2003-12,95.88673147,A,0,1,2015
OECD.SDD.STES:DSD_KEI@DF_KEI(4.0),USA,M,PRVM,IX,C,Y,_Z,2004-01,95.78807939000001,A,0,1,2015
OECD.SDD.STES:DSD_KEI@DF_KEI(4.0),USA,M,PRVM,IX,C,Y,_Z,2004-02,96.50415396999999,A,0,1,2015
OECD.SDD.STES:DSD_KEI@DF_KEI(4.0),USA,M,PRVM,IX,C,Y,_Z,2004-03,96.46688541,A,0,1,2015
OECD.SDD.STES:DSD_KEI@DF_KEI(4.0),USA,M,PRVM,IX,C,Y,_Z,2004-04,96.76304095,A,0,1,2015
OECD.SDD.STES:DSD_KEI@DF_KEI(4.0),USA,M,PRVM,IX,C,Y,_Z,2004-06,96.77868577,A,0,1,2015
OECD.SDD.STES:DSD_KEI@DF_KEI(4.0),USA,M,PRVM,IX,C,Y,_Z,2004-07,97.64273847,A,0,1,2015
OECD.SDD.STES:DSD_KEI@DF_KEI(4.0),USA,M,PRVM,IX,C,Y,_Z,2004-08,98.07401746,A,0,1,2015
OECD.SDD.STES:DSD_KEI@DF_KEI(4.0),USA,M,PRVM,IX,C,Y,_Z,2004-10,98.9629823,A,0,1,2015
OECD.SDD.STES:DSD_KEI@DF_KEI(4.0),USA,M,PRVM,IX,C,Y,_Z,2004-12,99.74422704999999,A,0,1,2015
OECD.SDD.STES:DSD_KEI@DF_KEI(4.0),USA,M,PRVM,IX,C,Y,_Z,2005-01,100.37560034999998,A,0,1,2015
OECD.SDD.STES:DSD_KEI@DF_KEI(4.0),USA,M,PRVM,IX,C,Y,_Z,2005-06,101.70092626,A,0,1,2015
OECD.SDD.STES:DSD_KEI@DF_KEI(4.0),USA,M,PRVM,IX,C,Y,_Z,2005-07,101.34717385,A,0,1,2015
OECD.SDD.STES:DSD_KEI@DF_KEI(4.0),USA,M,PRVM,IX,C,Y,_Z,2005-08,101.88178839999999,A,0,1,2015
OECD.SDD.STES:DSD_KEI@DF_KEI(4.0),USA,M,PRVM,IX,C,Y,_Z,2005-09,100.76283467,A,0,1,2015
OECD.SDD.STES:DSD_KEI@DF_KEI(4.0),USA,M,PRVM,IX,C,Y,_Z,2005-10,102.20524764000001,A,0,1,2015
OECD.SDD.STES:DSD_KEI@DF_KEI(4.0),USA,M,PRVM,IX,C,Y,_Z,2006-02,103.80560358999999,A,0,1,2015
OECD.SDD.STES:DSD_KEI@DF_KEI(4.0),USA,M,PRVM,IX,C,Y,_Z,2006-03,103.78926122,A,0,1,2015
OECD.SDD.STES:DSD_KEI@DF_KEI(4.0),USA,M,PRVM,IX,C,Y,_Z,2006-05,103.90824161,A,0,1,2015
OECD.SDD.STES:DSD_KEI@DF_KEI(4.0),USA,M,PRVM,IX,C,Y,_Z,2006-06,104.18715793999999,A,0,1,2015
OECD.SDD.STES:DSD_KEI@DF_KEI(4.0),USA,M,PRVM,IX,C,Y,_Z,2023-05,96.79771865,A,0,1,2015
OECD.SDD.STES:DSD_KEI@DF_KEI(4.0),USA,M,PRVM,IX,C,Y,_Z,2023-06,96.11891261999999,A,0,1,2015
OECD.SDD.STES:DSD_KEI@DF_KEI(4.0),USA,M,PRVM,IX,C,Y,_Z,2023-07,96.45811634,A,0,1,2015
OECD.SDD.STES:DSD_KEI@DF_KEI(4.0),USA,M,PRVM,IX,BTE,Y,_Z,2026-01,100.06621476444799,A,0,1,2015
OECD.SDD.STES:DSD_KEI@DF_KEI(4.0),USA,M,PRVM,IX,BTE,Y,_Z,2025-11,100.061857118227,A,0,1,2015
OECD.SDD.STES:DSD_KEI@DF_KEI(4.0),USA,M,PRVM,IX,BTE,Y,_Z,2025-12,100.517132110876,A,0,1,2015
OECD.SDD.STES:DSD_KEI@DF_KEI(4.0),USA,M,PRVM,IX,BTE,Y,_Z,2017-11,100.29162391999999,A,0,1,2015
OECD.SDD.STES:DSD_KEI@DF_KEI(4.0),USA,M,PRVM,IX,BTE,Y,_Z,2017-12,100.487718,A,0,1,2015
OECD.SDD.STES:DSD_KEI@DF_KEI(4.0),USA,M,PRVM,IX,BTE,Y,_Z,2018-01,100.48583628,A,0,1,2015
OECD.SDD.STES:DSD_KEI@DF_KEI(4.0),USA,M,PRVM,IX,BTE,Y,_Z,2018-03,101.22287271999998,A,0,1,2015
OECD.SDD.STES:DSD_KEI@DF_KEI(4.0),USA,M,PRVM,IX,BTE,Y,_Z,2018-04,102.33823207999998,A,0,1,2015
OECD.SDD.STES:DSD_KEI@DF_KEI(4.0),USA,M,PRVM,IX,BTE,Y,_Z,2018-06,102.20463061,A,0,1,2015
OECD.SDD.STES:DSD_KEI@DF_KEI(4.0),USA,M,PRVM,IX,BTE,Y,_Z,2018-09,103.09834423,A,0,1,2015
OECD.SDD.STES:DSD_KEI@DF_KEI(4.0),USA,M,PRVM,IX,BTE,Y,_Z,2018-11,103.06635514999999,A,0,1,2015
OECD.SDD.STES:DSD_KEI@DF_KEI(4.0),USA,M,PRVM,IX,BTE,Y,_Z,2018-12,103.09160969,A,0,1,2015
OECD.SDD.STES:DSD_KEI@DF_KEI(4.0),USA,M,PRVM,IX,BTE,Y,_Z,2019-01,102.40676597,A,0,1,2015
OECD.SDD.STES:DSD_KEI@DF_KEI(4.0),USA,M,PRVM,IX,BTE,Y,_Z,2019-02,101.84720458000001,A,0,1,2015
OECD.SDD.STES:DSD_KEI@DF_KEI(4.0),USA,M,PRVM,IX,BTE,Y,_Z,2019-05,101.40638904999999,A,0,1,2015
OECD.SDD.STES:DSD_KEI@DF_KEI(4.0),USA,M,PRVM,IX,BTE,Y,_Z,2019-06,101.45145106999999,A,0,1,2015
OECD.SDD.STES:DSD_KEI@DF_KEI(4.0),USA,M,PRVM,IX,BTE,Y,_Z,2019-07,100.95953224,A,0,1,2015
OECD.SDD.STES:DSD_KEI@DF_KEI(4.0),USA,M,PRVM,IX,BTE,Y,_Z,2000-02,90.94001609,A,0,1,2015
OECD.SDD.STES:DSD_KEI@DF_KEI(4.0),USA,M,PRVM,IX,BTE,Y,_Z,2000-03,91.26337325,A,0,1,2015
OECD.SDD.STES:DSD_KEI@DF_KEI(4.0),USA,M,PRVM,IX,BTE,Y,_Z,2000-05,92.05517737,A,0,1,2015
OECD.SDD.STES:DSD_KEI@DF_KEI(4.0),USA,M,PRVM,IX,BTE,Y,_Z,2000-09,92.08419533,A,0,1,2015
OECD.SDD.STES:DSD_KEI@DF_KEI(4.0),USA,M,PRVM,IX,BTE,Y,_Z,2001-07,88.44318383999999,A,0,1,2015
OECD.SDD.STES:DSD_KEI@DF_KEI(4.0),USA,M,PRVM,IX,BTE,Y,_Z,2001-10,87.65326143,A,0,1,2015
OECD.SDD.STES:DSD_KEI@DF_KEI(4.0),USA,M,PRVM,IX,BTE,Y,_Z,2001-11,87.12321319,A,0,1,2015
OECD.SDD.STES:DSD_KEI@DF_KEI(4.0),USA,M,PRVM,IX,BTE,Y,_Z,2001-12,87.08597512,A,0,1,2015
OECD.SDD.STES:DSD_KEI@DF_KEI(4.0),USA,M,PRVM,IX,BTE,Y,_Z,2002-02,87.67564388,A,0,1,2015
OECD.SDD.STES:DSD_KEI@DF_KEI(4.0),USA,M,PRVM,IX,BTE,Y,_Z,2002-03,88.31027562999999,A,0,1,2015
OECD.SDD.STES:DSD_KEI@DF_KEI(4.0),USA,M,PRVM,IX,BTE,Y,_Z,2002-07,89.80405695,A,0,1,2015
OECD.SDD.STES:DSD_KEI@DF_KEI(4.0),USA,M,PRVM,IX,BTE,Y,_Z,2002-08,89.70432627,A,0,1,2015
OECD.SDD.STES:DSD_KEI@DF_KEI(4.0),USA,M,PRVM,IX,BTE,Y,_Z,2002-11,90.09542502,A,0,1,2015
OECD.SDD.STES:DSD_KEI@DF_KEI(4.0),USA,M,PRVM,IX,BTE,Y,_Z,2002-12,89.59439474,A,0,1,2015
OECD.SDD.STES:DSD_KEI@DF_KEI(4.0),USA,M,PRVM,IX,BTE,Y,_Z,2003-04,89.68996585,A,0,1,2015
OECD.SDD.STES:DSD_KEI@DF_KEI(4.0),USA,M,PRVM,IX,BTE,Y,_Z,2003-06,89.78008989,A,0,1,2015
OECD.SDD.STES:DSD_KEI@DF_KEI(4.0),USA,M,PRVM,IX,BTE,Y,_Z,2003-08,90.04451979,A,0,1,2015
OECD.SDD.STES:DSD_KEI@DF_KEI(4.0),USA,M,PRVM,IX,BTE,Y,_Z,2003-10,90.73669228,A,0,1,2015
OECD.SDD.STES:DSD_KEI@DF_KEI(4.0),USA,M,PRVM,IX,BTE,Y,_Z,2003-11,91.34507911,A,0,1,2015
OECD.SDD.STES:DSD_KEI@DF_KEI(4.0),USA,M,PRVM,IX,BTE,Y,_Z,2004-04,92.03546893,A,0,1,2015
OECD.SDD.STES:DSD_KEI@DF_KEI(4.0),USA,M,PRVM,IX,BTE,Y,_Z,2004-06,91.97703685,A,0,1,2015
OECD.SDD.STES:DSD_KEI@DF_KEI(4.0),USA,M,PRVM,IX,BTE,Y,_Z,2004-07,92.66425747,A,0,1,2015
OECD.SDD.STES:DSD_KEI@DF_KEI(4.0),USA,M,PRVM,IX,BTE,Y,_Z,2004-10,93.63640873,A,0,1,2015
OECD.SDD.STES:DSD_KEI@DF_KEI(4.0),USA,M,PRVM,IX,BTE,Y,_Z,2004-11,93.86894857,A,0,1,2015
OECD.SDD.STES:DSD_KEI@DF_KEI(4.0),USA,M,PRVM,IX,BTE,Y,_Z,2016-08,97.89848384,A,0,1,2015
OECD.SDD.STES:DSD_KEI@DF_KEI(4.0),USA,M,PRVM,IX,BTE,Y,_Z,2016-10,97.81043958,A,0,1,2015
OECD.SDD.STES:DSD_KEI@DF_KEI(4.0),USA,M,PRVM,IX,BTE,Y,_Z,2016-12,98.06823397,A,0,1,2015
OECD.SDD.STES:DSD_KEI@DF_KEI(4.0),USA,M,PRVM,IX,BTE,Y,_Z,2017-03,98.06060809,A,0,1,2015
OECD.SDD.STES:DSD_KEI@DF_KEI(4.0),USA,M,PRVM,IX,BTE,Y,_Z,2017-04,99.05959847999999,A,0,1,2015
OECD.SDD.STES:DSD_KEI@DF_KEI(4.0),USA,M,PRVM,IX,BTE,Y,_Z,2017-05,99.17685878,A,0,1,2015
OECD.SDD.STES:DSD_KEI@DF_KEI(4.0),USA,M,PRVM,IX,BTE,Y,_Z,2017-06,99.38117297,A,0,1,2015
OECD.SDD.STES:DSD_KEI@DF_KEI(4.0),USA,M,PRVM,IX,BTE,Y,_Z,2017-07,99.14318605999999,A,0,1,2015
OECD.SDD.STES:DSD_KEI@DF_KEI(4.0),USA,M,PRVM,IX,BTE,Y,_Z,2017-08,98.73287406,A,0,1,2015
OECD.SDD.STES:DSD_KEI@DF_KEI(4.0),USA,M,PRVM,IX,BTE,Y,_Z,2017-10,100.05225048999999,A,0,1,2015
OECD.SDD.STES:DSD_KEI@DF_KEI(4.0),USA,M,PRVM,IX,BTE,Y,_Z,2011-03,93.17321074,A,0,1,2015
OECD.SDD.STES:DSD_KEI@DF_KEI(4.0),USA,M,PRVM,IX,BTE,Y,_Z,2011-05,92.98424735,A,0,1,2015
OECD.SDD.STES:DSD_KEI@DF_KEI(4.0),USA,M,PRVM,IX,BTE,Y,_Z,2011-06,93.26551361,A,0,1,2015
OECD.SDD.STES:DSD_KEI@DF_KEI(4.0),USA,M,PRVM,IX,C,Y,_Z,2015-05,100.18008987,A,0,1,2015
OECD.SDD.STES:DSD_KEI@DF_KEI(4.0),USA,M,PRVM,IX,C,Y,_Z,2015-06,99.799532,A,0,1,2015
OECD.SDD.STES:DSD_KEI@DF_KEI(4.0),USA,M,PRVM,IX,C,Y,_Z,2015-07,100.56264071000001,A,0,1,2015
OECD.SDD.STES:DSD_KEI@DF_KEI(4.0),USA,M,PRVM,IX,C,Y,_Z,2015-08,100.22931626,A,0,1,2015
OECD.SDD.STES:DSD_KEI@DF_KEI(4.0),USA,M,PRVM,IX,C,Y,_Z,2015-09,99.95059922,A,0,1,2015
OECD.SDD.STES:DSD_KEI@DF_KEI(4.0),USA,M,PRVM,IX,C,Y,_Z,2015-11,99.54502957,A,0,1,2015
OECD.SDD.STES:DSD_KEI@DF_KEI(4.0),USA,M,PRVM,IX,C,Y,_Z,2015-12,99.28385068,A,0,1,2015
OECD.SDD.STES:DSD_KEI@DF_KEI(4.0),USA,M,PRVM,IX,C,Y,_Z,2016-01,99.68184705,A,0,1,2015
OECD.SDD.STES:DSD_KEI@DF_KEI(4.0),USA,M,PRVM,IX,C,Y,_Z,2016-02,99.34234439000001,A,0,1,2015
OECD.SDD.STES:DSD_KEI@DF_KEI(4.0),USA,M,PRVM,IX,C,Y,_Z,2016-03,99.27607809,A,0,1,2015
OECD.SDD.STES:DSD_KEI@DF_KEI(4.0),USA,M,PRVM,IX,C,Y,_Z,2016-04,99.17403796,A,0,1,2015
OECD.SDD.STES:DSD_KEI@DF_KEI(4.0),USA,M,PRVM,IX,C,Y,_Z,2016-05,99.09989943000001,A,0,1,2015
OECD.SDD.STES:DSD_KEI@DF_KEI(4.0),USA,M,PRVM,IX,C,Y,_Z,2016-06,99.320621,A,0,1,2015
OECD.SDD.STES:DSD_KEI@DF_KEI(4.0),USA,M,PRVM,IX,C,Y,_Z,2016-07,99.36645934,A,0,1,2015
OECD.SDD.STES:DSD_KEI@DF_KEI(4.0),USA,M,PRVM,IX,C,Y,_Z,2016-08,98.94115927,A,0,1,2015
OECD.SDD.STES:DSD_KEI@DF_KEI(4.0),USA,M,PRVM,IX,C,Y,_Z,2016-09,99.11614215,A,0,1,2015
OECD.SDD.STES:DSD_KEI@DF_KEI(4.0),USA,M,PRVM,IX,C,Y,_Z,2016-11,99.08764266,A,0,1,2015
OECD.SDD.STES:DSD_KEI@DF_KEI(4.0),USA,M,PRVM,IX,C,Y,_Z,2016-12,99.09461805999999,A,0,1,2015
OECD.SDD.STES:DSD_KEI@DF_KEI(4.0),USA,M,PRVM,IX,C,Y,_Z,2017-01,99.23442499000001,A,0,1,2015
OECD.SDD.STES:DSD_KEI@DF_KEI(4.0),USA,M,PRVM,IX,C,Y,_Z,2017-02,99.10657588,A,0,1,2015
OECD.SDD.STES:DSD_KEI@DF_KEI(4.0),USA,M,PRVM,IX,C,Y,_Z,2017-03,98.77046127999999,A,0,1,2015
OECD.SDD.STES:DSD_KEI@DF_KEI(4.0),USA,M,PRVM,IX,C,Y,_Z,2017-04,99.9312674,A,0,1,2015
OECD.SDD.STES:DSD_KEI@DF_KEI(4.0),USA,M,PRVM,IX,C,Y,_Z,2017-07,99.47039278999999,A,0,1,2015
OECD.SDD.STES:DSD_KEI@DF_KEI(4.0),USA,M,PRVM,IX,C,Y,_Z,2017-08,99.30168777,A,0,1,2015
OECD.SDD.STES:DSD_KEI@DF_KEI(4.0),USA,M,PRVM,IX,C,Y,_Z,2017-10,100.37849016,A,0,1,2015
OECD.SDD.STES:DSD_KEI@DF_KEI(4.0),USA,M,PRVM,IX,C,Y,_Z,2017-11,100.43180214,A,0,1,2015
OECD.SDD.STES:DSD_KEI@DF_KEI(4.0),USA,M,PRVM,IX,C,Y,_Z,2018-02,100.71679704,A,0,1,2015
OECD.SDD.STES:DSD_KEI@DF_KEI(4.0),USA,M,PRVM,IX,C,Y,_Z,2018-03,100.64186131999999,A,0,1,2015
OECD.SDD.STES:DSD_KEI@DF_KEI(4.0),USA,M,PRVM,IX,C,Y,_Z,2018-04,101.3402981,A,0,1,2015
OECD.SDD.STES:DSD_KEI@DF_KEI(4.0),USA,M,PRVM,IX,C,Y,_Z,2018-05,100.51002626,A,0,1,2015
OECD.SDD.STES:DSD_KEI@DF_KEI(4.0),USA,M,PRVM,IX,C,Y,_Z,2018-06,101.15545001999999,A,0,1,2015
OECD.SDD.STES:DSD_KEI@DF_KEI(4.0),USA,M,PRVM,IX,C,Y,_Z,2018-07,101.23566711000001,A,0,1,2015
OECD.SDD.STES:DSD_KEI@DF_KEI(4.0),USA,M,PRVM,IX,C,Y,_Z,2018-09,101.51866903,A,0,1,2015
OECD.SDD.STES:DSD_KEI@DF_KEI(4.0),USA,M,PRVM,IX,C,Y,_Z,2018-10,101.12236669,A,0,1,2015
OECD.SDD.STES:DSD_KEI@DF_KEI(4.0),USA,M,PRVM,IX,C,Y,_Z,2018-11,100.86666848,A,0,1,2015
OECD.SDD.STES:DSD_KEI@DF_KEI(4.0),USA,M,PRVM,IX,C,Y,_Z,2018-12,101.19750171,A,0,1,2015
OECD.SDD.STES:DSD_KEI@DF_KEI(4.0),USA,M,PRVM,IX,C,Y,_Z,2019-01,100.30544776,A,0,1,2015
OECD.SDD.STES:DSD_KEI@DF_KEI(4.0),USA,M,PRVM,IX,C,Y,_Z,2019-03,99.47796608,A,0,1,2015
OECD.SDD.STES:DSD_KEI@DF_KEI(4.0),USA,M,PRVM,IX,C,Y,_Z,2019-04,98.85715553,A,0,1,2015
OECD.SDD.STES:DSD_KEI@DF_KEI(4.0),USA,M,PRVM,IX,C,Y,_Z,2019-05,98.84529735000001,A,0,1,2015
OECD.SDD.STES:DSD_KEI@DF_KEI(4.0),USA,M,PRVM,IX,C,Y,_Z,2019-06,99.24678141,A,0,1,2015
OECD.SDD.STES:DSD_KEI@DF_KEI(4.0),USA,M,PRVM,IX,C,Y,_Z,2019-08,99.160984,A,0,1,2015
OECD.SDD.STES:DSD_KEI@DF_KEI(4.0),USA,M,PRVM,IX,C,Y,_Z,2019-09,98.36917651,A,0,1,2015
OECD.SDD.STES:DSD_KEI@DF_KEI(4.0),USA,M,PRVM,IX,C,Y,_Z,2019-10,97.54528218,A,0,1,2015
OECD.SDD.STES:DSD_KEI@DF_KEI(4.0),USA,M,PRVM,IX,C,Y,_Z,2019-11,98.31715996,A,0,1,2015
OECD.SDD.STES:DSD_KEI@DF_KEI(4.0),USA,M,PRVM,IX,C,Y,_Z,2020-01,98.12284526,A,0,1,2015
OECD.SDD.STES:DSD_KEI@DF_KEI(4.0),USA,M,PRVM,IX,C,Y,_Z,2020-02,98.29732989,A,0,1,2015
OECD.SDD.STES:DSD_KEI@DF_KEI(4.0),USA,M,PRVM,IX,C,Y,_Z,2020-06,89.31959213,A,0,1,2015
OECD.SDD.STES:DSD_KEI@DF_KEI(4.0),USA,M,PRVM,IX,C,Y,_Z,2020-09,94.09505028,A,0,1,2015
OECD.SDD.STES:DSD_KEI@DF_KEI(4.0),USA,M,PRVM,IX,C,Y,_Z,2020-10,95.07619005,A,0,1,2015
OECD.SDD.STES:DSD_KEI@DF_KEI(4.0),USA,M,PRVM,IX,C,Y,_Z,2020-11,95.54991932,A,0,1,2015
OECD.SDD.STES:DSD_KEI@DF_KEI(4.0),USA,M,PRVM,IX,C,Y,_Z,2021-01,97.15884503999999,A,0,1,2015
OECD.SDD.STES:DSD_KEI@DF_KEI(4.0),USA,M,PRVM,IX,C,Y,_Z,2021-02,93.24016524999999,A,0,1,2015
OECD.SDD.STES:DSD_KEI@DF_KEI(4.0),USA,M,PRVM,IX,C,Y,_Z,2021-04,96.27227176999999,A,0,1,2015
OECD.SDD.STES:DSD_KEI@DF_KEI(4.0),USA,M,PRVM,IX,C,Y,_Z,2021-05,97.27732719,A,0,1,2015
OECD.SDD.STES:DSD_KEI@DF_KEI(4.0),USA,M,PRVM,IX,C,Y,_Z,2021-07,98.13609851,A,0,1,2015
OECD.SDD.STES:DSD_KEI@DF_KEI(4.0),USA,M,PRVM,IX,C,Y,_Z,2021-08,97.64154269000001,A,0,1,2015
OECD.SDD.STES:DSD_KEI@DF_KEI(4.0),USA,M,PRVM,IX,C,Y,_Z,2021-09,96.48970493,A,0,1,2015
OECD.SDD.STES:DSD_KEI@DF_KEI(4.0),USA,M,PRVM,IX,C,Y,_Z,2021-10,97.83266864,A,0,1,2015
OECD.SDD.STES:DSD_KEI@DF_KEI(4.0),USA,M,PRVM,IX,C,Y,_Z,2021-11,98.3835259,A,0,1,2015
OECD.SDD.STES:DSD_KEI@DF_KEI(4.0),USA,M,PRVM,IX,C,Y,_Z,2022-02,97.91418116,A,0,1,2015
OECD.SDD.STES:DSD_KEI@DF_KEI(4.0),USA,M,PRVM,IX,C,Y,_Z,2022-03,98.39817424,A,0,1,2015
OECD.SDD.STES:DSD_KEI@DF_KEI(4.0),USA,M,PRVM,IX,C,Y,_Z,2022-06,97.32655358,A,0,1,2015
OECD.SDD.STES:DSD_KEI@DF_KEI(4.0),USA,M,PRVM,IX,C,Y,_Z,2022-07,97.36033443999999,A,0,1,2015
OECD.SDD.STES:DSD_KEI@DF_KEI(4.0),USA,M,PRVM,IX,C,Y,_Z,2022-08,97.31369891,A,0,1,2015
OECD.SDD.STES:DSD_KEI@DF_KEI(4.0),USA,M,PRVM,IX,C,Y,_Z,2022-10,97.59939134999999,A,0,1,2015
OECD.SDD.STES:DSD_KEI@DF_KEI(4.0),USA,M,PRVM,IX,C,Y,_Z,2022-11,96.82392622,A,0,1,2015
OECD.SDD.STES:DSD_KEI@DF_KEI(4.0),USA,M,PRVM,IX,C,Y,_Z,2022-12,95.15491241,A,0,1,2015
OECD.SDD.STES:DSD_KEI@DF_KEI(4.0),USA,M,PRVM,IX,C,Y,_Z,2023-01,96.80120635,A,0,1,2015
OECD.SDD.STES:DSD_KEI@DF_KEI(4.0),USA,M,PRVM,IX,C,Y,_Z,2023-02,96.81615363,A,0,1,2015
OECD.SDD.STES:DSD_KEI@DF_KEI(4.0),USA,M,PRVM,IX,C,Y,_Z,2023-03,96.16923514999999,A,0,1,2015
OECD.SDD.STES:DSD_KEI@DF_KEI(4.0),USA,M,PRVM,IX,C,Y,_Z,2006-08,104.59810862,A,0,1,2015
OECD.SDD.STES:DSD_KEI@DF_KEI(4.0),USA,M,PRVM,IX,C,Y,_Z,2012-09,98.18951015,A,0,1,2015
OECD.SDD.STES:DSD_KEI@DF_KEI(4.0),USA,M,PRVM,IX,C,Y,_Z,2012-11,98.60414782,A,0,1,2015
OECD.SDD.STES:DSD_KEI@DF_KEI(4.0),USA,M,PRVM,IX,C,Y,_Z,2012-12,99.26053292,A,0,1,2015
OECD.SDD.STES:DSD_KEI@DF_KEI(4.0),USA,M,PRVM,IX,C,Y,_Z,2013-01,99.05525687,A,0,1,2015
OECD.SDD.STES:DSD_KEI@DF_KEI(4.0),USA,M,PRVM,IX,C,Y,_Z,2013-02,99.44936695,A,0,1,2015
OECD.SDD.STES:DSD_KEI@DF_KEI(4.0),USA,M,PRVM,IX,C,Y,_Z,2013-03,99.34224474,A,0,1,2015
OECD.SDD.STES:DSD_KEI@DF_KEI(4.0),USA,M,PRVM,IX,C,Y,_Z,2013-06,99.59136615,A,0,1,2015
OECD.SDD.STES:DSD_KEI@DF_KEI(4.0),USA,M,PRVM,IX,C,Y,_Z,2013-08,99.64776724,A,0,1,2015
OECD.SDD.STES:DSD_KEI@DF_KEI(4.0),USA,M,PRVM,IX,C,Y,_Z,2014-10,100.68510879000002,A,0,1,2015
OECD.SDD.STES:DSD_KEI@DF_KEI(4.0),USA,M,PRVM,IX,C,Y,_Z,2014-12,101.13502206,A,0,1,2015
OECD.SDD.STES:DSD_KEI@DF_KEI(4.0),USA,M,PRVM,IX,C,Y,_Z,2015-02,99.7964429,A,0,1,2015
OECD.SDD.STES:DSD_KEI@DF_KEI(4.0),USA,M,PRVM,IX,C,Y,_Z,2015-03,100.15697139999999,A,0,1,2015
OECD.SDD.STES:DSD_KEI@DF_KEI(4.0),USA,M,PRVM,IX,C,Y,_Z,2015-10,99.80690599,A,0,1,2015
OECD.SDD.STES:DSD_KEI@DF_KEI(4.0),USA,M,PRVM,IX,C,Y,_Z,2016-10,99.19327013,A,0,1,2015
OECD.SDD.STES:DSD_KEI@DF_KEI(4.0),USA,M,PRVM,IX,C,Y,_Z,2017-05,99.78857065999999,A,0,1,2015
OECD.SDD.STES:DSD_KEI@DF_KEI(4.0),USA,M,PRVM,IX,C,Y,_Z,2017-06,99.86310778,A,0,1,2015
OECD.SDD.STES:DSD_KEI@DF_KEI(4.0),USA,M,PRVM,IX,C,Y,_Z,2017-09,99.32988832,A,0,1,2015
OECD.SDD.STES:DSD_KEI@DF_KEI(4.0),USA,M,PRVM,IX,C,Y,_Z,2017-12,100.17610393,A,0,1,2015
OECD.SDD.STES:DSD_KEI@DF_KEI(4.0),USA,M,PRVM,IX,C,Y,_Z,2018-01,99.8690867,A,0,1,2015
OECD.SDD.STES:DSD_KEI@DF_KEI(4.0),USA,M,PRVM,IX,C,Y,_Z,2018-08,101.47332894,A,0,1,2015
OECD.SDD.STES:DSD_KEI@DF_KEI(4.0),USA,M,PRVM,IX,C,Y,_Z,2019-02,99.73854707999999,A,0,1,2015
OECD.SDD.STES:DSD_KEI@DF_KEI(4.0),USA,M,PRVM,IX,C,Y,_Z,2019-07,98.53877836,A,0,1,2015
OECD.SDD.STES:DSD_KEI@DF_KEI(4.0),USA,M,PRVM,IX,C,Y,_Z,2019-12,98.41282258,A,0,1,2015
OECD.SDD.STES:DSD_KEI@DF_KEI(4.0),USA,M,PRVM,IX,C,Y,_Z,2020-03,93.7776696,A,0,1,2015
OECD.SDD.STES:DSD_KEI@DF_KEI(4.0),USA,M,PRVM,IX,C,Y,_Z,2020-04,79.49095527,A,0,1,2015
OECD.SDD.STES:DSD_KEI@DF_KEI(4.0),USA,M,PRVM,IX,C,Y,_Z,2020-05,82.9006302,A,0,1,2015
OECD.SDD.STES:DSD_KEI@DF_KEI(4.0),USA,M,PRVM,IX,C,Y,_Z,2020-07,92.58617172,A,0,1,2015
OECD.SDD.STES:DSD_KEI@DF_KEI(4.0),USA,M,PRVM,IX,C,Y,_Z,2020-08,94.03506185,A,0,1,2015
OECD.SDD.STES:DSD_KEI@DF_KEI(4.0),USA,M,PRVM,IX,C,Y,_Z,2020-12,96.24905365000001,A,0,1,2015
OECD.SDD.STES:DSD_KEI@DF_KEI(4.0),USA,M,PRVM,IX,C,Y,_Z,2021-03,96.11383055,A,0,1,2015
OECD.SDD.STES:DSD_KEI@DF_KEI(4.0),USA,M,PRVM,IX,C,Y,_Z,2021-06,97.26656514,A,0,1,2015
OECD.SDD.STES:DSD_KEI@DF_KEI(4.0),USA,M,PRVM,IX,C,Y,_Z,2021-12,98.23644462,A,0,1,2015
OECD.SDD.STES:DSD_KEI@DF_KEI(4.0),USA,M,PRVM,IX,C,Y,_Z,2022-01,97.36412109,A,0,1,2015
OECD.SDD.STES:DSD_KEI@DF_KEI(4.0),USA,M,PRVM,IX,C,Y,_Z,2022-04,98.31895363000001,A,0,1,2015
OECD.SDD.STES:DSD_KEI@DF_KEI(4.0),USA,M,PRVM,IX,C,Y,_Z,2022-05,97.87083403999999,A,0,1,2015
OECD.SDD.STES:DSD_KEI@DF_KEI(4.0),USA,M,PRVM,IX,C,Y,_Z,2022-09,97.342597,A,0,1,2015
OECD.SDD.STES:DSD_KEI@DF_KEI(4.0),USA,M,PRVM,IX,C,Y,_Z,2023-04,96.99631823,A,0,1,2015
OECD.SDD.STES:DSD_KEI@DF_KEI(4.0),USA,M,PRVM,IX,C,Y,_Z,2023-09,96.47196749,A,0,1,2015
OECD.SDD.STES:DSD_KEI@DF_KEI(4.0),USA,M,PRVM,IX,C,Y,_Z,2024-08,95.74074632,A,0,1,2015
OECD.SDD.STES:DSD_KEI@DF_KEI(4.0),USA,M,PRVM,IX,BTE,Y,_Z,2007-01,98.87360622,A,0,1,2015
OECD.SDD.STES:DSD_KEI@DF_KEI(4.0),USA,M,PRVM,IX,BTE,Y,_Z,2007-02,99.80525116999999,A,0,1,2015
OECD.SDD.STES:DSD_KEI@DF_KEI(4.0),USA,M,PRVM,IX,BTE,Y,_Z,2007-03,99.9829243,A,0,1,2015
OECD.SDD.STES:DSD_KEI@DF_KEI(4.0),USA,M,PRVM,IX,BTE,Y,_Z,2007-04,100.65509123,A,0,1,2015
OECD.SDD.STES:DSD_KEI@DF_KEI(4.0),USA,M,PRVM,IX,BTE,Y,_Z,2007-06,100.80949054999999,A,0,1,2015
OECD.SDD.STES:DSD_KEI@DF_KEI(4.0),USA,M,PRVM,IX,BTE,Y,_Z,2007-09,101.10670182999999,A,0,1,2015
OECD.SDD.STES:DSD_KEI@DF_KEI(4.0),USA,M,PRVM,IX,BTE,Y,_Z,2007-11,101.35944531,A,0,1,2015
OECD.SDD.STES:DSD_KEI@DF_KEI(4.0),USA,M,PRVM,IX,BTE,Y,_Z,2008-01,101.26060598,A,0,1,2015
OECD.SDD.STES:DSD_KEI@DF_KEI(4.0),USA,M,PRVM,IX,BTE,Y,_Z,2008-02,100.86346594,A,0,1,2015
OECD.SDD.STES:DSD_KEI@DF_KEI(4.0),USA,M,PRVM,IX,BTE,Y,_Z,2008-05,99.30224015,A,0,1,2015
OECD.SDD.STES:DSD_KEI@DF_KEI(4.0),USA,M,PRVM,IX,BTE,Y,_Z,2008-07,98.71653287999999,A,0,1,2015
OECD.SDD.STES:DSD_KEI@DF_KEI(4.0),USA,M,PRVM,IX,BTE,Y,_Z,2008-09,92.8866955,A,0,1,2015
OECD.SDD.STES:DSD_KEI@DF_KEI(4.0),USA,M,PRVM,IX,BTE,Y,_Z,2008-11,92.57175652000001,A,0,1,2015
OECD.SDD.STES:DSD_KEI@DF_KEI(4.0),USA,M,PRVM,IX,BTE,Y,_Z,2008-12,89.96132836,A,0,1,2015
OECD.SDD.STES:DSD_KEI@DF_KEI(4.0),USA,M,PRVM,IX,BTE,Y,_Z,2009-01,87.71743767,A,0,1,2015
OECD.SDD.STES:DSD_KEI@DF_KEI(4.0),USA,M,PRVM,IX,BTE,Y,_Z,2009-02,87.18362601,A,0,1,2015
OECD.SDD.STES:DSD_KEI@DF_KEI(4.0),USA,M,PRVM,IX,BTE,Y,_Z,2009-03,85.81869237000001,A,0,1,2015
OECD.SDD.STES:DSD_KEI@DF_KEI(4.0),USA,M,PRVM,IX,C,Y,_Z,2005-04,101.20437745999999,A,0,1,2015
OECD.SDD.STES:DSD_KEI@DF_KEI(4.0),USA,M,PRVM,IX,C,Y,_Z,2005-05,101.48409097999999,A,0,1,2015
OECD.SDD.STES:DSD_KEI@DF_KEI(4.0),USA,M,PRVM,IX,C,Y,_Z,2005-11,103.13775891,A,0,1,2015
OECD.SDD.STES:DSD_KEI@DF_KEI(4.0),USA,M,PRVM,IX,F,Y,_Z,2000-08,75.05233992,A,0,1,2015
OECD.SDD.STES:DSD_KEI@DF_KEI(4.0),USA,M,PRVM,IX,F,Y,_Z,2000-11,76.42349211,A,0,1,2015
OECD.SDD.STES:DSD_KEI@DF_KEI(4.0),USA,M,PRVM,IX,F,Y,_Z,2000-12,75.6278082,A,0,1,2015
OECD.SDD.STES:DSD_KEI@DF_KEI(4.0),USA,M,PRVM,IX,F,Y,_Z,2001-01,75.90393977999999,A,0,1,2015
OECD.SDD.STES:DSD_KEI@DF_KEI(4.0),USA,M,PRVM,IX,F,Y,_Z,2001-06,79.74825426999999,A,0,1,2015
OECD.SDD.STES:DSD_KEI@DF_KEI(4.0),USA,M,PRVM,IX,F,Y,_Z,2001-08,78.97801211,A,0,1,2015
OECD.SDD.STES:DSD_KEI@DF_KEI(4.0),USA,M,PRVM,IX,F,Y,_Z,2001-09,78.04114043,A,0,1,2015
OECD.SDD.STES:DSD_KEI@DF_KEI(4.0),USA,M,PRVM,IX,F,Y,_Z,2001-10,78.83598561000001,A,0,1,2015
OECD.SDD.STES:DSD_KEI@DF_KEI(4.0),USA,M,PRVM,IX,F,Y,_Z,2001-11,78.64680332,A,0,1,2015
OECD.SDD.STES:DSD_KEI@DF_KEI(4.0),USA,M,PRVM,IX,F,Y,_Z,2001-12,79.18527388,A,0,1,2015
OECD.SDD.STES:DSD_KEI@DF_KEI(4.0),USA,M,PRVM,IX,F,Y,_Z,2002-01,80.02075131000001,A,0,1,2015
OECD.SDD.STES:DSD_KEI@DF_KEI(4.0),USA,M,PRVM,IX,F,Y,_Z,2002-02,80.36407521999999,A,0,1,2015
OECD.SDD.STES:DSD_KEI@DF_KEI(4.0),USA,M,PRVM,IX,F,Y,_Z,2002-03,78.706447,A,0,1,2015
OECD.SDD.STES:DSD_KEI@DF_KEI(4.0),USA,M,PRVM,IX,F,Y,_Z,2002-04,79.98216930999999,A,0,1,2015
OECD.SDD.STES:DSD_KEI@DF_KEI(4.0),USA,M,PRVM,IX,F,Y,_Z,2002-05,79.30139267,A,0,1,2015
OECD.SDD.STES:DSD_KEI@DF_KEI(4.0),USA,M,PRVM,IX,F,Y,_Z,2002-06,78.91389516,A,0,1,2015
OECD.SDD.STES:DSD_KEI@DF_KEI(4.0),USA,M,PRVM,IX,F,Y,_Z,2002-07,78.94669918,A,0,1,2015
OECD.SDD.STES:DSD_KEI@DF_KEI(4.0),USA,M,PRVM,IX,F,Y,_Z,2002-08,78.18987684999999,A,0,1,2015
OECD.SDD.STES:DSD_KEI@DF_KEI(4.0),USA,M,PRVM,IX,F,Y,_Z,2002-10,78.25343464,A,0,1,2015
OECD.SDD.STES:DSD_KEI@DF_KEI(4.0),USA,M,PRVM,IX,F,Y,_Z,2003-01,80.50544937000001,A,0,1,2015
OECD.SDD.STES:DSD_KEI@DF_KEI(4.0),USA,M,PRVM,IX,F,Y,_Z,2003-05,80.78120818,A,0,1,2015
OECD.SDD.STES:DSD_KEI@DF_KEI(4.0),USA,M,PRVM,IX,F,Y,_Z,2003-06,82.09066644,A,0,1,2015
OECD.SDD.STES:DSD_KEI@DF_KEI(4.0),USA,M,PRVM,IX,F,Y,_Z,2003-07,83.05978298,A,0,1,2015
OECD.SDD.STES:DSD_KEI@DF_KEI(4.0),USA,M,PRVM,IX,F,Y,_Z,2003-08,84.04530153,A,0,1,2015
OECD.SDD.STES:DSD_KEI@DF_KEI(4.0),USA,M,PRVM,IX,F,Y,_Z,2003-10,86.27196769999999,A,0,1,2015
OECD.SDD.STES:DSD_KEI@DF_KEI(4.0),USA,M,PRVM,IX,F,Y,_Z,2004-01,87.49224003,A,0,1,2015
OECD.SDD.STES:DSD_KEI@DF_KEI(4.0),USA,M,PRVM,IX,F,Y,_Z,2004-02,87.47639717999999,A,0,1,2015
OECD.SDD.STES:DSD_KEI@DF_KEI(4.0),USA,M,PRVM,IX,F,Y,_Z,2004-03,89.55367457999999,A,0,1,2015
OECD.SDD.STES:DSD_KEI@DF_KEI(4.0),USA,M,PRVM,IX,F,Y,_Z,2004-04,90.18878653,A,0,1,2015
OECD.SDD.STES:DSD_KEI@DF_KEI(4.0),USA,M,PRVM,IX,F,Y,_Z,2004-05,90.78494371,A,0,1,2015
OECD.SDD.STES:DSD_KEI@DF_KEI(4.0),USA,M,PRVM,IX,F,Y,_Z,2004-06,91.61566828,A,0,1,2015
OECD.SDD.STES:DSD_KEI@DF_KEI(4.0),USA,M,PRVM,IX,F,Y,_Z,2004-09,94.33858846999999,A,0,1,2015
OECD.SDD.STES:DSD_KEI@DF_KEI(4.0),USA,M,PRVM,IX,F,Y,_Z,2004-11,95.35625868999999,A,0,1,2015
OECD.SDD.STES:DSD_KEI@DF_KEI(4.0),USA,M,PRVM,IX,F,Y,_Z,2004-12,96.7051377,A,0,1,2015
OECD.SDD.STES:DSD_KEI@DF_KEI(4.0),USA,M,PRVM,IX,F,Y,_Z,2005-03,99.27522096999999,A,0,1,2015
OECD.SDD.STES:DSD_KEI@DF_KEI(4.0),USA,M,PRVM,IX,F,Y,_Z,2005-04,98.63246717,A,0,1,2015
OECD.SDD.STES:DSD_KEI@DF_KEI(4.0),USA,M,PRVM,IX,F,Y,_Z,2005-07,103.41570358,A,0,1,2015
OECD.SDD.STES:DSD_KEI@DF_KEI(4.0),USA,M,PRVM,IX,F,Y,_Z,2005-08,104.3561166,A,0,1,2015
OECD.SDD.STES:DSD_KEI@DF_KEI(4.0),USA,M,PRVM,IX,F,Y,_Z,2005-09,105.47042821999999,A,0,1,2015
OECD.SDD.STES:DSD_KEI@DF_KEI(4.0),USA,M,PRVM,IX,F,Y,_Z,2005-11,107.82243928999999,A,0,1,2015
OECD.SDD.STES:DSD_KEI@DF_KEI(4.0),USA,M,PRVM,IX,F,Y,_Z,2005-12,109.81006479,A,0,1,2015
OECD.SDD.STES:DSD_KEI@DF_KEI(4.0),USA,M,PRVM,IX,F,Y,_Z,2006-02,111.81017818000001,A,0,1,2015
OECD.SDD.STES:DSD_KEI@DF_KEI(4.0),USA,M,PRVM,IX,F,Y,_Z,2006-03,113.06856654999999,A,0,1,2015
OECD.SDD.STES:DSD_KEI@DF_KEI(4.0),USA,M,PRVM,IX,F,Y,_Z,2006-06,109.3093375,A,0,1,2015
OECD.SDD.STES:DSD_KEI@DF_KEI(4.0),USA,M,PRVM,IX,F,Y,_Z,2006-07,108.57879566,A,0,1,2015
OECD.SDD.STES:DSD_KEI@DF_KEI(4.0),USA,M,PRVM,IX,F,Y,_Z,2006-09,107.27511538,A,0,1,2015
OECD.SDD.STES:DSD_KEI@DF_KEI(4.0),USA,M,PRVM,IX,F,Y,_Z,2006-10,106.17431678,A,0,1,2015
OECD.SDD.STES:DSD_KEI@DF_KEI(4.0),USA,M,PRVM,IX,F,Y,_Z,2006-12,107.49756765000001,A,0,1,2015
OECD.SDD.STES:DSD_KEI@DF_KEI(4.0),USA,M,PRVM,IX,F,Y,_Z,2007-02,107.73213504,A,0,1,2015
OECD.SDD.STES:DSD_KEI@DF_KEI(4.0),USA,M,PRVM,IX,F,Y,_Z,2007-04,108.02252519,A,0,1,2015
OECD.SDD.STES:DSD_KEI@DF_KEI(4.0),USA,M,PRVM,IX,F,Y,_Z,2007-06,108.7464503,A,0,1,2015
OECD.SDD.STES:DSD_KEI@DF_KEI(4.0),USA,M,PRVM,IX,F,Y,_Z,2007-07,107.54668049,A,0,1,2015
OECD.SDD.STES:DSD_KEI@DF_KEI(4.0),USA,M,PRVM,IX,F,Y,_Z,2007-08,108.15942606,A,0,1,2015
OECD.SDD.STES:DSD_KEI@DF_KEI(4.0),USA,M,PRVM,IX,C,Y,_Z,2023-10,95.99724173,A,0,1,2015
OECD.SDD.STES:DSD_KEI@DF_KEI(4.0),USA,M,PRVM,IX,C,Y,_Z,2023-11,96.38337991,A,0,1,2015
OECD.SDD.STES:DSD_KEI@DF_KEI(4.0),USA,M,PRVM,IX,C,Y,_Z,2023-12,96.33445247,A,0,1,2015
OECD.SDD.STES:DSD_KEI@DF_KEI(4.0),USA,M,PRVM,IX,C,Y,_Z,2024-01,94.9090794,A,0,1,2015
OECD.SDD.STES:DSD_KEI@DF_KEI(4.0),USA,M,PRVM,IX,C,Y,_Z,2024-02,96.12808029,A,0,1,2015
OECD.SDD.STES:DSD_KEI@DF_KEI(4.0),USA,M,PRVM,IX,C,Y,_Z,2024-03,96.24496806,A,0,1,2015
OECD.SDD.STES:DSD_KEI@DF_KEI(4.0),USA,M,PRVM,IX,C,Y,_Z,2024-04,95.71224683,A,0,1,2015
OECD.SDD.STES:DSD_KEI@DF_KEI(4.0),USA,M,PRVM,IX,C,Y,_Z,2024-05,96.25473362,A,0,1,2015
OECD.SDD.STES:DSD_KEI@DF_KEI(4.0),USA,M,PRVM,IX,C,Y,_Z,2024-06,96.07526655000001,A,0,1,2015
OECD.SDD.STES:DSD_KEI@DF_KEI(4.0),USA,M,PRVM,IX,C,Y,_Z,2024-07,95.29232778,A,0,1,2015
OECD.SDD.STES:DSD_KEI@DF_KEI(4.0),USA,M,PRVM,IX,C,Y,_Z,2024-09,95.23333583,A,0,1,2015
OECD.SDD.STES:DSD_KEI@DF_KEI(4.0),USA,M,PRVM,IX,C,Y,_Z,2024-11,94.78691026,A,0,1,2015
OECD.SDD.STES:DSD_KEI@DF_KEI(4.0),USA,M,PRVM,IX,C,Y,_Z,2024-12,95.15062752,A,0,1,2015
OECD.SDD.STES:DSD_KEI@DF_KEI(4.0),USA,M,PRVM,IX,C,Y,_Z,2025-02,96.02026055,A,0,1,2015
OECD.SDD.STES:DSD_KEI@DF_KEI(4.0),USA,M,PRVM,IX,C,Y,_Z,2025-03,96.43719014,A,0,1,2015
OECD.SDD.STES:DSD_KEI@DF_KEI(4.0),USA,M,PRVM,IX,C,Y,_Z,2025-04,96.32388972,A,0,1,2015
OECD.SDD.STES:DSD_KEI@DF_KEI(4.0),USA,M,PRVM,IX,C,Y,_Z,2025-05,96.20759985,A,0,1,2015
OECD.SDD.STES:DSD_KEI@DF_KEI(4.0),USA,M,PRVM,IX,C,Y,_Z,2025-09,96.99940733999999,A,0,1,2015
OECD.SDD.STES:DSD_KEI@DF_KEI(4.0),USA,M,PRVM,IX,C,Y,_Z,2026-01,95.92031303600031,A,0,1,2015
OECD.SDD.STES:DSD_KEI@DF_KEI(4.0),USA,M,PRVM,IX,C,Y,_Z,2025-11,96.1283792385205,A,0,1,2015
OECD.SDD.STES:DSD_KEI@DF_KEI(4.0),USA,M,PRVM,IX,C,Y,_Z,2025-12,95.9090527482202,A,0,1,2015
OECD.SDD.STES:DSD_KEI@DF_KEI(4.0),USA,M,PRVM,IX,C,Y,_Z,2011-03,95.79266322,A,0,1,2015
OECD.SDD.STES:DSD_KEI@DF_KEI(4.0),USA,M,PRVM,IX,C,Y,_Z,2011-04,95.28036996,A,0,1,2015
OECD.SDD.STES:DSD_KEI@DF_KEI(4.0),USA,M,PRVM,IX,C,Y,_Z,2011-07,95.95817948999999,A,0,1,2015
OECD.SDD.STES:DSD_KEI@DF_KEI(4.0),USA,M,PRVM,IX,C,Y,_Z,2012-01,98.45995635,A,0,1,2015
OECD.SDD.STES:DSD_KEI@DF_KEI(4.0),USA,M,PRVM,IX,C,Y,_Z,2012-04,98.82516834,A,0,1,2015
OECD.SDD.STES:DSD_KEI@DF_KEI(4.0),USA,M,PRVM,IX,C,Y,_Z,2012-07,98.57166239,A,0,1,2015
OECD.SDD.STES:DSD_KEI@DF_KEI(4.0),USA,M,PRVM,IX,C,Y,_Z,2012-08,98.41979798,A,0,1,2015
OECD.SDD.STES:DSD_KEI@DF_KEI(4.0),USA,M,PRVM,IX,C,Y,_Z,2006-10,104.21416269999999,A,0,1,2015
OECD.SDD.STES:DSD_KEI@DF_KEI(4.0),USA,M,PRVM,IX,C,Y,_Z,2006-11,104.33433887000001,A,0,1,2015
OECD.SDD.STES:DSD_KEI@DF_KEI(4.0),USA,M,PRVM,IX,C,Y,_Z,2006-12,105.85138862000001,A,0,1,2015
OECD.SDD.STES:DSD_KEI@DF_KEI(4.0),USA,M,PRVM,IX,C,Y,_Z,2007-01,105.50062567,A,0,1,2015
OECD.SDD.STES:DSD_KEI@DF_KEI(4.0),USA,M,PRVM,IX,C,Y,_Z,2007-02,105.82577893,A,0,1,2015
OECD.SDD.STES:DSD_KEI@DF_KEI(4.0),USA,M,PRVM,IX,C,Y,_Z,2007-03,106.69062882,A,0,1,2015
OECD.SDD.STES:DSD_KEI@DF_KEI(4.0),USA,M,PRVM,IX,C,Y,_Z,2007-04,107.35638087999999,A,0,1,2015
OECD.SDD.STES:DSD_KEI@DF_KEI(4.0),USA,M,PRVM,IX,C,Y,_Z,2007-06,107.73813453000001,A,0,1,2015
OECD.SDD.STES:DSD_KEI@DF_KEI(4.0),USA,M,PRVM,IX,C,Y,_Z,2007-07,107.72209111999999,A,0,1,2015
OECD.SDD.STES:DSD_KEI@DF_KEI(4.0),USA,M,PRVM,IX,C,Y,_Z,2007-09,107.67914257999999,A,0,1,2015
OECD.SDD.STES:DSD_KEI@DF_KEI(4.0),USA,M,PRVM,IX,C,Y,_Z,2007-11,108.03149991000001,A,0,1,2015
OECD.SDD.STES:DSD_KEI@DF_KEI(4.0),USA,M,PRVM,IX,C,Y,_Z,2007-12,108.18206889,A,0,1,2015
OECD.SDD.STES:DSD_KEI@DF_KEI(4.0),USA,M,PRVM,IX,C,Y,_Z,2008-02,107.18060082000001,A,0,1,2015
OECD.SDD.STES:DSD_KEI@DF_KEI(4.0),USA,M,PRVM,IX,C,Y,_Z,2008-03,106.74364186,A,0,1,2015
OECD.SDD.STES:DSD_KEI@DF_KEI(4.0),USA,M,PRVM,IX,C,Y,_Z,2008-04,105.70809398,A,0,1,2015
OECD.SDD.STES:DSD_KEI@DF_KEI(4.0),USA,M,PRVM,IX,C,Y,_Z,2008-05,105.06147445,A,0,1,2015
OECD.SDD.STES:DSD_KEI@DF_KEI(4.0),USA,M,PRVM,IX,C,Y,_Z,2008-09,98.51306903,A,0,1,2015
OECD.SDD.STES:DSD_KEI@DF_KEI(4.0),USA,M,PRVM,IX,C,Y,_Z,2008-10,97.86774493,A,0,1,2015
OECD.SDD.STES:DSD_KEI@DF_KEI(4.0),USA,M,PRVM,IX,C,Y,_Z,2008-11,95.41947935,A,0,1,2015
OECD.SDD.STES:DSD_KEI@DF_KEI(4.0),USA,M,PRVM,IX,C,Y,_Z,2009-01,89.23239963,A,0,1,2015
OECD.SDD.STES:DSD_KEI@DF_KEI(4.0),USA,M,PRVM,IX,C,Y,_Z,2009-02,89.13285072,A,0,1,2015
OECD.SDD.STES:DSD_KEI@DF_KEI(4.0),USA,M,PRVM,IX,C,Y,_Z,2009-05,85.93323496000001,A,0,1,2015
OECD.SDD.STES:DSD_KEI@DF_KEI(4.0),USA,M,PRVM,IX,C,Y,_Z,2009-06,85.66777119,A,0,1,2015
OECD.SDD.STES:DSD_KEI@DF_KEI(4.0),USA,M,PRVM,IX,BTE,Y,_Z,2004-12,94.61687912,A,0,1,2015
OECD.SDD.STES:DSD_KEI@DF_KEI(4.0),USA,M,PRVM,IX,BTE,Y,_Z,2005-05,95.80899248,A,0,1,2015
OECD.SDD.STES:DSD_KEI@DF_KEI(4.0),USA,M,PRVM,IX,BTE,Y,_Z,2005-06,96.23990427,A,0,1,2015
OECD.SDD.STES:DSD_KEI@DF_KEI(4.0),USA,M,PRVM,IX,BTE,Y,_Z,2005-07,95.93516614,A,0,1,2015
OECD.SDD.STES:DSD_KEI@DF_KEI(4.0),USA,M,PRVM,IX,BTE,Y,_Z,2005-09,94.38315082999999,A,0,1,2015
OECD.SDD.STES:DSD_KEI@DF_KEI(4.0),USA,M,PRVM,IX,BTE,Y,_Z,2005-12,97.10143073,A,0,1,2015
OECD.SDD.STES:DSD_KEI@DF_KEI(4.0),USA,M,PRVM,IX,BTE,Y,_Z,2006-08,98.5259849,A,0,1,2015
OECD.SDD.STES:DSD_KEI@DF_KEI(4.0),USA,M,PRVM,IX,BTE,Y,_Z,2006-12,99.20924402,A,0,1,2015
OECD.SDD.STES:DSD_KEI@DF_KEI(4.0),USA,M,PRVM,IX,BTE,Y,_Z,2007-05,100.75135558999999,A,0,1,2015
OECD.SDD.STES:DSD_KEI@DF_KEI(4.0),USA,M,PRVM,IX,BTE,Y,_Z,2007-07,100.68856586999999,A,0,1,2015
OECD.SDD.STES:DSD_KEI@DF_KEI(4.0),USA,M,PRVM,IX,BTE,Y,_Z,2007-08,100.88248113,A,0,1,2015
OECD.SDD.STES:DSD_KEI@DF_KEI(4.0),USA,M,PRVM,IX,BTE,Y,_Z,2007-10,100.82157312,A,0,1,2015
OECD.SDD.STES:DSD_KEI@DF_KEI(4.0),USA,M,PRVM,IX,BTE,Y,_Z,2007-12,101.39480166999999,A,0,1,2015
OECD.SDD.STES:DSD_KEI@DF_KEI(4.0),USA,M,PRVM,IX,BTE,Y,_Z,2008-03,100.55625188999998,A,0,1,2015
OECD.SDD.STES:DSD_KEI@DF_KEI(4.0),USA,M,PRVM,IX,BTE,Y,_Z,2008-04,99.90745779,A,0,1,2015
OECD.SDD.STES:DSD_KEI@DF_KEI(4.0),USA,M,PRVM,IX,BTE,Y,_Z,2008-06,99.07059164,A,0,1,2015
OECD.SDD.STES:DSD_KEI@DF_KEI(4.0),USA,M,PRVM,IX,BTE,Y,_Z,2008-08,97.16669639,A,0,1,2015
OECD.SDD.STES:DSD_KEI@DF_KEI(4.0),USA,M,PRVM,IX,BTE,Y,_Z,2008-10,93.81012035,A,0,1,2015
OECD.SDD.STES:DSD_KEI@DF_KEI(4.0),USA,M,PRVM,IX,BTE,Y,_Z,2009-09,86.56493927999999,A,0,1,2015
OECD.SDD.STES:DSD_KEI@DF_KEI(4.0),USA,M,PRVM,IX,BTE,Y,_Z,2010-02,88.81467318,A,0,1,2015
OECD.SDD.STES:DSD_KEI@DF_KEI(4.0),USA,M,PRVM,IX,BTE,Y,_Z,2010-03,89.42365423999999,A,0,1,2015
OECD.SDD.STES:DSD_KEI@DF_KEI(4.0),USA,M,PRVM,IX,BTE,Y,_Z,2010-06,91.10729028,A,0,1,2015
OECD.SDD.STES:DSD_KEI@DF_KEI(4.0),USA,M,PRVM,IX,BTE,Y,_Z,2010-10,91.79807624,A,0,1,2015
OECD.SDD.STES:DSD_KEI@DF_KEI(4.0),USA,M,PRVM,IX,BTE,Y,_Z,2010-11,91.8779004,A,0,1,2015
OECD.SDD.STES:DSD_KEI@DF_KEI(4.0),USA,M,PRVM,IX,BTE,Y,_Z,2011-02,92.21393435,A,0,1,2015
OECD.SDD.STES:DSD_KEI@DF_KEI(4.0),USA,M,PRVM,IX,C,Y,_Z,2015-01,100.54440501999999,A,0,1,2015
OECD.SDD.STES:DSD_KEI@DF_KEI(4.0),USA,M,PRVM,IX,C,Y,_Z,2015-04,100.14431603,A,0,1,2015
OECD.SDD.STES:DSD_KEI@DF_KEI(4.0),CHN,M,PRVM,IX,F,Y,_Z,2021-08,106.26167258000001,A,0,1,2015
OECD.SDD.STES:DSD_KEI@DF_KEI(4.0),CHN,M,PRVM,IX,F,Y,_Z,2021-09,90.88117425,A,0,1,2015
OECD.SDD.STES:DSD_KEI@DF_KEI(4.0),CHN,M,PRVM,IX,F,Y,_Z,2021-12,95.0609077,A,0,1,2015
OECD.SDD.STES:DSD_KEI@DF_KEI(4.0),CHN,M,PRVM,IX,F,Y,_Z,2022-02,90.05965309,A,0,1,2015
OECD.SDD.STES:DSD_KEI@DF_KEI(4.0),CHN,M,PRVM,IX,F,Y,_Z,2022-03,80.47874675,A,0,1,2015
OECD.SDD.STES:DSD_KEI@DF_KEI(4.0),CHN,M,PRVM,IX,F,Y,_Z,2022-04,75.30932821,A,0,1,2015
OECD.SDD.STES:DSD_KEI@DF_KEI(4.0),CHN,M,PRVM,IX,F,Y,_Z,2022-06,82.4234049,A,0,1,2015
OECD.SDD.STES:DSD_KEI@DF_KEI(4.0),USA,M,PRVM,IX,F,Y,_Z,2007-09,108.58522599,A,0,1,2015
OECD.SDD.STES:DSD_KEI@DF_KEI(4.0),USA,M,PRVM,IX,F,Y,_Z,2007-10,107.40623827,A,0,1,2015
OECD.SDD.STES:DSD_KEI@DF_KEI(4.0),USA,M,PRVM,IX,F,Y,_Z,2007-11,105.08078726000001,A,0,1,2015
OECD.SDD.STES:DSD_KEI@DF_KEI(4.0),USA,M,PRVM,IX,F,Y,_Z,2008-01,103.0761074,A,0,1,2015
OECD.SDD.STES:DSD_KEI@DF_KEI(4.0),USA,M,PRVM,IX,F,Y,_Z,2008-02,101.79786888,A,0,1,2015
OECD.SDD.STES:DSD_KEI@DF_KEI(4.0),USA,M,PRVM,IX,F,Y,_Z,2008-03,102.03821425,A,0,1,2015
OECD.SDD.STES:DSD_KEI@DF_KEI(4.0),USA,M,PRVM,IX,F,Y,_Z,2008-06,100.14890761999999,A,0,1,2015
OECD.SDD.STES:DSD_KEI@DF_KEI(4.0),USA,M,PRVM,IX,F,Y,_Z,2008-08,98.54803409,A,0,1,2015
OECD.SDD.STES:DSD_KEI@DF_KEI(4.0),USA,M,PRVM,IX,F,Y,_Z,2008-09,98.47413185,A,0,1,2015
OECD.SDD.STES:DSD_KEI@DF_KEI(4.0),USA,M,PRVM,IX,F,Y,_Z,2008-11,95.91551134,A,0,1,2015
OECD.SDD.STES:DSD_KEI@DF_KEI(4.0),USA,M,PRVM,IX,F,Y,_Z,2008-12,92.58888532,A,0,1,2015
OECD.SDD.STES:DSD_KEI@DF_KEI(4.0),USA,M,PRVM,IX,F,Y,_Z,2009-01,89.7175083,A,0,1,2015
OECD.SDD.STES:DSD_KEI@DF_KEI(4.0),USA,M,PRVM,IX,F,Y,_Z,2009-02,89.4568468,A,0,1,2015
OECD.SDD.STES:DSD_KEI@DF_KEI(4.0),USA,M,PRVM,IX,F,Y,_Z,2009-03,88.99805646,A,0,1,2015
OECD.SDD.STES:DSD_KEI@DF_KEI(4.0),USA,M,PRVM,IX,F,Y,_Z,2009-04,86.63178681,A,0,1,2015
OECD.SDD.STES:DSD_KEI@DF_KEI(4.0),USA,M,PRVM,IX,F,Y,_Z,2009-05,84.92150441,A,0,1,2015
OECD.SDD.STES:DSD_KEI@DF_KEI(4.0),USA,M,PRVM,IX,F,Y,_Z,2009-06,84.05909413,A,0,1,2015
OECD.SDD.STES:DSD_KEI@DF_KEI(4.0),USA,M,PRVM,IX,F,Y,_Z,2009-07,83.83673505,A,0,1,2015
OECD.SDD.STES:DSD_KEI@DF_KEI(4.0),USA,M,PRVM,IX,F,Y,_Z,2009-08,82.90871673,A,0,1,2015
OECD.SDD.STES:DSD_KEI@DF_KEI(4.0),USA,M,PRVM,IX,F,Y,_Z,2009-10,81.01978288,A,0,1,2015
OECD.SDD.STES:DSD_KEI@DF_KEI(4.0),USA,M,PRVM,IX,F,Y,_Z,2009-11,79.28247443999999,A,0,1,2015
OECD.SDD.STES:DSD_KEI@DF_KEI(4.0),USA,M,PRVM,IX,F,Y,_Z,2009-12,77.58943278,A,0,1,2015
OECD.SDD.STES:DSD_KEI@DF_KEI(4.0),USA,M,PRVM,IX,F,Y,_Z,2010-03,75.11235637,A,0,1,2015
OECD.SDD.STES:DSD_KEI@DF_KEI(4.0),USA,M,PRVM,IX,F,Y,_Z,2010-05,76.07532215,A,0,1,2015
OECD.SDD.STES:DSD_KEI@DF_KEI(4.0),USA,M,PRVM,IX,F,Y,_Z,2010-06,76.07383105999999,A,0,1,2015
OECD.SDD.STES:DSD_KEI@DF_KEI(4.0),USA,M,PRVM,IX,F,Y,_Z,2010-07,73.48510914,A,0,1,2015
OECD.SDD.STES:DSD_KEI@DF_KEI(4.0),USA,M,PRVM,IX,F,Y,_Z,2010-11,74.3987757,A,0,1,2015
OECD.SDD.STES:DSD_KEI@DF_KEI(4.0),USA,M,PRVM,IX,F,Y,_Z,2011-02,70.28345526,A,0,1,2015
OECD.SDD.STES:DSD_KEI@DF_KEI(4.0),USA,M,PRVM,IX,F,Y,_Z,2011-03,71.11185001,A,0,1,2015
OECD.SDD.STES:DSD_KEI@DF_KEI(4.0),USA,M,PRVM,IX,F,Y,_Z,2011-04,71.96419541,A,0,1,2015
OECD.SDD.STES:DSD_KEI@DF_KEI(4.0),USA,M,PRVM,IX,F,Y,_Z,2011-06,74.28247054,A,0,1,2015
OECD.SDD.STES:DSD_KEI@DF_KEI(4.0),USA,M,PRVM,IX,F,Y,_Z,2011-08,74.66605392999999,A,0,1,2015
OECD.SDD.STES:DSD_KEI@DF_KEI(4.0),USA,M,PRVM,IX,F,Y,_Z,2011-10,75.1616556,A,0,1,2015
OECD.SDD.STES:DSD_KEI@DF_KEI(4.0),USA,M,PRVM,IX,F,Y,_Z,2011-11,75.4016282,A,0,1,2015
OECD.SDD.STES:DSD_KEI@DF_KEI(4.0),USA,M,PRVM,IX,F,Y,_Z,2012-03,77.03735601,A,0,1,2015
OECD.SDD.STES:DSD_KEI@DF_KEI(4.0),USA,M,PRVM,IX,F,Y,_Z,2012-04,77.6526178,A,0,1,2015
OECD.SDD.STES:DSD_KEI@DF_KEI(4.0),USA,M,PRVM,IX,F,Y,_Z,2012-06,79.75282073999999,A,0,1,2015
OECD.SDD.STES:DSD_KEI@DF_KEI(4.0),USA,M,PRVM,IX,F,Y,_Z,2012-07,79.80584769,A,0,1,2015
OECD.SDD.STES:DSD_KEI@DF_KEI(4.0),USA,M,PRVM,IX,F,Y,_Z,2012-09,81.38183863,A,0,1,2015
OECD.SDD.STES:DSD_KEI@DF_KEI(4.0),USA,M,PRVM,IX,F,Y,_Z,2012-10,80.43182671,A,0,1,2015
OECD.SDD.STES:DSD_KEI@DF_KEI(4.0),USA,M,PRVM,IX,F,Y,_Z,2012-12,82.3408903,A,0,1,2015
OECD.SDD.STES:DSD_KEI@DF_KEI(4.0),USA,M,PRVM,IX,F,Y,_Z,2013-01,80.43844342999999,A,0,1,2015
OECD.SDD.STES:DSD_KEI@DF_KEI(4.0),USA,M,PRVM,IX,F,Y,_Z,2013-02,81.06964127,A,0,1,2015
OECD.SDD.STES:DSD_KEI@DF_KEI(4.0),USA,M,PRVM,IX,F,Y,_Z,2013-03,81.0002123,A,0,1,2015
OECD.SDD.STES:DSD_KEI@DF_KEI(4.0),USA,M,PRVM,IX,F,Y,_Z,2013-04,81.86057233,A,0,1,2015
OECD.SDD.STES:DSD_KEI@DF_KEI(4.0),USA,M,PRVM,IX,F,Y,_Z,2013-09,85.41347153999999,A,0,1,2015
OECD.SDD.STES:DSD_KEI@DF_KEI(4.0),USA,M,PRVM,IX,F,Y,_Z,2013-10,86.00785805,A,0,1,2015
OECD.SDD.STES:DSD_KEI@DF_KEI(4.0),USA,M,PRVM,IX,F,Y,_Z,2013-11,86.51240627,A,0,1,2015
OECD.SDD.STES:DSD_KEI@DF_KEI(4.0),USA,M,PRVM,IX,F,Y,_Z,2013-12,88.22716195,A,0,1,2015
OECD.SDD.STES:DSD_KEI@DF_KEI(4.0),USA,M,PRVM,IX,F,Y,_Z,2014-03,88.28223915999999,A,0,1,2015
OECD.SDD.STES:DSD_KEI@DF_KEI(4.0),USA,M,PRVM,IX,F,Y,_Z,2014-04,89.49803820999999,A,0,1,2015
OECD.SDD.STES:DSD_KEI@DF_KEI(4.0),USA,M,PRVM,IX,F,Y,_Z,2014-05,90.66248779,A,0,1,2015
OECD.SDD.STES:DSD_KEI@DF_KEI(4.0),USA,M,PRVM,IX,F,Y,_Z,2014-06,89.19711723,A,0,1,2015
OECD.SDD.STES:DSD_KEI@DF_KEI(4.0),USA,M,PRVM,IX,F,Y,_Z,2014-07,89.46952108,A,0,1,2015
OECD.SDD.STES:DSD_KEI@DF_KEI(4.0),USA,M,PRVM,IX,F,Y,_Z,2014-08,89.56485776999999,A,0,1,2015
OECD.SDD.STES:DSD_KEI@DF_KEI(4.0),USA,M,PRVM,IX,F,Y,_Z,2014-09,90.06493271,A,0,1,2015
OECD.SDD.STES:DSD_KEI@DF_KEI(4.0),USA,M,PRVM,IX,F,Y,_Z,2014-10,91.36870619,A,0,1,2015
OECD.SDD.STES:DSD_KEI@DF_KEI(4.0),USA,M,PRVM,IX,F,Y,_Z,2014-11,90.79827034,A,0,1,2015
OECD.SDD.STES:DSD_KEI@DF_KEI(4.0),USA,M,PRVM,IX,F,Y,_Z,2014-12,91.74893462,A,0,1,2015
OECD.SDD.STES:DSD_KEI@DF_KEI(4.0),USA,M,PRVM,IX,F,Y,_Z,2015-01,92.26606393,A,0,1,2015
OECD.SDD.STES:DSD_KEI@DF_KEI(4.0),USA,M,PRVM,IX,F,Y,_Z,2015-02,92.58422566,A,0,1,2015
OECD.SDD.STES:DSD_KEI@DF_KEI(4.0),USA,M,PRVM,IX,F,Y,_Z,2015-03,93.78511379999999,A,0,1,2015
OECD.SDD.STES:DSD_KEI@DF_KEI(4.0),USA,M,PRVM,IX,F,Y,_Z,2015-05,99.569898,A,0,1,2015
OECD.SDD.STES:DSD_KEI@DF_KEI(4.0),USA,M,PRVM,IX,F,Y,_Z,2015-06,100.11880621,A,0,1,2015
OECD.SDD.STES:DSD_KEI@DF_KEI(4.0),USA,M,PRVM,IX,F,Y,_Z,2015-07,103.88399962999999,A,0,1,2015
OECD.SDD.STES:DSD_KEI@DF_KEI(4.0),USA,M,PRVM,IX,F,Y,_Z,2015-08,104.55415225,A,0,1,2015
OECD.SDD.STES:DSD_KEI@DF_KEI(4.0),USA,M,PRVM,IX,F,Y,_Z,2015-09,104.73914083,A,0,1,2015
OECD.SDD.STES:DSD_KEI@DF_KEI(4.0),USA,M,PRVM,IX,F,Y,_Z,2015-10,104.63262095999998,A,0,1,2015
OECD.SDD.STES:DSD_KEI@DF_KEI(4.0),USA,M,PRVM,IX,F,Y,_Z,2016-01,106.69955390000001,A,0,1,2015
OECD.SDD.STES:DSD_KEI@DF_KEI(4.0),USA,M,PRVM,IX,F,Y,_Z,2016-02,107.89019078,A,0,1,2015
OECD.SDD.STES:DSD_KEI@DF_KEI(4.0),USA,M,PRVM,IX,F,Y,_Z,2016-03,109.63066779999998,A,0,1,2015
OECD.SDD.STES:DSD_KEI@DF_KEI(4.0),USA,M,PRVM,IX,F,Y,_Z,2016-07,108.14209212000002,A,0,1,2015
OECD.SDD.STES:DSD_KEI@DF_KEI(4.0),USA,M,PRVM,IX,F,Y,_Z,2016-08,108.71113005999999,A,0,1,2015
OECD.SDD.STES:DSD_KEI@DF_KEI(4.0),USA,M,PRVM,IX,F,Y,_Z,2016-10,109.38547638,A,0,1,2015
OECD.SDD.STES:DSD_KEI@DF_KEI(4.0),USA,M,PRVM,IX,F,Y,_Z,2016-11,111.03676746,A,0,1,2015
OECD.SDD.STES:DSD_KEI@DF_KEI(4.0),USA,M,PRVM,IX,F,Y,_Z,2017-01,111.71810325999999,A,0,1,2015
OECD.SDD.STES:DSD_KEI@DF_KEI(4.0),USA,M,PRVM,IX,F,Y,_Z,2017-03,113.18481876999999,A,0,1,2015
OECD.SDD.STES:DSD_KEI@DF_KEI(4.0),USA,M,PRVM,IX,F,Y,_Z,2017-04,111.18457785,A,0,1,2015
OECD.SDD.STES:DSD_KEI@DF_KEI(4.0),USA,M,PRVM,IX,F,Y,_Z,2017-05,112.92531522,A,0,1,2015
OECD.SDD.STES:DSD_KEI@DF_KEI(4.0),USA,M,PRVM,IX,F,Y,_Z,2017-06,111.98545948,A,0,1,2015
OECD.SDD.STES:DSD_KEI@DF_KEI(4.0),USA,M,PRVM,IX,F,Y,_Z,2017-08,111.48033154000001,A,0,1,2015
OECD.SDD.STES:DSD_KEI@DF_KEI(4.0),USA,M,PRVM,IX,F,Y,_Z,2017-11,114.80420491000001,A,0,1,2015
OECD.SDD.STES:DSD_KEI@DF_KEI(4.0),USA,M,PRVM,IX,F,Y,_Z,2017-12,116.20490315,A,0,1,2015
OECD.SDD.STES:DSD_KEI@DF_KEI(4.0),USA,M,PRVM,IX,F,Y,_Z,2018-03,120.46959833,A,0,1,2015
OECD.SDD.STES:DSD_KEI@DF_KEI(4.0),USA,M,PRVM,IX,F,Y,_Z,2018-04,121.16489929000001,A,0,1,2015
OECD.SDD.STES:DSD_KEI@DF_KEI(4.0),USA,M,PRVM,IX,F,Y,_Z,2018-07,119.51119840999999,A,0,1,2015
OECD.SDD.STES:DSD_KEI@DF_KEI(4.0),USA,M,PRVM,IX,F,Y,_Z,2018-10,117.80199520000001,A,0,1,2015
OECD.SDD.STES:DSD_KEI@DF_KEI(4.0),USA,M,PRVM,IX,F,Y,_Z,2018-11,116.61943748,A,0,1,2015
OECD.SDD.STES:DSD_KEI@DF_KEI(4.0),CHN,M,PRVM,IX,F,Y,_Z,2013-03,95.30588477,A,0,1,2015
OECD.SDD.STES:DSD_KEI@DF_KEI(4.0),CHN,M,PRVM,IX,F,Y,_Z,2013-04,92.40220508,A,0,1,2015
OECD.SDD.STES:DSD_KEI@DF_KEI(4.0),USA,M,PRVM,IX,C,Y,_Z,2024-10,94.58890857,A,0,1,2015
OECD.SDD.STES:DSD_KEI@DF_KEI(4.0),USA,M,PRVM,IX,C,Y,_Z,2025-01,94.80843435,A,0,1,2015
OECD.SDD.STES:DSD_KEI@DF_KEI(4.0),USA,M,PRVM,IX,C,Y,_Z,2025-06,96.51571321,A,0,1,2015
OECD.SDD.STES:DSD_KEI@DF_KEI(4.0),USA,M,PRVM,IX,C,Y,_Z,2025-07,96.96632402,A,0,1,2015
OECD.SDD.STES:DSD_KEI@DF_KEI(4.0),USA,M,PRVM,IX,C,Y,_Z,2025-08,96.98515760000001,A,0,1,2015
OECD.SDD.STES:DSD_KEI@DF_KEI(4.0),USA,M,PRVM,IX,C,Y,_Z,2026-02,96.5785914525946,A,0,1,2015
OECD.SDD.STES:DSD_KEI@DF_KEI(4.0),USA,M,PRVM,IX,C,Y,_Z,2026-03,96.9889442408984,A,0,1,2015
OECD.SDD.STES:DSD_KEI@DF_KEI(4.0),USA,M,PRVM,IX,C,Y,_Z,2026-04,97.64403390343111,A,0,1,2015
OECD.SDD.STES:DSD_KEI@DF_KEI(4.0),USA,M,PRVM,IX,C,Y,_Z,2026-05,97.63496588406841,A,0,1,2015
OECD.SDD.STES:DSD_KEI@DF_KEI(4.0),USA,M,PRVM,IX,C,Y,_Z,2026-06,97.9320182546205,A,0,1,2015
OECD.SDD.STES:DSD_KEI@DF_KEI(4.0),USA,M,PRVM,IX,C,Y,_Z,2026-07,98.0845802067558,A,0,1,2015
OECD.SDD.STES:DSD_KEI@DF_KEI(4.0),USA,M,PRVM,IX,C,Y,_Z,2025-10,96.25383678,A,0,1,2015
OECD.SDD.STES:DSD_KEI@DF_KEI(4.0),USA,M,PRVM,IX,C,Y,_Z,2000-01,95.53985482,A,0,1,2015
OECD.SDD.STES:DSD_KEI@DF_KEI(4.0),USA,M,PRVM,IX,C,Y,_Z,2000-05,96.84654644,A,0,1,2015
OECD.SDD.STES:DSD_KEI@DF_KEI(4.0),USA,M,PRVM,IX,C,Y,_Z,2000-07,97.04972987,A,0,1,2015
OECD.SDD.STES:DSD_KEI@DF_KEI(4.0),USA,M,PRVM,IX,C,Y,_Z,2000-09,96.92287724,A,0,1,2015
OECD.SDD.STES:DSD_KEI@DF_KEI(4.0),USA,M,PRVM,IX,C,Y,_Z,2000-10,96.51940020999999,A,0,1,2015
OECD.SDD.STES:DSD_KEI@DF_KEI(4.0),USA,M,PRVM,IX,C,Y,_Z,2001-07,92.62852235999999,A,0,1,2015
OECD.SDD.STES:DSD_KEI@DF_KEI(4.0),USA,M,PRVM,IX,C,Y,_Z,2001-08,92.25384376,A,0,1,2015
OECD.SDD.STES:DSD_KEI@DF_KEI(4.0),USA,M,PRVM,IX,C,Y,_Z,2002-06,94.1457714,A,0,1,2015
OECD.SDD.STES:DSD_KEI@DF_KEI(4.0),USA,M,PRVM,IX,C,Y,_Z,2002-10,93.9377052,A,0,1,2015
OECD.SDD.STES:DSD_KEI@DF_KEI(4.0),USA,M,PRVM,IX,C,Y,_Z,2002-11,94.41771233,A,0,1,2015
OECD.SDD.STES:DSD_KEI@DF_KEI(4.0),USA,M,PRVM,IX,C,Y,_Z,2002-12,93.85718915999999,A,0,1,2015
OECD.SDD.STES:DSD_KEI@DF_KEI(4.0),USA,M,PRVM,IX,C,Y,_Z,2003-02,94.52324016,A,0,1,2015
OECD.SDD.STES:DSD_KEI@DF_KEI(4.0),USA,M,PRVM,IX,C,Y,_Z,2003-03,94.62826975,A,0,1,2015
OECD.SDD.STES:DSD_KEI@DF_KEI(4.0),USA,M,PRVM,IX,C,Y,_Z,2003-05,93.99470418,A,0,1,2015
OECD.SDD.STES:DSD_KEI@DF_KEI(4.0),USA,M,PRVM,IX,C,Y,_Z,2003-07,94.72433097,A,0,1,2015
OECD.SDD.STES:DSD_KEI@DF_KEI(4.0),USA,M,PRVM,IX,C,Y,_Z,2003-10,95.16786672999999,A,0,1,2015
OECD.SDD.STES:DSD_KEI@DF_KEI(4.0),USA,M,PRVM,IX,C,Y,_Z,2004-05,97.43766173,A,0,1,2015
OECD.SDD.STES:DSD_KEI@DF_KEI(4.0),USA,M,PRVM,IX,C,Y,_Z,2004-09,98.10072327,A,0,1,2015
OECD.SDD.STES:DSD_KEI@DF_KEI(4.0),USA,M,PRVM,IX,C,Y,_Z,2004-11,98.96417808,A,0,1,2015
OECD.SDD.STES:DSD_KEI@DF_KEI(4.0),USA,M,PRVM,IX,C,Y,_Z,2005-02,101.23596606,A,0,1,2015
OECD.SDD.STES:DSD_KEI@DF_KEI(4.0),USA,M,PRVM,IX,C,Y,_Z,2005-03,100.76263538,A,0,1,2015
OECD.SDD.STES:DSD_KEI@DF_KEI(4.0),USA,M,PRVM,IX,F,Y,_Z,2000-06,74.12693100999999,A,0,1,2015
OECD.SDD.STES:DSD_KEI@DF_KEI(4.0),CHN,M,PRVM,IX,F,Y,_Z,2019-09,101.99774497,A,0,1,2015
OECD.SDD.STES:DSD_KEI@DF_KEI(4.0),CHN,M,PRVM,IX,F,Y,_Z,2013-01,118.41799483999999,A,0,1,2015
OECD.SDD.STES:DSD_KEI@DF_KEI(4.0),CHN,M,PRVM,IX,F,Y,_Z,2013-02,123.30823711000001,A,0,1,2015
OECD.SDD.STES:DSD_KEI@DF_KEI(4.0),CHN,M,PRVM,IX,F,Y,_Z,2019-10,103.52737669,A,0,1,2015
OECD.SDD.STES:DSD_KEI@DF_KEI(4.0),CHN,M,PRVM,IX,F,Y,_Z,2019-11,92.81843454,A,0,1,2015
OECD.SDD.STES:DSD_KEI@DF_KEI(4.0),CHN,M,PRVM,IX,F,Y,_Z,2019-12,100.09401678,A,0,1,2015
OECD.SDD.STES:DSD_KEI@DF_KEI(4.0),CHN,M,PRVM,IX,F,Y,_Z,2020-01,69.81374643,A,0,1,2015
OECD.SDD.STES:DSD_KEI@DF_KEI(4.0),CHN,M,PRVM,IX,F,Y,_Z,2020-03,93.98135137,A,0,1,2015
OECD.SDD.STES:DSD_KEI@DF_KEI(4.0),CHN,M,PRVM,IX,F,Y,_Z,2020-04,86.17745371999999,A,0,1,2015
OECD.SDD.STES:DSD_KEI@DF_KEI(4.0),CHN,M,PRVM,IX,F,Y,_Z,2020-05,91.24319245,A,0,1,2015
OECD.SDD.STES:DSD_KEI@DF_KEI(4.0),CHN,M,PRVM,IX,F,Y,_Z,2020-06,83.72012821,A,0,1,2015
OECD.SDD.STES:DSD_KEI@DF_KEI(4.0),CHN,M,PRVM,IX,F,Y,_Z,2020-07,85.94245597,A,0,1,2015
OECD.SDD.STES:DSD_KEI@DF_KEI(4.0),CHN,M,PRVM,IX,F,Y,_Z,2020-08,85.613505,A,0,1,2015
OECD.SDD.STES:DSD_KEI@DF_KEI(4.0),CHN,M,PRVM,IX,F,Y,_Z,2020-09,87.56264005,A,0,1,2015
OECD.SDD.STES:DSD_KEI@DF_KEI(4.0),CHN,M,PRVM,IX,F,Y,_Z,2020-10,113.35474445999999,A,0,1,2015
OECD.SDD.STES:DSD_KEI@DF_KEI(4.0),CHN,M,PRVM,IX,F,Y,_Z,2020-11,94.99877774999999,A,0,1,2015
OECD.SDD.STES:DSD_KEI@DF_KEI(4.0),CHN,M,PRVM,IX,F,Y,_Z,2020-12,95.95830115,A,0,1,2015
OECD.SDD.STES:DSD_KEI@DF_KEI(4.0),CHN,M,PRVM,IX,F,Y,_Z,2021-04,85.86374637,A,0,1,2015
OECD.SDD.STES:DSD_KEI@DF_KEI(4.0),CHN,M,PRVM,IX,F,Y,_Z,2021-07,111.95601897,A,0,1,2015
OECD.SDD.STES:DSD_KEI@DF_KEI(4.0),CHN,M,PRVM,IX,F,Y,_Z,2021-10,93.23685681,A,0,1,2015
OECD.SDD.STES:DSD_KEI@DF_KEI(4.0),CHN,M,PRVM,IX,F,Y,_Z,2021-11,109.09982099999999,A,0,1,2015
OECD.SDD.STES:DSD_KEI@DF_KEI(4.0),CHN,M,PRVM,IX,F,Y,_Z,2022-01,90.12528493,A,0,1,2015
OECD.SDD.STES:DSD_KEI@DF_KEI(4.0),CHN,M,PRVM,IX,F,Y,_Z,2022-05,76.18416245,A,0,1,2015
OECD.SDD.STES:DSD_KEI@DF_KEI(4.0),CHN,M,PRVM,IX,F,Y,_Z,2022-07,74.35527489,A,0,1,2015
OECD.SDD.STES:DSD_KEI@DF_KEI(4.0),CHN,M,PRVM,IX,F,Y,_Z,2022-08,100.80163903999998,A,0,1,2015
OECD.SDD.STES:DSD_KEI@DF_KEI(4.0),CHN,M,PRVM,IX,F,Y,_Z,2022-09,84.74622631,A,0,1,2015
OECD.SDD.STES:DSD_KEI@DF_KEI(4.0),CHN,M,PRVM,IX,F,Y,_Z,2022-10,86.26864499,A,0,1,2015
OECD.SDD.STES:DSD_KEI@DF_KEI(4.0),CHN,M,PRVM,IX,F,Y,_Z,2022-11,88.44105452999999,A,0,1,2015
OECD.SDD.STES:DSD_KEI@DF_KEI(4.0),CHN,M,PRVM,IX,F,Y,_Z,2022-12,87.12091308999999,A,0,1,2015
OECD.SDD.STES:DSD_KEI@DF_KEI(4.0),CHN,M,PRVM,IX,F,Y,_Z,2023-01,98.90284152999999,A,0,1,2015
OECD.SDD.STES:DSD_KEI@DF_KEI(4.0),CHN,M,PRVM,IX,F,Y,_Z,2023-02,99.65284918,A,0,1,2015
OECD.SDD.STES:DSD_KEI@DF_KEI(4.0),CHN,M,PRVM,IX,F,Y,_Z,2023-03,104.98975882999999,A,0,1,2015
OECD.SDD.STES:DSD_KEI@DF_KEI(4.0),CHN,M,PRVM,IX,F,Y,_Z,2023-05,98.03280640999999,A,0,1,2015
OECD.SDD.STES:DSD_KEI@DF_KEI(4.0),CHN,M,PRVM,IX,F,Y,_Z,2023-06,95.5750748,A,0,1,2015
OECD.SDD.STES:DSD_KEI@DF_KEI(4.0),CHN,M,PRVM,IX,F,Y,_Z,2023-07,101.35137323000001,A,0,1,2015
OECD.SDD.STES:DSD_KEI@DF_KEI(4.0),CHN,M,PRVM,IX,F,Y,_Z,2023-08,109.89468141,A,0,1,2015
OECD.SDD.STES:DSD_KEI@DF_KEI(4.0),CHN,M,PRVM,IX,F,Y,_Z,2023-09,103.17899787,A,0,1,2015
OECD.SDD.STES:DSD_KEI@DF_KEI(4.0),CHN,M,PRVM,IX,F,Y,_Z,2023-10,98.94569401,A,0,1,2015
OECD.SDD.STES:DSD_KEI@DF_KEI(4.0),CHN,M,PRVM,IX,F,Y,_Z,2023-11,101.62178597,A,0,1,2015
OECD.SDD.STES:DSD_KEI@DF_KEI(4.0),CHN,M,PRVM,IX,F,Y,_Z,2023-12,96.09105722,A,0,1,2015
OECD.SDD.STES:DSD_KEI@DF_KEI(4.0),CHN,M,PRVM,IX,F,Y,_Z,2024-02,81.38174674999999,A,0,1,2015
OECD.SDD.STES:DSD_KEI@DF_KEI(4.0),CHN,M,PRVM,IX,F,Y,_Z,2024-05,80.67572967999999,A,0,1,2015
OECD.SDD.STES:DSD_KEI@DF_KEI(4.0),CHN,M,PRVM,IX,F,Y,_Z,2024-06,66.94765724,A,0,1,2015
OECD.SDD.STES:DSD_KEI@DF_KEI(4.0),CHN,M,PRVM,IX,F,Y,_Z,2024-07,80.05185464,A,0,1,2015
OECD.SDD.STES:DSD_KEI@DF_KEI(4.0),CHN,M,PRVM,IX,F,Y,_Z,2024-09,68.93973976,A,0,1,2015
OECD.SDD.STES:DSD_KEI@DF_KEI(4.0),CHN,M,PRVM,IX,F,Y,_Z,2024-10,78.93490269,A,0,1,2015
OECD.SDD.STES:DSD_KEI@DF_KEI(4.0),CHN,M,PRVM,IX,F,Y,_Z,2024-11,65.74385142999999,A,0,1,2015
OECD.SDD.STES:DSD_KEI@DF_KEI(4.0),CHN,M,PRVM,IX,F,Y,_Z,2024-12,69.8114452,A,0,1,2015
OECD.SDD.STES:DSD_KEI@DF_KEI(4.0),CHN,M,PRVM,IX,F,Y,_Z,2025-03,70.40144274,A,0,1,2015
OECD.SDD.STES:DSD_KEI@DF_KEI(4.0),CHN,M,PRVM,IX,F,Y,_Z,2025-05,65.02536674,A,0,1,2015
OECD.SDD.STES:DSD_KEI@DF_KEI(4.0),CHN,M,PRVM,IX,F,Y,_Z,2025-06,64.96170844,A,0,1,2015
OECD.SDD.STES:DSD_KEI@DF_KEI(4.0),CHN,M,PRVM,IX,F,Y,_Z,2025-07,57.373178270000004,A,0,1,2015
OECD.SDD.STES:DSD_KEI@DF_KEI(4.0),CHN,M,PRVM,IX,F,Y,_Z,2025-08,57.11512211,A,0,1,2015
OECD.SDD.STES:DSD_KEI@DF_KEI(4.0),CHN,M,PRVM,IX,F,Y,_Z,2025-09,67.65799824999999,A,0,1,2015
OECD.SDD.STES:DSD_KEI@DF_KEI(4.0),CHN,M,PRVM,IX,F,Y,_Z,2025-10,56.655539340000004,A,0,1,2015
OECD.SDD.STES:DSD_KEI@DF_KEI(4.0),CHN,M,PRVM,IX,F,Y,_Z,2025-12,56.38196931,A,0,1,2015
OECD.SDD.STES:DSD_KEI@DF_KEI(4.0),CHN,M,PRVM,IX,F,Y,_Z,2000-03,18.7722506,A,0,1,2015
OECD.SDD.STES:DSD_KEI@DF_KEI(4.0),CHN,M,PRVM,IX,F,Y,_Z,2000-04,18.43150408,A,0,1,2015
OECD.SDD.STES:DSD_KEI@DF_KEI(4.0),CHN,M,PRVM,IX,F,Y,_Z,2000-08,21.97115243,A,0,1,2015
OECD.SDD.STES:DSD_KEI@DF_KEI(4.0),CHN,M,PRVM,IX,F,Y,_Z,2000-09,23.937178210000003,A,0,1,2015
OECD.SDD.STES:DSD_KEI@DF_KEI(4.0),CHN,M,PRVM,IX,F,Y,_Z,2000-12,23.79152715,A,0,1,2015
OECD.SDD.STES:DSD_KEI@DF_KEI(4.0),CHN,M,PRVM,IX,F,Y,_Z,2001-01,22.25947728,A,0,1,2015
OECD.SDD.STES:DSD_KEI@DF_KEI(4.0),CHN,M,PRVM,IX,F,Y,_Z,2001-07,24.65202367,A,0,1,2015
OECD.SDD.STES:DSD_KEI@DF_KEI(4.0),CHN,M,PRVM,IX,F,Y,_Z,2001-08,27.32163072,A,0,1,2015
OECD.SDD.STES:DSD_KEI@DF_KEI(4.0),CHN,M,PRVM,IX,F,Y,_Z,2001-09,26.60569345,A,0,1,2015
OECD.SDD.STES:DSD_KEI@DF_KEI(4.0),CHN,M,PRVM,IX,F,Y,_Z,2001-11,27.325564569999997,A,0,1,2015
OECD.SDD.STES:DSD_KEI@DF_KEI(4.0),CHN,M,PRVM,IX,F,Y,_Z,2001-12,29.1291367,A,0,1,2015
OECD.SDD.STES:DSD_KEI@DF_KEI(4.0),CHN,M,PRVM,IX,F,Y,_Z,2002-05,28.032321749999998,A,0,1,2015
OECD.SDD.STES:DSD_KEI@DF_KEI(4.0),CHN,M,PRVM,IX,F,Y,_Z,2002-07,32.98855604,A,0,1,2015
OECD.SDD.STES:DSD_KEI@DF_KEI(4.0),CHN,M,PRVM,IX,F,Y,_Z,2002-10,33.970060479999994,A,0,1,2015
OECD.SDD.STES:DSD_KEI@DF_KEI(4.0),CHN,M,PRVM,IX,F,Y,_Z,2003-03,36.66961416,A,0,1,2015
OECD.SDD.STES:DSD_KEI@DF_KEI(4.0),CHN,M,PRVM,IX,F,Y,_Z,2003-05,39.642116879999996,A,0,1,2015
OECD.SDD.STES:DSD_KEI@DF_KEI(4.0),CHN,M,PRVM,IX,F,Y,_Z,2003-06,40.73390153,A,0,1,2015
OECD.SDD.STES:DSD_KEI@DF_KEI(4.0),CHN,M,PRVM,IX,F,Y,_Z,2003-07,40.50192659,A,0,1,2015
OECD.SDD.STES:DSD_KEI@DF_KEI(4.0),CHN,M,PRVM,IX,F,Y,_Z,2003-10,40.65272389,A,0,1,2015
OECD.SDD.STES:DSD_KEI@DF_KEI(4.0),CHN,M,PRVM,IX,F,Y,_Z,2003-12,40.55595564,A,0,1,2015
OECD.SDD.STES:DSD_KEI@DF_KEI(4.0),CHN,M,PRVM,IX,F,Y,_Z,2004-04,42.78024876,A,0,1,2015
OECD.SDD.STES:DSD_KEI@DF_KEI(4.0),CHN,M,PRVM,IX,F,Y,_Z,2004-06,40.67282043,A,0,1,2015
OECD.SDD.STES:DSD_KEI@DF_KEI(4.0),CHN,M,PRVM,IX,F,Y,_Z,2004-09,45.32091675,A,0,1,2015
OECD.SDD.STES:DSD_KEI@DF_KEI(4.0),CHN,M,PRVM,IX,F,Y,_Z,2004-10,43.827680629999996,A,0,1,2015
OECD.SDD.STES:DSD_KEI@DF_KEI(4.0),CHN,M,PRVM,IX,F,Y,_Z,2005-01,43.32069153,A,0,1,2015
OECD.SDD.STES:DSD_KEI@DF_KEI(4.0),CHN,M,PRVM,IX,F,Y,_Z,2005-02,43.60239389,A,0,1,2015
OECD.SDD.STES:DSD_KEI@DF_KEI(4.0),CHN,M,PRVM,IX,F,Y,_Z,2005-03,39.06146656,A,0,1,2015
OECD.SDD.STES:DSD_KEI@DF_KEI(4.0),CHN,M,PRVM,IX,F,Y,_Z,2005-08,52.771903259999995,A,0,1,2015
OECD.SDD.STES:DSD_KEI@DF_KEI(4.0),CHN,M,PRVM,IX,F,Y,_Z,2005-12,49.533208439999996,A,0,1,2015
OECD.SDD.STES:DSD_KEI@DF_KEI(4.0),CHN,M,PRVM,IX,F,Y,_Z,2006-08,50.747640569999994,A,0,1,2015
OECD.SDD.STES:DSD_KEI@DF_KEI(4.0),CHN,M,PRVM,IX,F,Y,_Z,2006-10,56.256907649999995,A,0,1,2015
OECD.SDD.STES:DSD_KEI@DF_KEI(4.0),CHN,M,PRVM,IX,F,Y,_Z,2006-11,55.38554941,A,0,1,2015
OECD.SDD.STES:DSD_KEI@DF_KEI(4.0),CHN,M,PRVM,IX,F,Y,_Z,2006-12,55.21632796,A,0,1,2015
OECD.SDD.STES:DSD_KEI@DF_KEI(4.0),CHN,M,PRVM,IX,F,Y,_Z,2007-01,50.322217810000005,A,0,1,2015
OECD.SDD.STES:DSD_KEI@DF_KEI(4.0),USA,M,PRVM,IX,C,Y,_Z,2009-08,87.92082522999999,A,0,1,2015
OECD.SDD.STES:DSD_KEI@DF_KEI(4.0),USA,M,PRVM,IX,C,Y,_Z,2009-09,88.84347129,A,0,1,2015
OECD.SDD.STES:DSD_KEI@DF_KEI(4.0),USA,M,PRVM,IX,C,Y,_Z,2009-10,88.94989595,A,0,1,2015
OECD.SDD.STES:DSD_KEI@DF_KEI(4.0),USA,M,PRVM,IX,C,Y,_Z,2009-11,89.87523252,A,0,1,2015
OECD.SDD.STES:DSD_KEI@DF_KEI(4.0),USA,M,PRVM,IX,C,Y,_Z,2009-12,89.82500965,A,0,1,2015
OECD.SDD.STES:DSD_KEI@DF_KEI(4.0),USA,M,PRVM,IX,C,Y,_Z,2010-01,90.74606133,A,0,1,2015
OECD.SDD.STES:DSD_KEI@DF_KEI(4.0),USA,M,PRVM,IX,C,Y,_Z,2010-02,90.70899206,A,0,1,2015
OECD.SDD.STES:DSD_KEI@DF_KEI(4.0),USA,M,PRVM,IX,C,Y,_Z,2010-05,93.71469171,A,0,1,2015
OECD.SDD.STES:DSD_KEI@DF_KEI(4.0),USA,M,PRVM,IX,C,Y,_Z,2010-06,93.65739379,A,0,1,2015
OECD.SDD.STES:DSD_KEI@DF_KEI(4.0),USA,M,PRVM,IX,C,Y,_Z,2010-08,94.26126409,A,0,1,2015
OECD.SDD.STES:DSD_KEI@DF_KEI(4.0),USA,M,PRVM,IX,C,Y,_Z,2010-11,94.52234333,A,0,1,2015
OECD.SDD.STES:DSD_KEI@DF_KEI(4.0),USA,M,PRVM,IX,C,Y,_Z,2011-01,95.03015241,A,0,1,2015
OECD.SDD.STES:DSD_KEI@DF_KEI(4.0),USA,M,PRVM,IX,C,Y,_Z,2011-05,95.26083883999999,A,0,1,2015
OECD.SDD.STES:DSD_KEI@DF_KEI(4.0),USA,M,PRVM,IX,C,Y,_Z,2011-06,95.38689427,A,0,1,2015
OECD.SDD.STES:DSD_KEI@DF_KEI(4.0),USA,M,PRVM,IX,C,Y,_Z,2011-08,96.43081262999999,A,0,1,2015
OECD.SDD.STES:DSD_KEI@DF_KEI(4.0),USA,M,PRVM,IX,C,Y,_Z,2011-09,96.67056708,A,0,1,2015
OECD.SDD.STES:DSD_KEI@DF_KEI(4.0),USA,M,PRVM,IX,C,Y,_Z,2011-10,97.18365754,A,0,1,2015
OECD.SDD.STES:DSD_KEI@DF_KEI(4.0),USA,M,PRVM,IX,C,Y,_Z,2011-11,96.98984108,A,0,1,2015
OECD.SDD.STES:DSD_KEI@DF_KEI(4.0),USA,M,PRVM,IX,C,Y,_Z,2011-12,97.63964937,A,0,1,2015
OECD.SDD.STES:DSD_KEI@DF_KEI(4.0),USA,M,PRVM,IX,C,Y,_Z,2012-02,98.87569015999999,A,0,1,2015
OECD.SDD.STES:DSD_KEI@DF_KEI(4.0),USA,M,PRVM,IX,C,Y,_Z,2012-03,98.34914715000001,A,0,1,2015
OECD.SDD.STES:DSD_KEI@DF_KEI(4.0),USA,M,PRVM,IX,C,Y,_Z,2012-05,98.51894829999999,A,0,1,2015
OECD.SDD.STES:DSD_KEI@DF_KEI(4.0),USA,M,PRVM,IX,C,Y,_Z,2012-06,98.78540856,A,0,1,2015
OECD.SDD.STES:DSD_KEI@DF_KEI(4.0),USA,M,PRVM,IX,C,Y,_Z,2012-10,98.03166682,A,0,1,2015
OECD.SDD.STES:DSD_KEI@DF_KEI(4.0),USA,M,PRVM,IX,C,Y,_Z,2013-04,99.05196846999999,A,0,1,2015
OECD.SDD.STES:DSD_KEI@DF_KEI(4.0),USA,M,PRVM,IX,C,Y,_Z,2013-05,99.34692822,A,0,1,2015
OECD.SDD.STES:DSD_KEI@DF_KEI(4.0),USA,M,PRVM,IX,C,Y,_Z,2013-07,98.8066337,A,0,1,2015
OECD.SDD.STES:DSD_KEI@DF_KEI(4.0),USA,M,PRVM,IX,C,Y,_Z,2013-09,99.70087991999999,A,0,1,2015
OECD.SDD.STES:DSD_KEI@DF_KEI(4.0),USA,M,PRVM,IX,C,Y,_Z,2013-10,99.88732239,A,0,1,2015
OECD.SDD.STES:DSD_KEI@DF_KEI(4.0),USA,M,PRVM,IX,C,Y,_Z,2013-11,99.83998932,A,0,1,2015
OECD.SDD.STES:DSD_KEI@DF_KEI(4.0),USA,M,PRVM,IX,C,Y,_Z,2013-12,99.65703455,A,0,1,2015
OECD.SDD.STES:DSD_KEI@DF_KEI(4.0),USA,M,PRVM,IX,C,Y,_Z,2014-01,98.64291111,A,0,1,2015
OECD.SDD.STES:DSD_KEI@DF_KEI(4.0),USA,M,PRVM,IX,C,Y,_Z,2014-02,99.54851727,A,0,1,2015
OECD.SDD.STES:DSD_KEI@DF_KEI(4.0),USA,M,PRVM,IX,C,Y,_Z,2014-03,100.39951600999999,A,0,1,2015
OECD.SDD.STES:DSD_KEI@DF_KEI(4.0),USA,M,PRVM,IX,C,Y,_Z,2014-04,100.40150898,A,0,1,2015
OECD.SDD.STES:DSD_KEI@DF_KEI(4.0),USA,M,PRVM,IX,C,Y,_Z,2014-05,100.66248857,A,0,1,2015
OECD.SDD.STES:DSD_KEI@DF_KEI(4.0),USA,M,PRVM,IX,C,Y,_Z,2014-06,100.99411898999999,A,0,1,2015
OECD.SDD.STES:DSD_KEI@DF_KEI(4.0),USA,M,PRVM,IX,C,Y,_Z,2014-07,101.44183999,A,0,1,2015
OECD.SDD.STES:DSD_KEI@DF_KEI(4.0),USA,M,PRVM,IX,C,Y,_Z,2014-08,100.82949956,A,0,1,2015
OECD.SDD.STES:DSD_KEI@DF_KEI(4.0),USA,M,PRVM,IX,C,Y,_Z,2014-09,100.80598249999998,A,0,1,2015
OECD.SDD.STES:DSD_KEI@DF_KEI(4.0),USA,M,PRVM,IX,C,Y,_Z,2014-11,101.35843414,A,0,1,2015
OECD.SDD.STES:DSD_KEI@DF_KEI(4.0),CHN,M,PRVM,IX,F,Y,_Z,2021-05,106.25210405,A,0,1,2015
OECD.SDD.STES:DSD_KEI@DF_KEI(4.0),CHN,M,PRVM,IX,F,Y,_Z,2021-06,139.90288948,A,0,1,2015
OECD.SDD.STES:DSD_KEI@DF_KEI(4.0),USA,M,PRVM,IX,F,Y,_Z,2023-02,176.45963298013,A,0,1,2015
OECD.SDD.STES:DSD_KEI@DF_KEI(4.0),USA,M,PRVM,IX,F,Y,_Z,2023-03,179.078447771693,A,0,1,2015
OECD.SDD.STES:DSD_KEI@DF_KEI(4.0),USA,M,PRVM,IX,F,Y,_Z,2023-04,181.62842176969698,A,0,1,2015
OECD.SDD.STES:DSD_KEI@DF_KEI(4.0),USA,M,PRVM,IX,F,Y,_Z,2023-05,183.86507616113602,A,0,1,2015
OECD.SDD.STES:DSD_KEI@DF_KEI(4.0),USA,M,PRVM,IX,F,Y,_Z,2023-06,185.68501547584398,A,0,1,2015
OECD.SDD.STES:DSD_KEI@DF_KEI(4.0),USA,M,PRVM,IX,F,Y,_Z,2023-07,186.524980581101,A,0,1,2015
OECD.SDD.STES:DSD_KEI@DF_KEI(4.0),USA,M,PRVM,IX,F,Y,_Z,2023-08,188.748386029177,A,0,1,2015
OECD.SDD.STES:DSD_KEI@DF_KEI(4.0),USA,M,PRVM,IX,F,Y,_Z,2023-09,189.529357528514,A,0,1,2015
OECD.SDD.STES:DSD_KEI@DF_KEI(4.0),USA,M,PRVM,IX,F,Y,_Z,2023-10,191.536214368509,A,0,1,2015
OECD.SDD.STES:DSD_KEI@DF_KEI(4.0),USA,M,PRVM,IX,F,Y,_Z,2023-11,194.287250034042,A,0,1,2015
OECD.SDD.STES:DSD_KEI@DF_KEI(4.0),USA,M,PRVM,IX,F,Y,_Z,2023-12,194.691969445837,A,0,1,2015
OECD.SDD.STES:DSD_KEI@DF_KEI(4.0),USA,M,PRVM,IX,F,Y,_Z,2024-01,196.19473979881198,A,0,1,2015
OECD.SDD.STES:DSD_KEI@DF_KEI(4.0),USA,M,PRVM,IX,F,Y,_Z,2024-02,198.816956346102,A,0,1,2015
OECD.SDD.STES:DSD_KEI@DF_KEI(4.0),USA,M,PRVM,IX,F,Y,_Z,2024-03,198.207146871838,A,0,1,2015
OECD.SDD.STES:DSD_KEI@DF_KEI(4.0),USA,M,PRVM,IX,F,Y,_Z,2024-04,198.795829652631,A,0,1,2015
OECD.SDD.STES:DSD_KEI@DF_KEI(4.0),USA,M,PRVM,IX,F,Y,_Z,2000-01,73.15110456000001,A,0,1,2015
OECD.SDD.STES:DSD_KEI@DF_KEI(4.0),USA,M,PRVM,IX,F,Y,_Z,2000-02,73.97092552,A,0,1,2015
OECD.SDD.STES:DSD_KEI@DF_KEI(4.0),USA,M,PRVM,IX,F,Y,_Z,2000-03,75.4361097,A,0,1,2015
OECD.SDD.STES:DSD_KEI@DF_KEI(4.0),USA,M,PRVM,IX,F,Y,_Z,2000-04,74.99875381,A,0,1,2015
OECD.SDD.STES:DSD_KEI@DF_KEI(4.0),USA,M,PRVM,IX,F,Y,_Z,2000-05,75.02102699,A,0,1,2015
OECD.SDD.STES:DSD_KEI@DF_KEI(4.0),USA,M,PRVM,IX,F,Y,_Z,2000-07,73.0443983,A,0,1,2015
OECD.SDD.STES:DSD_KEI@DF_KEI(4.0),USA,M,PRVM,IX,F,Y,_Z,2000-09,75.89005399,A,0,1,2015
OECD.SDD.STES:DSD_KEI@DF_KEI(4.0),USA,M,PRVM,IX,F,Y,_Z,2000-10,76.05500603,A,0,1,2015
OECD.SDD.STES:DSD_KEI@DF_KEI(4.0),USA,M,PRVM,IX,F,Y,_Z,2001-02,75.826403,A,0,1,2015
OECD.SDD.STES:DSD_KEI@DF_KEI(4.0),USA,M,PRVM,IX,F,Y,_Z,2001-03,77.16931764,A,0,1,2015
OECD.SDD.STES:DSD_KEI@DF_KEI(4.0),USA,M,PRVM,IX,F,Y,_Z,2001-04,78.50524279,A,0,1,2015
OECD.SDD.STES:DSD_KEI@DF_KEI(4.0),USA,M,PRVM,IX,F,Y,_Z,2001-05,79.04147671,A,0,1,2015
OECD.SDD.STES:DSD_KEI@DF_KEI(4.0),USA,M,PRVM,IX,F,Y,_Z,2001-07,79.258151,A,0,1,2015
OECD.SDD.STES:DSD_KEI@DF_KEI(4.0),USA,M,PRVM,IX,F,Y,_Z,2002-09,77.54926649,A,0,1,2015
OECD.SDD.STES:DSD_KEI@DF_KEI(4.0),USA,M,PRVM,IX,F,Y,_Z,2002-11,78.72005320999999,A,0,1,2015
OECD.SDD.STES:DSD_KEI@DF_KEI(4.0),USA,M,PRVM,IX,F,Y,_Z,2002-12,79.76605418,A,0,1,2015
OECD.SDD.STES:DSD_KEI@DF_KEI(4.0),USA,M,PRVM,IX,F,Y,_Z,2003-02,80.07396465,A,0,1,2015
OECD.SDD.STES:DSD_KEI@DF_KEI(4.0),USA,M,PRVM,IX,F,Y,_Z,2003-03,79.31975173,A,0,1,2015
OECD.SDD.STES:DSD_KEI@DF_KEI(4.0),USA,M,PRVM,IX,F,Y,_Z,2003-04,80.09577187,A,0,1,2015
OECD.SDD.STES:DSD_KEI@DF_KEI(4.0),USA,M,PRVM,IX,F,Y,_Z,2003-09,84.95393566,A,0,1,2015
OECD.SDD.STES:DSD_KEI@DF_KEI(4.0),USA,M,PRVM,IX,F,Y,_Z,2003-11,86.29554559,A,0,1,2015
OECD.SDD.STES:DSD_KEI@DF_KEI(4.0),USA,M,PRVM,IX,F,Y,_Z,2003-12,88.39295272999999,A,0,1,2015
OECD.SDD.STES:DSD_KEI@DF_KEI(4.0),USA,M,PRVM,IX,F,Y,_Z,2004-07,93.76349296999999,A,0,1,2015
OECD.SDD.STES:DSD_KEI@DF_KEI(4.0),USA,M,PRVM,IX,F,Y,_Z,2004-08,94.47222758,A,0,1,2015
OECD.SDD.STES:DSD_KEI@DF_KEI(4.0),USA,M,PRVM,IX,F,Y,_Z,2004-10,94.64351676,A,0,1,2015
OECD.SDD.STES:DSD_KEI@DF_KEI(4.0),USA,M,PRVM,IX,F,Y,_Z,2005-01,96.56562740999999,A,0,1,2015
OECD.SDD.STES:DSD_KEI@DF_KEI(4.0),USA,M,PRVM,IX,F,Y,_Z,2005-02,98.45791622,A,0,1,2015
OECD.SDD.STES:DSD_KEI@DF_KEI(4.0),CHN,M,PRVM,IX,F,Y,_Z,2023-04,103.21859450999999,A,0,1,2015
OECD.SDD.STES:DSD_KEI@DF_KEI(4.0),CHN,M,PRVM,IX,F,Y,_Z,2024-01,80.62313560999999,A,0,1,2015
OECD.SDD.STES:DSD_KEI@DF_KEI(4.0),CHN,M,PRVM,IX,F,Y,_Z,2024-03,80.83145935,A,0,1,2015
OECD.SDD.STES:DSD_KEI@DF_KEI(4.0),CHN,M,PRVM,IX,F,Y,_Z,2024-04,87.98614903999999,A,0,1,2015
OECD.SDD.STES:DSD_KEI@DF_KEI(4.0),CHN,M,PRVM,IX,F,Y,_Z,2024-08,71.16968315999999,A,0,1,2015
OECD.SDD.STES:DSD_KEI@DF_KEI(4.0),CHN,M,PRVM,IX,F,Y,_Z,2000-01,20.6155179,A,0,1,2015
OECD.SDD.STES:DSD_KEI@DF_KEI(4.0),CHN,M,PRVM,IX,F,Y,_Z,2000-02,20.80498866,A,0,1,2015
OECD.SDD.STES:DSD_KEI@DF_KEI(4.0),CHN,M,PRVM,IX,F,Y,_Z,2000-05,22.61919882,A,0,1,2015
OECD.SDD.STES:DSD_KEI@DF_KEI(4.0),CHN,M,PRVM,IX,F,Y,_Z,2000-06,25.400495569999997,A,0,1,2015
OECD.SDD.STES:DSD_KEI@DF_KEI(4.0),CHN,M,PRVM,IX,F,Y,_Z,2000-07,20.73553086,A,0,1,2015
OECD.SDD.STES:DSD_KEI@DF_KEI(4.0),CHN,M,PRVM,IX,F,Y,_Z,2000-10,22.38688916,A,0,1,2015
OECD.SDD.STES:DSD_KEI@DF_KEI(4.0),CHN,M,PRVM,IX,F,Y,_Z,2000-11,24.59973787,A,0,1,2015
OECD.SDD.STES:DSD_KEI@DF_KEI(4.0),CHN,M,PRVM,IX,F,Y,_Z,2001-02,22.51517334,A,0,1,2015
OECD.SDD.STES:DSD_KEI@DF_KEI(4.0),CHN,M,PRVM,IX,F,Y,_Z,2001-03,25.418071199999996,A,0,1,2015
OECD.SDD.STES:DSD_KEI@DF_KEI(4.0),CHN,M,PRVM,IX,F,Y,_Z,2001-04,26.31774881,A,0,1,2015
OECD.SDD.STES:DSD_KEI@DF_KEI(4.0),CHN,M,PRVM,IX,F,Y,_Z,2001-05,24.07006025,A,0,1,2015
OECD.SDD.STES:DSD_KEI@DF_KEI(4.0),CHN,M,PRVM,IX,F,Y,_Z,2001-06,25.204867869999998,A,0,1,2015
OECD.SDD.STES:DSD_KEI@DF_KEI(4.0),CHN,M,PRVM,IX,F,Y,_Z,2001-10,26.19362471,A,0,1,2015
OECD.SDD.STES:DSD_KEI@DF_KEI(4.0),CHN,M,PRVM,IX,F,Y,_Z,2002-01,22.52259442,A,0,1,2015
OECD.SDD.STES:DSD_KEI@DF_KEI(4.0),CHN,M,PRVM,IX,F,Y,_Z,2002-02,22.832809339999997,A,0,1,2015
OECD.SDD.STES:DSD_KEI@DF_KEI(4.0),CHN,M,PRVM,IX,F,Y,_Z,2002-03,30.770677619999997,A,0,1,2015
OECD.SDD.STES:DSD_KEI@DF_KEI(4.0),CHN,M,PRVM,IX,F,Y,_Z,2002-04,29.82867562,A,0,1,2015
OECD.SDD.STES:DSD_KEI@DF_KEI(4.0),CHN,M,PRVM,IX,F,Y,_Z,2002-06,30.68653179,A,0,1,2015
OECD.SDD.STES:DSD_KEI@DF_KEI(4.0),CHN,M,PRVM,IX,F,Y,_Z,2002-08,34.804263899999995,A,0,1,2015
OECD.SDD.STES:DSD_KEI@DF_KEI(4.0),CHN,M,PRVM,IX,F,Y,_Z,2002-09,32.78382643,A,0,1,2015
OECD.SDD.STES:DSD_KEI@DF_KEI(4.0),CHN,M,PRVM,IX,F,Y,_Z,2002-11,35.34672126,A,0,1,2015
OECD.SDD.STES:DSD_KEI@DF_KEI(4.0),CHN,M,PRVM,IX,F,Y,_Z,2002-12,33.89824705,A,0,1,2015
OECD.SDD.STES:DSD_KEI@DF_KEI(4.0),CHN,M,PRVM,IX,F,Y,_Z,2003-01,34.851699759999995,A,0,1,2015
OECD.SDD.STES:DSD_KEI@DF_KEI(4.0),CHN,M,PRVM,IX,F,Y,_Z,2003-02,35.34838706,A,0,1,2015
OECD.SDD.STES:DSD_KEI@DF_KEI(4.0),CHN,M,PRVM,IX,F,Y,_Z,2003-04,35.7647902,A,0,1,2015
OECD.SDD.STES:DSD_KEI@DF_KEI(4.0),CHN,M,PRVM,IX,F,Y,_Z,2003-08,38.95371617,A,0,1,2015
OECD.SDD.STES:DSD_KEI@DF_KEI(4.0),CHN,M,PRVM,IX,F,Y,_Z,2003-09,46.062530159999994,A,0,1,2015
OECD.SDD.STES:DSD_KEI@DF_KEI(4.0),CHN,M,PRVM,IX,F,Y,_Z,2003-11,37.65275348,A,0,1,2015
OECD.SDD.STES:DSD_KEI@DF_KEI(4.0),CHN,M,PRVM,IX,F,Y,_Z,2004-01,39.6479615,A,0,1,2015
OECD.SDD.STES:DSD_KEI@DF_KEI(4.0),CHN,M,PRVM,IX,F,Y,_Z,2004-02,40.07489482,A,0,1,2015
OECD.SDD.STES:DSD_KEI@DF_KEI(4.0),CHN,M,PRVM,IX,F,Y,_Z,2004-03,40.26138799,A,0,1,2015
OECD.SDD.STES:DSD_KEI@DF_KEI(4.0),CHN,M,PRVM,IX,F,Y,_Z,2004-05,43.41088383,A,0,1,2015
OECD.SDD.STES:DSD_KEI@DF_KEI(4.0),CHN,M,PRVM,IX,F,Y,_Z,2004-07,40.70308557,A,0,1,2015
OECD.SDD.STES:DSD_KEI@DF_KEI(4.0),CHN,M,PRVM,IX,F,Y,_Z,2004-08,41.26875479,A,0,1,2015
OECD.SDD.STES:DSD_KEI@DF_KEI(4.0),CHN,M,PRVM,IX,F,Y,_Z,2013-05,90.21875212,A,0,1,2015
OECD.SDD.STES:DSD_KEI@DF_KEI(4.0),CHN,M,PRVM,IX,F,Y,_Z,2013-06,98.76059810999999,A,0,1,2015
OECD.SDD.STES:DSD_KEI@DF_KEI(4.0),CHN,M,PRVM,IX,F,Y,_Z,2013-07,116.70611125999999,A,0,1,2015
OECD.SDD.STES:DSD_KEI@DF_KEI(4.0),CHN,M,PRVM,IX,F,Y,_Z,2013-08,94.81272211,A,0,1,2015
OECD.SDD.STES:DSD_KEI@DF_KEI(4.0),CHN,M,PRVM,IX,F,Y,_Z,2013-09,96.98145221,A,0,1,2015
OECD.SDD.STES:DSD_KEI@DF_KEI(4.0),CHN,M,PRVM,IX,F,Y,_Z,2013-10,93.62996768000001,A,0,1,2015
OECD.SDD.STES:DSD_KEI@DF_KEI(4.0),CHN,M,PRVM,IX,F,Y,_Z,2013-12,103.17804608,A,0,1,2015
OECD.SDD.STES:DSD_KEI@DF_KEI(4.0),CHN,M,PRVM,IX,F,Y,_Z,2014-03,101.13216329000001,A,0,1,2015
OECD.SDD.STES:DSD_KEI@DF_KEI(4.0),CHN,M,PRVM,IX,F,Y,_Z,2014-06,111.52752023000001,A,0,1,2015
OECD.SDD.STES:DSD_KEI@DF_KEI(4.0),CHN,M,PRVM,IX,F,Y,_Z,2014-08,119.67641604999999,A,0,1,2015
OECD.SDD.STES:DSD_KEI@DF_KEI(4.0),CHN,M,PRVM,IX,F,Y,_Z,2014-09,108.83051225,A,0,1,2015
OECD.SDD.STES:DSD_KEI@DF_KEI(4.0),CHN,M,PRVM,IX,F,Y,_Z,2014-11,106.54482084000001,A,0,1,2015
OECD.SDD.STES:DSD_KEI@DF_KEI(4.0),CHN,M,PRVM,IX,F,Y,_Z,2014-12,107.84628627,A,0,1,2015
OECD.SDD.STES:DSD_KEI@DF_KEI(4.0),CHN,M,PRVM,IX,F,Y,_Z,2015-02,88.92324719999999,A,0,1,2015
OECD.SDD.STES:DSD_KEI@DF_KEI(4.0),CHN,M,PRVM,IX,F,Y,_Z,2015-03,101.79120119,A,0,1,2015
OECD.SDD.STES:DSD_KEI@DF_KEI(4.0),CHN,M,PRVM,IX,F,Y,_Z,2015-04,89.87776253999999,A,0,1,2015
OECD.SDD.STES:DSD_KEI@DF_KEI(4.0),CHN,M,PRVM,IX,F,Y,_Z,2015-07,91.04273156,A,0,1,2015
OECD.SDD.STES:DSD_KEI@DF_KEI(4.0),CHN,M,PRVM,IX,F,Y,_Z,2015-09,138.12448450999997,A,0,1,2015
OECD.SDD.STES:DSD_KEI@DF_KEI(4.0),CHN,M,PRVM,IX,F,Y,_Z,2015-10,136.8038734,A,0,1,2015
OECD.SDD.STES:DSD_KEI@DF_KEI(4.0),CHN,M,PRVM,IX,F,Y,_Z,2015-11,103.91322598999999,A,0,1,2015
OECD.SDD.STES:DSD_KEI@DF_KEI(4.0),CHN,M,PRVM,IX,F,Y,_Z,2016-01,105.86156379,A,0,1,2015
OECD.SDD.STES:DSD_KEI@DF_KEI(4.0),CHN,M,PRVM,IX,F,Y,_Z,2016-02,106.24175886,A,0,1,2015
OECD.SDD.STES:DSD_KEI@DF_KEI(4.0),CHN,M,PRVM,IX,F,Y,_Z,2016-03,98.63365734,A,0,1,2015
OECD.SDD.STES:DSD_KEI@DF_KEI(4.0),CHN,M,PRVM,IX,F,Y,_Z,2016-04,114.17256176999999,A,0,1,2015
OECD.SDD.STES:DSD_KEI@DF_KEI(4.0),CHN,M,PRVM,IX,F,Y,_Z,2016-05,112.46231818000001,A,0,1,2015
OECD.SDD.STES:DSD_KEI@DF_KEI(4.0),CHN,M,PRVM,IX,F,Y,_Z,2016-06,107.83491397,A,0,1,2015
OECD.SDD.STES:DSD_KEI@DF_KEI(4.0),CHN,M,PRVM,IX,F,Y,_Z,2016-08,96.35588405,A,0,1,2015
OECD.SDD.STES:DSD_KEI@DF_KEI(4.0),CHN,M,PRVM,IX,F,Y,_Z,2016-09,110.15848654,A,0,1,2015
OECD.SDD.STES:DSD_KEI@DF_KEI(4.0),CHN,M,PRVM,IX,F,Y,_Z,2016-10,107.08009273,A,0,1,2015
OECD.SDD.STES:DSD_KEI@DF_KEI(4.0),CHN,M,PRVM,IX,F,Y,_Z,2016-12,104.72678429999999,A,0,1,2015
OECD.SDD.STES:DSD_KEI@DF_KEI(4.0),CHN,M,PRVM,IX,F,Y,_Z,2017-01,115.72328169,A,0,1,2015
OECD.SDD.STES:DSD_KEI@DF_KEI(4.0),CHN,M,PRVM,IX,F,Y,_Z,2017-04,107.34378761,A,0,1,2015
OECD.SDD.STES:DSD_KEI@DF_KEI(4.0),CHN,M,PRVM,IX,F,Y,_Z,2017-05,102.97239198000001,A,0,1,2015
OECD.SDD.STES:DSD_KEI@DF_KEI(4.0),CHN,M,PRVM,IX,F,Y,_Z,2017-06,108.88266082,A,0,1,2015
OECD.SDD.STES:DSD_KEI@DF_KEI(4.0),CHN,M,PRVM,IX,F,Y,_Z,2017-07,101.81628645,A,0,1,2015
OECD.SDD.STES:DSD_KEI@DF_KEI(4.0),CHN,M,PRVM,IX,F,Y,_Z,2017-08,111.0769515,A,0,1,2015
OECD.SDD.STES:DSD_KEI@DF_KEI(4.0),CHN,M,PRVM,IX,F,Y,_Z,2017-10,104.60489381,A,0,1,2015
OECD.SDD.STES:DSD_KEI@DF_KEI(4.0),CHN,M,PRVM,IX,F,Y,_Z,2017-11,99.41022742,A,0,1,2015
OECD.SDD.STES:DSD_KEI@DF_KEI(4.0),CHN,M,PRVM,IX,F,Y,_Z,2017-12,89.15923038,A,0,1,2015
OECD.SDD.STES:DSD_KEI@DF_KEI(4.0),CHN,M,PRVM,IX,F,Y,_Z,2018-03,99.59060604,A,0,1,2015
OECD.SDD.STES:DSD_KEI@DF_KEI(4.0),CHN,M,PRVM,IX,F,Y,_Z,2018-04,94.75594158,A,0,1,2015
OECD.SDD.STES:DSD_KEI@DF_KEI(4.0),CHN,M,PRVM,IX,F,Y,_Z,2018-05,99.52607406,A,0,1,2015
OECD.SDD.STES:DSD_KEI@DF_KEI(4.0),CHN,M,PRVM,IX,F,Y,_Z,2018-06,97.77917854,A,0,1,2015
OECD.SDD.STES:DSD_KEI@DF_KEI(4.0),CHN,M,PRVM,IX,F,Y,_Z,2018-07,94.14584551,A,0,1,2015
OECD.SDD.STES:DSD_KEI@DF_KEI(4.0),CHN,M,PRVM,IX,F,Y,_Z,2018-11,90.04479257999999,A,0,1,2015
OECD.SDD.STES:DSD_KEI@DF_KEI(4.0),CHN,M,PRVM,IX,F,Y,_Z,2019-04,90.33825517,A,0,1,2015
OECD.SDD.STES:DSD_KEI@DF_KEI(4.0),CHN,M,PRVM,IX,F,Y,_Z,2019-07,96.57441924,A,0,1,2015
OECD.SDD.STES:DSD_KEI@DF_KEI(4.0),CHN,M,PRVM,IX,F,Y,_Z,2019-08,94.78647739,A,0,1,2015
OECD.SDD.STES:DSD_KEI@DF_KEI(4.0),CHN,M,PRVM,IX,F,Y,_Z,2012-09,95.42982613999999,A,0,1,2015
OECD.SDD.STES:DSD_KEI@DF_KEI(4.0),CHN,M,PRVM,IX,F,Y,_Z,2012-10,109.47803162,A,0,1,2015
OECD.SDD.STES:DSD_KEI@DF_KEI(4.0),CHN,M,PRVM,IX,F,Y,_Z,2012-12,99.12152454999999,A,0,1,2015
OECD.SDD.STES:DSD_KEI@DF_KEI(4.0),USA,M,TOCAPA,IX,G45,Y,_Z,2013-07,101.78654445999999,A,0,1,2015
OECD.SDD.STES:DSD_KEI@DF_KEI(4.0),CHN,M,PRVM,IX,F,Y,_Z,2026-01,50.09419268999999,A,0,1,2015
OECD.SDD.STES:DSD_KEI@DF_KEI(4.0),CHN,M,PRVM,IX,F,Y,_Z,2026-02,50.453179420000005,A,0,1,2015
OECD.SDD.STES:DSD_KEI@DF_KEI(4.0),CHN,M,PRVM,IX,F,Y,_Z,2026-03,56.66228074,A,0,1,2015
OECD.SDD.STES:DSD_KEI@DF_KEI(4.0),CHN,M,PRVM,IX,F,Y,_Z,2026-04,52.3679586719295,A,0,1,2015
OECD.SDD.STES:DSD_KEI@DF_KEI(4.0),CHN,M,PRVM,IX,F,Y,_Z,2026-05,52.0702116979837,A,0,1,2015
OECD.SDD.STES:DSD_KEI@DF_KEI(4.0),USA,M,PRVM,IX,F,Y,_Z,2005-05,100.51692774,A,0,1,2015
OECD.SDD.STES:DSD_KEI@DF_KEI(4.0),USA,M,PRVM,IX,F,Y,_Z,2005-06,101.53450476999998,A,0,1,2015
OECD.SDD.STES:DSD_KEI@DF_KEI(4.0),USA,M,PRVM,IX,F,Y,_Z,2005-10,106.76805094,A,0,1,2015
OECD.SDD.STES:DSD_KEI@DF_KEI(4.0),USA,M,PRVM,IX,F,Y,_Z,2006-01,110.32784645,A,0,1,2015
OECD.SDD.STES:DSD_KEI@DF_KEI(4.0),USA,M,PRVM,IX,F,Y,_Z,2006-04,110.29280579,A,0,1,2015
OECD.SDD.STES:DSD_KEI@DF_KEI(4.0),USA,M,PRVM,IX,F,Y,_Z,2006-05,109.97352574000001,A,0,1,2015
OECD.SDD.STES:DSD_KEI@DF_KEI(4.0),USA,M,PRVM,IX,F,Y,_Z,2006-08,107.93576227999999,A,0,1,2015
OECD.SDD.STES:DSD_KEI@DF_KEI(4.0),USA,M,PRVM,IX,F,Y,_Z,2006-11,106.00619617,A,0,1,2015
OECD.SDD.STES:DSD_KEI@DF_KEI(4.0),USA,M,PRVM,IX,F,Y,_Z,2007-01,107.16281752,A,0,1,2015
OECD.SDD.STES:DSD_KEI@DF_KEI(4.0),USA,M,PRVM,IX,F,Y,_Z,2007-03,108.79397886,A,0,1,2015
OECD.SDD.STES:DSD_KEI@DF_KEI(4.0),USA,M,PRVM,IX,F,Y,_Z,2007-05,108.8678811,A,0,1,2015
OECD.SDD.STES:DSD_KEI@DF_KEI(4.0),USA,M,PRVM,IX,F,Y,_Z,2007-12,103.34739292999998,A,0,1,2015
OECD.SDD.STES:DSD_KEI@DF_KEI(4.0),USA,M,PRVM,IX,F,Y,_Z,2008-04,101.68706211,A,0,1,2015
OECD.SDD.STES:DSD_KEI@DF_KEI(4.0),USA,M,PRVM,IX,F,Y,_Z,2008-05,101.67457420999999,A,0,1,2015
OECD.SDD.STES:DSD_KEI@DF_KEI(4.0),USA,M,PRVM,IX,F,Y,_Z,2008-07,99.42964217,A,0,1,2015
OECD.SDD.STES:DSD_KEI@DF_KEI(4.0),USA,M,PRVM,IX,F,Y,_Z,2008-10,97.91720901999999,A,0,1,2015
OECD.SDD.STES:DSD_KEI@DF_KEI(4.0),USA,M,PRVM,IX,F,Y,_Z,2009-09,82.03419133999999,A,0,1,2015
OECD.SDD.STES:DSD_KEI@DF_KEI(4.0),USA,M,PRVM,IX,F,Y,_Z,2010-01,76.05798821,A,0,1,2015
OECD.SDD.STES:DSD_KEI@DF_KEI(4.0),USA,M,PRVM,IX,F,Y,_Z,2010-02,74.16392873,A,0,1,2015
OECD.SDD.STES:DSD_KEI@DF_KEI(4.0),USA,M,PRVM,IX,F,Y,_Z,2010-04,76.7919782,A,0,1,2015
OECD.SDD.STES:DSD_KEI@DF_KEI(4.0),USA,M,PRVM,IX,F,Y,_Z,2010-08,73.7767108,A,0,1,2015
OECD.SDD.STES:DSD_KEI@DF_KEI(4.0),USA,M,PRVM,IX,F,Y,_Z,2010-09,74.45357333,A,0,1,2015
OECD.SDD.STES:DSD_KEI@DF_KEI(4.0),USA,M,PRVM,IX,F,Y,_Z,2010-10,74.57938421,A,0,1,2015
OECD.SDD.STES:DSD_KEI@DF_KEI(4.0),USA,M,PRVM,IX,F,Y,_Z,2010-12,72.68094465,A,0,1,2015
OECD.SDD.STES:DSD_KEI@DF_KEI(4.0),USA,M,PRVM,IX,F,Y,_Z,2011-01,70.55091986999999,A,0,1,2015
OECD.SDD.STES:DSD_KEI@DF_KEI(4.0),USA,M,PRVM,IX,F,Y,_Z,2011-05,72.10957687,A,0,1,2015
OECD.SDD.STES:DSD_KEI@DF_KEI(4.0),USA,M,PRVM,IX,F,Y,_Z,2011-07,73.55714752,A,0,1,2015
OECD.SDD.STES:DSD_KEI@DF_KEI(4.0),USA,M,PRVM,IX,F,Y,_Z,2011-09,75.06892832,A,0,1,2015
OECD.SDD.STES:DSD_KEI@DF_KEI(4.0),USA,M,TOCAPA,IX,G45,Y,_Z,2014-01,95.63658099,A,0,1,2015
OECD.SDD.STES:DSD_KEI@DF_KEI(4.0),USA,M,PRVM,IX,C,Y,_Z,2023-08,96.40709627,A,0,1,2015
OECD.SDD.STES:DSD_KEI@DF_KEI(4.0),USA,M,PRVM,IX,F,Y,_Z,2011-12,76.19190689999999,A,0,1,2015
OECD.SDD.STES:DSD_KEI@DF_KEI(4.0),USA,M,PRVM,IX,F,Y,_Z,2012-01,76.19628698000001,A,0,1,2015
OECD.SDD.STES:DSD_KEI@DF_KEI(4.0),USA,M,PRVM,IX,F,Y,_Z,2012-02,76.72888637,A,0,1,2015
OECD.SDD.STES:DSD_KEI@DF_KEI(4.0),USA,M,PRVM,IX,F,Y,_Z,2012-05,78.72117152999999,A,0,1,2015
OECD.SDD.STES:DSD_KEI@DF_KEI(4.0),USA,M,PRVM,IX,F,Y,_Z,2012-08,79.59150323,A,0,1,2015
OECD.SDD.STES:DSD_KEI@DF_KEI(4.0),USA,M,PRVM,IX,F,Y,_Z,2012-11,82.26027814999999,A,0,1,2015
OECD.SDD.STES:DSD_KEI@DF_KEI(4.0),USA,M,PRVM,IX,F,Y,_Z,2013-05,83.51363408,A,0,1,2015
OECD.SDD.STES:DSD_KEI@DF_KEI(4.0),USA,M,PRVM,IX,F,Y,_Z,2013-06,83.60487026,A,0,1,2015
OECD.SDD.STES:DSD_KEI@DF_KEI(4.0),USA,M,PRVM,IX,F,Y,_Z,2013-07,84.13989267000001,A,0,1,2015
OECD.SDD.STES:DSD_KEI@DF_KEI(4.0),USA,M,PRVM,IX,F,Y,_Z,2013-08,84.22674878000001,A,0,1,2015
OECD.SDD.STES:DSD_KEI@DF_KEI(4.0),USA,M,PRVM,IX,F,Y,_Z,2014-01,88.96618437,A,0,1,2015
OECD.SDD.STES:DSD_KEI@DF_KEI(4.0),USA,M,PRVM,IX,F,Y,_Z,2014-02,88.26220260999999,A,0,1,2015
OECD.SDD.STES:DSD_KEI@DF_KEI(4.0),USA,M,PRVM,IX,F,Y,_Z,2015-04,97.35348309,A,0,1,2015
OECD.SDD.STES:DSD_KEI@DF_KEI(4.0),USA,M,PRVM,IX,F,Y,_Z,2015-11,104.09331166,A,0,1,2015
OECD.SDD.STES:DSD_KEI@DF_KEI(4.0),USA,M,PRVM,IX,F,Y,_Z,2015-12,104.92207917,A,0,1,2015
OECD.SDD.STES:DSD_KEI@DF_KEI(4.0),USA,M,PRVM,IX,F,Y,_Z,2016-04,106.47561054,A,0,1,2015
OECD.SDD.STES:DSD_KEI@DF_KEI(4.0),USA,M,PRVM,IX,F,Y,_Z,2016-05,106.58977225999999,A,0,1,2015
OECD.SDD.STES:DSD_KEI@DF_KEI(4.0),USA,M,PRVM,IX,F,Y,_Z,2016-06,107.55749089999999,A,0,1,2015
OECD.SDD.STES:DSD_KEI@DF_KEI(4.0),USA,M,PRVM,IX,F,Y,_Z,2016-09,108.51719493,A,0,1,2015
OECD.SDD.STES:DSD_KEI@DF_KEI(4.0),USA,M,PRVM,IX,F,Y,_Z,2016-12,110.80126813,A,0,1,2015
OECD.SDD.STES:DSD_KEI@DF_KEI(4.0),USA,M,PRVM,IX,F,Y,_Z,2017-02,112.83199621,A,0,1,2015
OECD.SDD.STES:DSD_KEI@DF_KEI(4.0),USA,M,PRVM,IX,F,Y,_Z,2017-07,110.97392525000001,A,0,1,2015
OECD.SDD.STES:DSD_KEI@DF_KEI(4.0),USA,M,PRVM,IX,F,Y,_Z,2017-09,112.8847735,A,0,1,2015
OECD.SDD.STES:DSD_KEI@DF_KEI(4.0),USA,M,PRVM,IX,F,Y,_Z,2017-10,113.91228702,A,0,1,2015
OECD.SDD.STES:DSD_KEI@DF_KEI(4.0),USA,M,PRVM,IX,F,Y,_Z,2018-01,119.81968393999999,A,0,1,2015
OECD.SDD.STES:DSD_KEI@DF_KEI(4.0),USA,M,PRVM,IX,F,Y,_Z,2018-02,121.27778387000001,A,0,1,2015
OECD.SDD.STES:DSD_KEI@DF_KEI(4.0),USA,M,PRVM,IX,F,Y,_Z,2018-05,121.81177000000001,A,0,1,2015
OECD.SDD.STES:DSD_KEI@DF_KEI(4.0),USA,M,PRVM,IX,F,Y,_Z,2018-06,120.14141842,A,0,1,2015
OECD.SDD.STES:DSD_KEI@DF_KEI(4.0),USA,M,PRVM,IX,F,Y,_Z,2018-08,119.87975179000001,A,0,1,2015
OECD.SDD.STES:DSD_KEI@DF_KEI(4.0),USA,M,PRVM,IX,F,Y,_Z,2018-09,118.45674365,A,0,1,2015
OECD.SDD.STES:DSD_KEI@DF_KEI(4.0),USA,M,PRVM,IX,F,Y,_Z,2018-12,115.66372315999999,A,0,1,2015
OECD.SDD.STES:DSD_KEI@DF_KEI(4.0),USA,M,PRVM,IX,F,Y,_Z,2024-05,199.884033406177,A,0,1,2015
OECD.SDD.STES:DSD_KEI@DF_KEI(4.0),USA,M,PRVM,IX,F,Y,_Z,2024-06,200.403069714423,A,0,1,2015
OECD.SDD.STES:DSD_KEI@DF_KEI(4.0),USA,M,PRVM,IX,F,Y,_Z,2024-07,200.564026472311,A,0,1,2015
OECD.SDD.STES:DSD_KEI@DF_KEI(4.0),USA,M,PRVM,IX,F,Y,_Z,2024-08,201.059698089897,A,0,1,2015
OECD.SDD.STES:DSD_KEI@DF_KEI(4.0),USA,M,PRVM,IX,F,Y,_Z,2024-09,202.592726164879,A,0,1,2015
OECD.SDD.STES:DSD_KEI@DF_KEI(4.0),USA,M,PRVM,IX,F,Y,_Z,2024-10,202.65718048394402,A,0,1,2015
OECD.SDD.STES:DSD_KEI@DF_KEI(4.0),CHN,M,PRVM,IX,F,Y,_Z,2007-02,50.43633034,A,0,1,2015
OECD.SDD.STES:DSD_KEI@DF_KEI(4.0),CHN,M,PRVM,IX,F,Y,_Z,2007-03,53.043223129999994,A,0,1,2015
OECD.SDD.STES:DSD_KEI@DF_KEI(4.0),CHN,M,PRVM,IX,F,Y,_Z,2007-09,60.17251588,A,0,1,2015
OECD.SDD.STES:DSD_KEI@DF_KEI(4.0),CHN,M,PRVM,IX,F,Y,_Z,2007-11,57.94058647,A,0,1,2015
OECD.SDD.STES:DSD_KEI@DF_KEI(4.0),CHN,M,PRVM,IX,F,Y,_Z,2008-03,59.8393024,A,0,1,2015
OECD.SDD.STES:DSD_KEI@DF_KEI(4.0),CHN,M,PRVM,IX,F,Y,_Z,2008-08,58.215851019999995,A,0,1,2015
OECD.SDD.STES:DSD_KEI@DF_KEI(4.0),CHN,M,PRVM,IX,F,Y,_Z,2008-09,57.955619150000004,A,0,1,2015
OECD.SDD.STES:DSD_KEI@DF_KEI(4.0),CHN,M,PRVM,IX,F,Y,_Z,2008-10,59.78458838,A,0,1,2015
OECD.SDD.STES:DSD_KEI@DF_KEI(4.0),CHN,M,PRVM,IX,F,Y,_Z,2008-11,50.58547636,A,0,1,2015
OECD.SDD.STES:DSD_KEI@DF_KEI(4.0),CHN,M,PRVM,IX,F,Y,_Z,2008-12,61.6756706,A,0,1,2015
OECD.SDD.STES:DSD_KEI@DF_KEI(4.0),CHN,M,PRVM,IX,F,Y,_Z,2009-12,71.74003856,A,0,1,2015
OECD.SDD.STES:DSD_KEI@DF_KEI(4.0),CHN,M,PRVM,IX,F,Y,_Z,2010-01,70.39252381,A,0,1,2015
OECD.SDD.STES:DSD_KEI@DF_KEI(4.0),CHN,M,PRVM,IX,F,Y,_Z,2010-09,73.98945063,A,0,1,2015
OECD.SDD.STES:DSD_KEI@DF_KEI(4.0),CHN,M,PRVM,IX,F,Y,_Z,2010-10,75.36934217,A,0,1,2015
OECD.SDD.STES:DSD_KEI@DF_KEI(4.0),CHN,M,PRVM,IX,F,Y,_Z,2010-11,71.20061893,A,0,1,2015
OECD.SDD.STES:DSD_KEI@DF_KEI(4.0),CHN,M,PRVM,IX,F,Y,_Z,2011-01,72.86376247,A,0,1,2015
OECD.SDD.STES:DSD_KEI@DF_KEI(4.0),CHN,M,PRVM,IX,F,Y,_Z,2011-06,89.71754589999999,A,0,1,2015
OECD.SDD.STES:DSD_KEI@DF_KEI(4.0),CHN,M,PRVM,IX,F,Y,_Z,2011-11,101.12681258,A,0,1,2015
OECD.SDD.STES:DSD_KEI@DF_KEI(4.0),CHN,M,PRVM,IX,F,Y,_Z,2011-12,90.63273409,A,0,1,2015
OECD.SDD.STES:DSD_KEI@DF_KEI(4.0),CHN,M,PRVM,IX,F,Y,_Z,2012-02,98.58178745000001,A,0,1,2015
OECD.SDD.STES:DSD_KEI@DF_KEI(4.0),CHN,M,PRVM,IX,F,Y,_Z,2012-06,89.86105721999999,A,0,1,2015
OECD.SDD.STES:DSD_KEI@DF_KEI(4.0),CHN,M,PRVM,IX,F,Y,_Z,2012-08,113.93245974999999,A,0,1,2015
OECD.SDD.STES:DSD_KEI@DF_KEI(4.0),CHN,M,PRVM,IX,F,Y,_Z,2012-11,96.40729143,A,0,1,2015
OECD.SDD.STES:DSD_KEI@DF_KEI(4.0),CHN,M,PRVM,IX,F,Y,_Z,2013-11,98.81972167999999,A,0,1,2015
OECD.SDD.STES:DSD_KEI@DF_KEI(4.0),CHN,M,PRVM,IX,F,Y,_Z,2014-01,104.3324963,A,0,1,2015
OECD.SDD.STES:DSD_KEI@DF_KEI(4.0),CHN,M,PRVM,IX,F,Y,_Z,2014-02,107.41831684,A,0,1,2015
OECD.SDD.STES:DSD_KEI@DF_KEI(4.0),CHN,M,PRVM,IX,F,Y,_Z,2014-04,111.41083683999999,A,0,1,2015
OECD.SDD.STES:DSD_KEI@DF_KEI(4.0),CHN,M,PRVM,IX,F,Y,_Z,2014-05,121.24498863,A,0,1,2015
OECD.SDD.STES:DSD_KEI@DF_KEI(4.0),CHN,M,PRVM,IX,F,Y,_Z,2014-07,99.80311044,A,0,1,2015
OECD.SDD.STES:DSD_KEI@DF_KEI(4.0),CHN,M,PRVM,IX,F,Y,_Z,2014-10,101.88086799,A,0,1,2015
OECD.SDD.STES:DSD_KEI@DF_KEI(4.0),CHN,M,PRVM,IX,F,Y,_Z,2015-01,87.56569486,A,0,1,2015
OECD.SDD.STES:DSD_KEI@DF_KEI(4.0),CHN,M,PRVM,IX,F,Y,_Z,2015-05,92.66774378,A,0,1,2015
OECD.SDD.STES:DSD_KEI@DF_KEI(4.0),CHN,M,PRVM,IX,F,Y,_Z,2015-06,92.10838952,A,0,1,2015
OECD.SDD.STES:DSD_KEI@DF_KEI(4.0),CHN,M,PRVM,IX,F,Y,_Z,2015-08,92.25134154,A,0,1,2015
OECD.SDD.STES:DSD_KEI@DF_KEI(4.0),CHN,M,PRVM,IX,F,Y,_Z,2015-12,96.93703126,A,0,1,2015
OECD.SDD.STES:DSD_KEI@DF_KEI(4.0),CHN,M,PRVM,IX,F,Y,_Z,2016-07,116.88395755,A,0,1,2015
OECD.SDD.STES:DSD_KEI@DF_KEI(4.0),CHN,M,PRVM,IX,F,Y,_Z,2016-11,109.01518241000001,A,0,1,2015
OECD.SDD.STES:DSD_KEI@DF_KEI(4.0),CHN,M,PRVM,IX,F,Y,_Z,2017-02,115.67309365,A,0,1,2015
OECD.SDD.STES:DSD_KEI@DF_KEI(4.0),CHN,M,PRVM,IX,F,Y,_Z,2017-03,108.0121267,A,0,1,2015
OECD.SDD.STES:DSD_KEI@DF_KEI(4.0),CHN,M,PRVM,IX,F,Y,_Z,2017-09,96.29623584,A,0,1,2015
OECD.SDD.STES:DSD_KEI@DF_KEI(4.0),CHN,M,PRVM,IX,F,Y,_Z,2018-01,99.42224861,A,0,1,2015
OECD.SDD.STES:DSD_KEI@DF_KEI(4.0),CHN,M,PRVM,IX,F,Y,_Z,2018-02,99.24871901,A,0,1,2015
OECD.SDD.STES:DSD_KEI@DF_KEI(4.0),CHN,M,PRVM,IX,F,Y,_Z,2018-08,90.51266801,A,0,1,2015
OECD.SDD.STES:DSD_KEI@DF_KEI(4.0),CHN,M,PRVM,IX,F,Y,_Z,2018-09,92.14648491,A,0,1,2015
OECD.SDD.STES:DSD_KEI@DF_KEI(4.0),CHN,M,PRVM,IX,F,Y,_Z,2018-10,84.94569134,A,0,1,2015
OECD.SDD.STES:DSD_KEI@DF_KEI(4.0),CHN,M,PRVM,IX,F,Y,_Z,2018-12,88.69285899,A,0,1,2015
OECD.SDD.STES:DSD_KEI@DF_KEI(4.0),CHN,M,PRVM,IX,F,Y,_Z,2019-01,88.61212513,A,0,1,2015
OECD.SDD.STES:DSD_KEI@DF_KEI(4.0),CHN,M,PRVM,IX,F,Y,_Z,2019-02,88.52427846,A,0,1,2015
OECD.SDD.STES:DSD_KEI@DF_KEI(4.0),CHN,M,PRVM,IX,F,Y,_Z,2019-03,91.23040938999999,A,0,1,2015
OECD.SDD.STES:DSD_KEI@DF_KEI(4.0),CHN,M,PRVM,IX,F,Y,_Z,2019-05,82.22817771,A,0,1,2015
OECD.SDD.STES:DSD_KEI@DF_KEI(4.0),CHN,M,PRVM,IX,F,Y,_Z,2019-06,87.76918666,A,0,1,2015
OECD.SDD.STES:DSD_KEI@DF_KEI(4.0),CHN,M,PRVM,IX,F,Y,_Z,2020-02,69.62143513,A,0,1,2015
OECD.SDD.STES:DSD_KEI@DF_KEI(4.0),CHN,M,PRVM,IX,F,Y,_Z,2021-01,98.45951719,A,0,1,2015
OECD.SDD.STES:DSD_KEI@DF_KEI(4.0),CHN,M,PRVM,IX,F,Y,_Z,2021-02,98.42807746,A,0,1,2015
OECD.SDD.STES:DSD_KEI@DF_KEI(4.0),CHN,M,PRVM,IX,F,Y,_Z,2021-03,93.03962955,A,0,1,2015
OECD.SDD.STES:DSD_KEI@DF_KEI(4.0),USA,M,PRVM,IX,F,Y,_Z,2022-10,171.373918646248,A,0,1,2015
OECD.SDD.STES:DSD_KEI@DF_KEI(4.0),USA,M,PRVM,IX,F,Y,_Z,2022-11,171.836825984977,A,0,1,2015
OECD.SDD.STES:DSD_KEI@DF_KEI(4.0),USA,M,PRVM,IX,F,Y,_Z,2022-12,172.493722920113,A,0,1,2015
OECD.SDD.STES:DSD_KEI@DF_KEI(4.0),USA,M,PRVM,IX,F,Y,_Z,2023-01,175.245743304408,A,0,1,2015
OECD.SDD.STES:DSD_KEI@DF_KEI(4.0),USA,M,TOCAPA,IX,G45,Y,_Z,2006-07,107.53802217999998,A,0,1,2015
OECD.SDD.STES:DSD_KEI@DF_KEI(4.0),USA,M,TOCAPA,IX,G45,Y,_Z,2006-08,102.26472737,A,0,1,2015
OECD.SDD.STES:DSD_KEI@DF_KEI(4.0),USA,M,TOCAPA,IX,G45,Y,_Z,2006-12,105.4526134,A,0,1,2015
OECD.SDD.STES:DSD_KEI@DF_KEI(4.0),USA,M,TOCAPA,IX,G45,Y,_Z,2007-01,102.57023310999999,A,0,1,2015
OECD.SDD.STES:DSD_KEI@DF_KEI(4.0),USA,M,TOCAPA,IX,G45,Y,_Z,2007-04,98.83774988,A,0,1,2015
OECD.SDD.STES:DSD_KEI@DF_KEI(4.0),USA,M,TOCAPA,IX,G45,Y,_Z,2007-12,100.98957295999999,A,0,1,2015
OECD.SDD.STES:DSD_KEI@DF_KEI(4.0),USA,M,TOCAPA,IX,G45,Y,_Z,2008-02,96.20774390999999,A,0,1,2015
OECD.SDD.STES:DSD_KEI@DF_KEI(4.0),USA,M,TOCAPA,IX,G45,Y,_Z,2008-06,102.7030617,A,0,1,2015
OECD.SDD.STES:DSD_KEI@DF_KEI(4.0),USA,M,TOCAPA,IX,G45,Y,_Z,2009-03,63.75772066,A,0,1,2015
OECD.SDD.STES:DSD_KEI@DF_KEI(4.0),USA,M,TOCAPA,IX,G45,Y,_Z,2009-07,82.93816829000001,A,0,1,2015
OECD.SDD.STES:DSD_KEI@DF_KEI(4.0),USA,M,TOCAPA,IX,G45,Y,_Z,2009-09,66.49398950999999,A,0,1,2015
OECD.SDD.STES:DSD_KEI@DF_KEI(4.0),USA,M,TOCAPA,IX,G45,Y,_Z,2009-11,73.61360165,A,0,1,2015
OECD.SDD.STES:DSD_KEI@DF_KEI(4.0),USA,M,TOCAPA,IX,G45,Y,_Z,2010-02,67.71601249,A,0,1,2015
OECD.SDD.STES:DSD_KEI@DF_KEI(4.0),USA,M,TOCAPA,IX,G45,Y,_Z,2010-03,74.80905891,A,0,1,2015
OECD.SDD.STES:DSD_KEI@DF_KEI(4.0),USA,M,TOCAPA,IX,G45,Y,_Z,2010-04,72.84319586,A,0,1,2015
OECD.SDD.STES:DSD_KEI@DF_KEI(4.0),USA,M,TOCAPA,IX,G45,Y,_Z,2011-04,86.49797436,A,0,1,2015
OECD.SDD.STES:DSD_KEI@DF_KEI(4.0),USA,M,TOCAPA,IX,G45,Y,_Z,2011-09,79.27209936,A,0,1,2015
OECD.SDD.STES:DSD_KEI@DF_KEI(4.0),USA,M,TOCAPA,IX,G45,Y,_Z,2011-10,84.7579199,A,0,1,2015
OECD.SDD.STES:DSD_KEI@DF_KEI(4.0),USA,M,TOCAPA,IX,G45,Y,_Z,2012-01,93.96294082,A,0,1,2015
OECD.SDD.STES:DSD_KEI@DF_KEI(4.0),USA,M,TOCAPA,IX,G45,Y,_Z,2012-02,102.09205021000001,A,0,1,2015
OECD.SDD.STES:DSD_KEI@DF_KEI(4.0),USA,M,TOCAPA,IX,G45,Y,_Z,2012-04,97.2969383,A,0,1,2015
OECD.SDD.STES:DSD_KEI@DF_KEI(4.0),USA,M,TOCAPA,IX,G45,Y,_Z,2012-05,92.7542007,A,0,1,2015
OECD.SDD.STES:DSD_KEI@DF_KEI(4.0),USA,M,TOCAPA,IX,G45,Y,_Z,2014-10,101.77326160999999,A,0,1,2015
OECD.SDD.STES:DSD_KEI@DF_KEI(4.0),USA,M,TOCAPA,IX,G45,Y,_Z,2014-11,101.42790729,A,0,1,2015
OECD.SDD.STES:DSD_KEI@DF_KEI(4.0),USA,M,TOCAPA,IX,G45,Y,_Z,2014-12,104.69549047,A,0,1,2015
OECD.SDD.STES:DSD_KEI@DF_KEI(4.0),USA,M,TOCAPA,IX,G45,Y,_Z,2015-03,103.39377033999999,A,0,1,2015
OECD.SDD.STES:DSD_KEI@DF_KEI(4.0),USA,M,TOCAPA,IX,G45,Y,_Z,2015-04,99.83396427,A,0,1,2015
OECD.SDD.STES:DSD_KEI@DF_KEI(4.0),USA,M,TOCAPA,IX,G45,Y,_Z,2015-06,101.94593877,A,0,1,2015
OECD.SDD.STES:DSD_KEI@DF_KEI(4.0),USA,M,TOCAPA,IX,G45,Y,_Z,2015-09,100.08633858,A,0,1,2015
OECD.SDD.STES:DSD_KEI@DF_KEI(4.0),USA,M,TOCAPA,IX,G45,Y,_Z,2015-10,100.55123862999999,A,0,1,2015
OECD.SDD.STES:DSD_KEI@DF_KEI(4.0),USA,M,TOCAPA,IX,G45,Y,_Z,2015-11,98.13375838,A,0,1,2015
OECD.SDD.STES:DSD_KEI@DF_KEI(4.0),USA,M,TOCAPA,IX,G45,Y,_Z,2016-01,95.43733812,A,0,1,2015
OECD.SDD.STES:DSD_KEI@DF_KEI(4.0),USA,M,TOCAPA,IX,G45,Y,_Z,2016-02,95.47718669,A,0,1,2015
OECD.SDD.STES:DSD_KEI@DF_KEI(4.0),USA,M,TOCAPA,IX,G45,Y,_Z,2016-03,91.14697483,A,0,1,2015
OECD.SDD.STES:DSD_KEI@DF_KEI(4.0),USA,M,TOCAPA,IX,G45,Y,_Z,2016-04,90.84146908,A,0,1,2015
OECD.SDD.STES:DSD_KEI@DF_KEI(4.0),USA,M,TOCAPA,IX,G45,Y,_Z,2016-05,91.46576343,A,0,1,2015
OECD.SDD.STES:DSD_KEI@DF_KEI(4.0),USA,M,TOCAPA,IX,G45,Y,_Z,2016-06,90.81490337,A,0,1,2015
OECD.SDD.STES:DSD_KEI@DF_KEI(4.0),USA,M,TOCAPA,IX,G45,Y,_Z,2016-08,90.44298333,A,0,1,2015
OECD.SDD.STES:DSD_KEI@DF_KEI(4.0),USA,M,TOCAPA,IX,G45,Y,_Z,2016-09,92.07677492,A,0,1,2015
OECD.SDD.STES:DSD_KEI@DF_KEI(4.0),USA,M,TOCAPA,IX,G45,Y,_Z,2016-10,88.10520024,A,0,1,2015
OECD.SDD.STES:DSD_KEI@DF_KEI(4.0),USA,M,TOCAPA,IX,G45,Y,_Z,2017-02,82.63266255,A,0,1,2015
OECD.SDD.STES:DSD_KEI@DF_KEI(4.0),USA,M,TOCAPA,IX,G45,Y,_Z,2017-03,80.86604237,A,0,1,2015
OECD.SDD.STES:DSD_KEI@DF_KEI(4.0),USA,M,TOCAPA,IX,G45,Y,_Z,2017-04,81.78255961,A,0,1,2015
OECD.SDD.STES:DSD_KEI@DF_KEI(4.0),USA,M,TOCAPA,IX,G45,Y,_Z,2017-06,77.18669057999999,A,0,1,2015
OECD.SDD.STES:DSD_KEI@DF_KEI(4.0),USA,M,TOCAPA,IX,G45,Y,_Z,2017-07,79.00644219,A,0,1,2015
OECD.SDD.STES:DSD_KEI@DF_KEI(4.0),USA,M,TOCAPA,IX,G45,Y,_Z,2017-08,78.94002789,A,0,1,2015
OECD.SDD.STES:DSD_KEI@DF_KEI(4.0),USA,M,TOCAPA,IX,G45,Y,_Z,2017-10,83.94766554,A,0,1,2015
OECD.SDD.STES:DSD_KEI@DF_KEI(4.0),USA,M,TOCAPA,IX,G45,Y,_Z,2017-12,77.4656306,A,0,1,2015
OECD.SDD.STES:DSD_KEI@DF_KEI(4.0),USA,M,TOCAPA,IX,G45,Y,_Z,2018-01,71.07657567999999,A,0,1,2015
OECD.SDD.STES:DSD_KEI@DF_KEI(4.0),USA,M,TOCAPA,IX,G45,Y,_Z,2018-02,72.49784154,A,0,1,2015
OECD.SDD.STES:DSD_KEI@DF_KEI(4.0),USA,M,TOCAPA,IX,G45,Y,_Z,2018-03,71.55475858,A,0,1,2015
OECD.SDD.STES:DSD_KEI@DF_KEI(4.0),USA,M,TOCAPA,IX,G45,Y,_Z,2018-04,69.93424985,A,0,1,2015
OECD.SDD.STES:DSD_KEI@DF_KEI(4.0),USA,M,TOCAPA,IX,G45,Y,_Z,2018-05,72.43142724,A,0,1,2015
OECD.SDD.STES:DSD_KEI@DF_KEI(4.0),USA,M,TOCAPA,IX,G45,Y,_Z,2018-06,69.58889552999999,A,0,1,2015
OECD.SDD.STES:DSD_KEI@DF_KEI(4.0),USA,M,TOCAPA,IX,G45,Y,_Z,2018-07,69.42950123,A,0,1,2015
OECD.SDD.STES:DSD_KEI@DF_KEI(4.0),USA,M,TOCAPA,IX,G45,Y,_Z,2018-09,69.52248124,A,0,1,2015
OECD.SDD.STES:DSD_KEI@DF_KEI(4.0),USA,M,TOCAPA,IX,G45,Y,_Z,2018-10,72.92289301,A,0,1,2015
OECD.SDD.STES:DSD_KEI@DF_KEI(4.0),USA,M,TOCAPA,IX,G45,Y,_Z,2018-11,69.56232981,A,0,1,2015
OECD.SDD.STES:DSD_KEI@DF_KEI(4.0),USA,M,TOCAPA,IX,G45,Y,_Z,2018-12,69.96081557,A,0,1,2015
OECD.SDD.STES:DSD_KEI@DF_KEI(4.0),USA,M,TOCAPA,IX,G45,Y,_Z,2019-01,68.49970114,A,0,1,2015
OECD.SDD.STES:DSD_KEI@DF_KEI(4.0),USA,M,TOCAPA,IX,G45,Y,_Z,2019-02,63.399083479999994,A,0,1,2015
OECD.SDD.STES:DSD_KEI@DF_KEI(4.0),USA,M,TOCAPA,IX,G45,Y,_Z,2019-03,66.45414093000001,A,0,1,2015
OECD.SDD.STES:DSD_KEI@DF_KEI(4.0),USA,M,TOCAPA,IX,G45,Y,_Z,2019-06,64.70080361,A,0,1,2015
OECD.SDD.STES:DSD_KEI@DF_KEI(4.0),USA,M,TOCAPA,IX,G45,Y,_Z,2019-07,61.87155476,A,0,1,2015
OECD.SDD.STES:DSD_KEI@DF_KEI(4.0),USA,M,TOCAPA,IX,G45,Y,_Z,2019-10,57.541342900000004,A,0,1,2015
OECD.SDD.STES:DSD_KEI@DF_KEI(4.0),CHN,M,PRVM,IX,F,Y,_Z,2004-11,45.52624444,A,0,1,2015
OECD.SDD.STES:DSD_KEI@DF_KEI(4.0),CHN,M,PRVM,IX,F,Y,_Z,2004-12,43.44499679,A,0,1,2015
OECD.SDD.STES:DSD_KEI@DF_KEI(4.0),CHN,M,PRVM,IX,F,Y,_Z,2005-04,45.3871972,A,0,1,2015
OECD.SDD.STES:DSD_KEI@DF_KEI(4.0),CHN,M,PRVM,IX,F,Y,_Z,2005-05,49.10577214,A,0,1,2015
OECD.SDD.STES:DSD_KEI@DF_KEI(4.0),CHN,M,PRVM,IX,F,Y,_Z,2005-06,48.348223919999995,A,0,1,2015
OECD.SDD.STES:DSD_KEI@DF_KEI(4.0),CHN,M,PRVM,IX,F,Y,_Z,2005-07,63.79647826,A,0,1,2015
OECD.SDD.STES:DSD_KEI@DF_KEI(4.0),CHN,M,PRVM,IX,F,Y,_Z,2005-09,44.30534505,A,0,1,2015
OECD.SDD.STES:DSD_KEI@DF_KEI(4.0),CHN,M,PRVM,IX,F,Y,_Z,2005-10,51.666333259999995,A,0,1,2015
OECD.SDD.STES:DSD_KEI@DF_KEI(4.0),CHN,M,PRVM,IX,F,Y,_Z,2005-11,50.873221179999994,A,0,1,2015
OECD.SDD.STES:DSD_KEI@DF_KEI(4.0),CHN,M,PRVM,IX,F,Y,_Z,2006-01,55.73300124,A,0,1,2015
OECD.SDD.STES:DSD_KEI@DF_KEI(4.0),CHN,M,PRVM,IX,F,Y,_Z,2006-02,55.869288770000004,A,0,1,2015
OECD.SDD.STES:DSD_KEI@DF_KEI(4.0),CHN,M,PRVM,IX,F,Y,_Z,2006-03,45.569810929999996,A,0,1,2015
OECD.SDD.STES:DSD_KEI@DF_KEI(4.0),CHN,M,PRVM,IX,F,Y,_Z,2006-04,52.30261318,A,0,1,2015
OECD.SDD.STES:DSD_KEI@DF_KEI(4.0),CHN,M,PRVM,IX,F,Y,_Z,2006-05,49.124340329999995,A,0,1,2015
OECD.SDD.STES:DSD_KEI@DF_KEI(4.0),CHN,M,PRVM,IX,F,Y,_Z,2006-06,52.59505882999999,A,0,1,2015
OECD.SDD.STES:DSD_KEI@DF_KEI(4.0),CHN,M,PRVM,IX,F,Y,_Z,2006-07,51.77314645999999,A,0,1,2015
OECD.SDD.STES:DSD_KEI@DF_KEI(4.0),CHN,M,PRVM,IX,F,Y,_Z,2006-09,50.76945805999999,A,0,1,2015
OECD.SDD.STES:DSD_KEI@DF_KEI(4.0),CHN,M,PRVM,IX,F,Y,_Z,2007-04,56.89417445,A,0,1,2015
OECD.SDD.STES:DSD_KEI@DF_KEI(4.0),CHN,M,PRVM,IX,F,Y,_Z,2007-05,55.24306999,A,0,1,2015
OECD.SDD.STES:DSD_KEI@DF_KEI(4.0),CHN,M,PRVM,IX,F,Y,_Z,2007-06,56.92073352,A,0,1,2015
OECD.SDD.STES:DSD_KEI@DF_KEI(4.0),CHN,M,PRVM,IX,F,Y,_Z,2007-07,54.190617929999995,A,0,1,2015
OECD.SDD.STES:DSD_KEI@DF_KEI(4.0),CHN,M,PRVM,IX,F,Y,_Z,2007-08,56.48356777,A,0,1,2015
OECD.SDD.STES:DSD_KEI@DF_KEI(4.0),CHN,M,PRVM,IX,F,Y,_Z,2007-10,56.54874993,A,0,1,2015
OECD.SDD.STES:DSD_KEI@DF_KEI(4.0),CHN,M,PRVM,IX,F,Y,_Z,2007-12,63.55147942,A,0,1,2015
OECD.SDD.STES:DSD_KEI@DF_KEI(4.0),CHN,M,PRVM,IX,F,Y,_Z,2008-01,59.86196955999999,A,0,1,2015
OECD.SDD.STES:DSD_KEI@DF_KEI(4.0),CHN,M,PRVM,IX,F,Y,_Z,2008-02,60.16426586,A,0,1,2015
OECD.SDD.STES:DSD_KEI@DF_KEI(4.0),CHN,M,PRVM,IX,F,Y,_Z,2008-04,55.99597182,A,0,1,2015
OECD.SDD.STES:DSD_KEI@DF_KEI(4.0),CHN,M,PRVM,IX,F,Y,_Z,2008-05,59.95038781,A,0,1,2015
OECD.SDD.STES:DSD_KEI@DF_KEI(4.0),CHN,M,PRVM,IX,F,Y,_Z,2008-06,56.98197202,A,0,1,2015
OECD.SDD.STES:DSD_KEI@DF_KEI(4.0),CHN,M,PRVM,IX,F,Y,_Z,2008-07,60.61447149,A,0,1,2015
OECD.SDD.STES:DSD_KEI@DF_KEI(4.0),CHN,M,PRVM,IX,F,Y,_Z,2009-01,70.83980422,A,0,1,2015
OECD.SDD.STES:DSD_KEI@DF_KEI(4.0),CHN,M,PRVM,IX,F,Y,_Z,2009-02,71.73204358000001,A,0,1,2015
OECD.SDD.STES:DSD_KEI@DF_KEI(4.0),CHN,M,PRVM,IX,F,Y,_Z,2009-03,68.64691062,A,0,1,2015
OECD.SDD.STES:DSD_KEI@DF_KEI(4.0),CHN,M,PRVM,IX,F,Y,_Z,2009-04,69.50343421000001,A,0,1,2015
OECD.SDD.STES:DSD_KEI@DF_KEI(4.0),CHN,M,PRVM,IX,F,Y,_Z,2009-05,61.00554285999999,A,0,1,2015
OECD.SDD.STES:DSD_KEI@DF_KEI(4.0),CHN,M,PRVM,IX,F,Y,_Z,2009-06,68.15348182,A,0,1,2015
OECD.SDD.STES:DSD_KEI@DF_KEI(4.0),CHN,M,PRVM,IX,F,Y,_Z,2009-07,83.61335377,A,0,1,2015
OECD.SDD.STES:DSD_KEI@DF_KEI(4.0),CHN,M,PRVM,IX,F,Y,_Z,2009-08,74.02623956,A,0,1,2015
OECD.SDD.STES:DSD_KEI@DF_KEI(4.0),CHN,M,PRVM,IX,F,Y,_Z,2009-09,69.49374526999999,A,0,1,2015
OECD.SDD.STES:DSD_KEI@DF_KEI(4.0),CHN,M,PRVM,IX,F,Y,_Z,2009-10,65.31884863,A,0,1,2015
OECD.SDD.STES:DSD_KEI@DF_KEI(4.0),CHN,M,PRVM,IX,F,Y,_Z,2009-11,73.55992558999999,A,0,1,2015
OECD.SDD.STES:DSD_KEI@DF_KEI(4.0),CHN,M,PRVM,IX,F,Y,_Z,2010-02,71.3968561,A,0,1,2015
OECD.SDD.STES:DSD_KEI@DF_KEI(4.0),CHN,M,PRVM,IX,F,Y,_Z,2010-03,76.71787078,A,0,1,2015
OECD.SDD.STES:DSD_KEI@DF_KEI(4.0),CHN,M,PRVM,IX,F,Y,_Z,2010-04,79.83562693,A,0,1,2015
OECD.SDD.STES:DSD_KEI@DF_KEI(4.0),CHN,M,PRVM,IX,F,Y,_Z,2010-05,81.30173071,A,0,1,2015
OECD.SDD.STES:DSD_KEI@DF_KEI(4.0),CHN,M,PRVM,IX,F,Y,_Z,2010-06,80.06178940999999,A,0,1,2015
OECD.SDD.STES:DSD_KEI@DF_KEI(4.0),CHN,M,PRVM,IX,F,Y,_Z,2010-07,74.84344881,A,0,1,2015
OECD.SDD.STES:DSD_KEI@DF_KEI(4.0),CHN,M,PRVM,IX,F,Y,_Z,2010-08,72.77479905999999,A,0,1,2015
OECD.SDD.STES:DSD_KEI@DF_KEI(4.0),CHN,M,PRVM,IX,F,Y,_Z,2010-12,79.45158368,A,0,1,2015
OECD.SDD.STES:DSD_KEI@DF_KEI(4.0),CHN,M,PRVM,IX,F,Y,_Z,2011-02,74.76798047,A,0,1,2015
OECD.SDD.STES:DSD_KEI@DF_KEI(4.0),CHN,M,PRVM,IX,F,Y,_Z,2011-03,88.35494743,A,0,1,2015
OECD.SDD.STES:DSD_KEI@DF_KEI(4.0),CHN,M,PRVM,IX,F,Y,_Z,2011-04,87.88175159,A,0,1,2015
OECD.SDD.STES:DSD_KEI@DF_KEI(4.0),CHN,M,PRVM,IX,F,Y,_Z,2011-05,86.62081074,A,0,1,2015
OECD.SDD.STES:DSD_KEI@DF_KEI(4.0),CHN,M,PRVM,IX,F,Y,_Z,2011-07,88.36141246,A,0,1,2015
OECD.SDD.STES:DSD_KEI@DF_KEI(4.0),CHN,M,PRVM,IX,F,Y,_Z,2011-08,90.07895763,A,0,1,2015
OECD.SDD.STES:DSD_KEI@DF_KEI(4.0),CHN,M,PRVM,IX,F,Y,_Z,2011-09,101.38906033999999,A,0,1,2015
OECD.SDD.STES:DSD_KEI@DF_KEI(4.0),CHN,M,PRVM,IX,F,Y,_Z,2011-10,90.5343116,A,0,1,2015
OECD.SDD.STES:DSD_KEI@DF_KEI(4.0),CHN,M,PRVM,IX,F,Y,_Z,2012-01,95.42972338,A,0,1,2015
OECD.SDD.STES:DSD_KEI@DF_KEI(4.0),CHN,M,PRVM,IX,F,Y,_Z,2012-03,120.43056553,A,0,1,2015
OECD.SDD.STES:DSD_KEI@DF_KEI(4.0),CHN,M,PRVM,IX,F,Y,_Z,2012-04,92.45120281,A,0,1,2015
OECD.SDD.STES:DSD_KEI@DF_KEI(4.0),CHN,M,PRVM,IX,F,Y,_Z,2012-05,93.30950726,A,0,1,2015
OECD.SDD.STES:DSD_KEI@DF_KEI(4.0),CHN,M,PRVM,IX,F,Y,_Z,2012-07,97.65889238,A,0,1,2015
OECD.SDD.STES:DSD_KEI@DF_KEI(4.0),USA,M,TOCAPA,IX,G45,Y,_Z,2023-11,41.11044697,A,0,1,2015
OECD.SDD.STES:DSD_KEI@DF_KEI(4.0),USA,M,TOCAPA,IX,G45,Y,_Z,2023-12,41.49564986,A,0,1,2015
OECD.SDD.STES:DSD_KEI@DF_KEI(4.0),USA,M,TOCAPA,IX,G45,Y,_Z,2024-02,39.86185827,A,0,1,2015
OECD.SDD.STES:DSD_KEI@DF_KEI(4.0),USA,M,TOCAPA,IX,G45,Y,_Z,2013-04,99.32921565,A,0,1,2015
OECD.SDD.STES:DSD_KEI@DF_KEI(4.0),USA,M,TOCAPA,IX,G45,Y,_Z,2013-06,101.48103872,A,0,1,2015
OECD.SDD.STES:DSD_KEI@DF_KEI(4.0),USA,M,TOCAPA,IX,G45,Y,_Z,2020-01,56.38573421,A,0,1,2015
OECD.SDD.STES:DSD_KEI@DF_KEI(4.0),USA,M,TOCAPA,IX,G45,Y,_Z,2020-02,56.4521485,A,0,1,2015
OECD.SDD.STES:DSD_KEI@DF_KEI(4.0),USA,M,TOCAPA,IX,G45,Y,_Z,2020-03,38.78594674,A,0,1,2015
OECD.SDD.STES:DSD_KEI@DF_KEI(4.0),USA,M,TOCAPA,IX,G45,Y,_Z,2020-06,38.75938102,A,0,1,2015
OECD.SDD.STES:DSD_KEI@DF_KEI(4.0),USA,M,TOCAPA,IX,G45,Y,_Z,2020-07,46.14465033,A,0,1,2015
OECD.SDD.STES:DSD_KEI@DF_KEI(4.0),USA,M,TOCAPA,IX,G45,Y,_Z,2020-08,47.0478847,A,0,1,2015
OECD.SDD.STES:DSD_KEI@DF_KEI(4.0),USA,M,TOCAPA,IX,G45,Y,_Z,2020-10,49.22627349,A,0,1,2015
OECD.SDD.STES:DSD_KEI@DF_KEI(4.0),USA,M,TOCAPA,IX,G45,Y,_Z,2020-11,49.46536495,A,0,1,2015
OECD.SDD.STES:DSD_KEI@DF_KEI(4.0),USA,M,TOCAPA,IX,G45,Y,_Z,2020-12,49.30597064,A,0,1,2015
OECD.SDD.STES:DSD_KEI@DF_KEI(4.0),USA,M,TOCAPA,IX,G45,Y,_Z,2021-03,52.626685259999995,A,0,1,2015
OECD.SDD.STES:DSD_KEI@DF_KEI(4.0),USA,M,TOCAPA,IX,G45,Y,_Z,2021-04,54.233911140000004,A,0,1,2015
OECD.SDD.STES:DSD_KEI@DF_KEI(4.0),USA,M,TOCAPA,IX,G45,Y,_Z,2021-08,41.84100418,A,0,1,2015
OECD.SDD.STES:DSD_KEI@DF_KEI(4.0),USA,M,TOCAPA,IX,G45,Y,_Z,2021-09,36.315335059999995,A,0,1,2015
OECD.SDD.STES:DSD_KEI@DF_KEI(4.0),USA,M,TOCAPA,IX,G45,Y,_Z,2022-05,35.4386664,A,0,1,2015
OECD.SDD.STES:DSD_KEI@DF_KEI(4.0),USA,M,TOCAPA,IX,G45,Y,_Z,2022-07,36.04967789,A,0,1,2015
OECD.SDD.STES:DSD_KEI@DF_KEI(4.0),USA,M,TOCAPA,IX,G45,Y,_Z,2022-11,40.51271834,A,0,1,2015
OECD.SDD.STES:DSD_KEI@DF_KEI(4.0),USA,M,TOCAPA,IX,G45,Y,_Z,2023-01,40.77837551,A,0,1,2015
OECD.SDD.STES:DSD_KEI@DF_KEI(4.0),USA,M,TOCAPA,IX,G45,Y,_Z,2023-02,39.46337252,A,0,1,2015
OECD.SDD.STES:DSD_KEI@DF_KEI(4.0),USA,M,TOCAPA,IX,G45,Y,_Z,2023-06,42.66454141,A,0,1,2015
OECD.SDD.STES:DSD_KEI@DF_KEI(4.0),USA,M,TOCAPA,IX,G45,Y,_Z,2023-10,39.58291824,A,0,1,2015
OECD.SDD.STES:DSD_KEI@DF_KEI(4.0),USA,M,TOCAPA,IX,G45,Y,_Z,2024-01,39.46337252,A,0,1,2015
OECD.SDD.STES:DSD_KEI@DF_KEI(4.0),USA,M,TOCAPA,IX,G45,Y,_Z,2024-04,40.207212590000005,A,0,1,2015
OECD.SDD.STES:DSD_KEI@DF_KEI(4.0),USA,M,TOCAPA,IX,G45,Y,_Z,2024-05,39.450089659999996,A,0,1,2015
OECD.SDD.STES:DSD_KEI@DF_KEI(4.0),USA,M,TOCAPA,IX,G45,Y,_Z,2024-06,37.444378029999996,A,0,1,2015
OECD.SDD.STES:DSD_KEI@DF_KEI(4.0),USA,M,TOCAPA,IX,G45,Y,_Z,2024-07,39.55635253,A,0,1,2015
OECD.SDD.STES:DSD_KEI@DF_KEI(4.0),USA,M,TOCAPA,IX,G45,Y,_Z,2024-08,39.224281069999996,A,0,1,2015
OECD.SDD.STES:DSD_KEI@DF_KEI(4.0),USA,M,TOCAPA,IX,G45,Y,_Z,2024-12,39.52978681,A,0,1,2015
OECD.SDD.STES:DSD_KEI@DF_KEI(4.0),USA,M,TOCAPA,IX,G45,Y,_Z,2025-01,37.36468088,A,0,1,2015
OECD.SDD.STES:DSD_KEI@DF_KEI(4.0),USA,M,TOCAPA,IX,G45,Y,_Z,2025-09,34.65497775,A,0,1,2015
OECD.SDD.STES:DSD_KEI@DF_KEI(4.0),USA,M,TOCAPA,IX,G45,Y,_Z,2004-02,100.5910872,A,0,1,2015
OECD.SDD.STES:DSD_KEI@DF_KEI(4.0),USA,M,TOCAPA,IX,G45,Y,_Z,2004-04,96.68592681,A,0,1,2015
OECD.SDD.STES:DSD_KEI@DF_KEI(4.0),USA,M,TOCAPA,IX,G45,Y,_Z,2004-05,104.44311615999999,A,0,1,2015
OECD.SDD.STES:DSD_KEI@DF_KEI(4.0),USA,M,TOCAPA,IX,G45,Y,_Z,2004-06,96.04834960000001,A,0,1,2015
OECD.SDD.STES:DSD_KEI@DF_KEI(4.0),USA,M,TOCAPA,IX,G45,Y,_Z,2004-07,98.02749551999999,A,0,1,2015
OECD.SDD.STES:DSD_KEI@DF_KEI(4.0),USA,M,TOCAPA,IX,G45,Y,_Z,2004-12,106.24958491000001,A,0,1,2015
OECD.SDD.STES:DSD_KEI@DF_KEI(4.0),USA,M,TOCAPA,IX,G45,Y,_Z,2005-03,103.08826459,A,0,1,2015
OECD.SDD.STES:DSD_KEI@DF_KEI(4.0),USA,M,TOCAPA,IX,G45,Y,_Z,2005-04,105.4526134,A,0,1,2015
OECD.SDD.STES:DSD_KEI@DF_KEI(4.0),USA,M,TOCAPA,IX,G45,Y,_Z,2005-05,99.79411569,A,0,1,2015
OECD.SDD.STES:DSD_KEI@DF_KEI(4.0),USA,M,TOCAPA,IX,G45,Y,_Z,2005-06,99.63472139,A,0,1,2015
OECD.SDD.STES:DSD_KEI@DF_KEI(4.0),USA,M,TOCAPA,IX,G45,Y,_Z,2005-07,106.50195922,A,0,1,2015
OECD.SDD.STES:DSD_KEI@DF_KEI(4.0),USA,M,TOCAPA,IX,G45,Y,_Z,2005-08,103.52659892,A,0,1,2015
OECD.SDD.STES:DSD_KEI@DF_KEI(4.0),USA,M,TOCAPA,IX,G45,Y,_Z,2005-09,105.50574483999999,A,0,1,2015
OECD.SDD.STES:DSD_KEI@DF_KEI(4.0),USA,M,TOCAPA,IX,G45,Y,_Z,2006-01,114.55137146,A,0,1,2015
OECD.SDD.STES:DSD_KEI@DF_KEI(4.0),USA,M,TOCAPA,IX,G45,Y,_Z,2006-02,100.76376436000001,A,0,1,2015
OECD.SDD.STES:DSD_KEI@DF_KEI(4.0),USA,M,TOCAPA,IX,G45,Y,_Z,2006-03,98.90416418,A,0,1,2015
OECD.SDD.STES:DSD_KEI@DF_KEI(4.0),USA,M,TOCAPA,IX,G45,Y,_Z,2006-04,105.39948197,A,0,1,2015
OECD.SDD.STES:DSD_KEI@DF_KEI(4.0),USA,M,TOCAPA,IX,G45,Y,_Z,2006-05,101.38805871000001,A,0,1,2015
OECD.SDD.STES:DSD_KEI@DF_KEI(4.0),USA,M,TOCAPA,IX,G45,Y,_Z,2006-06,100.8168958,A,0,1,2015
OECD.SDD.STES:DSD_KEI@DF_KEI(4.0),USA,M,TOCAPA,IX,G45,Y,_Z,2006-09,101.86624162,A,0,1,2015
OECD.SDD.STES:DSD_KEI@DF_KEI(4.0),USA,M,TOCAPA,IX,G45,Y,_Z,2006-10,99.5683071,A,0,1,2015
OECD.SDD.STES:DSD_KEI@DF_KEI(4.0),USA,M,TOCAPA,IX,G45,Y,_Z,2006-11,98.61194129,A,0,1,2015
OECD.SDD.STES:DSD_KEI@DF_KEI(4.0),USA,M,TOCAPA,IX,G45,Y,_Z,2007-02,101.42790729,A,0,1,2015
OECD.SDD.STES:DSD_KEI@DF_KEI(4.0),USA,M,TOCAPA,IX,G45,Y,_Z,2007-03,99.5683071,A,0,1,2015
OECD.SDD.STES:DSD_KEI@DF_KEI(4.0),USA,M,TOCAPA,IX,G45,Y,_Z,2007-05,104.28372185999999,A,0,1,2015
OECD.SDD.STES:DSD_KEI@DF_KEI(4.0),USA,M,TOCAPA,IX,G45,Y,_Z,2007-06,99.90037856000001,A,0,1,2015
OECD.SDD.STES:DSD_KEI@DF_KEI(4.0),USA,M,TOCAPA,IX,G45,Y,_Z,2007-07,95.76940958,A,0,1,2015
OECD.SDD.STES:DSD_KEI@DF_KEI(4.0),USA,M,TOCAPA,IX,G45,Y,_Z,2007-08,97.16410972,A,0,1,2015
OECD.SDD.STES:DSD_KEI@DF_KEI(4.0),USA,M,PRVM,IX,F,Y,_Z,2024-11,202.55100989726097,A,0,1,2015
OECD.SDD.STES:DSD_KEI@DF_KEI(4.0),USA,M,PRVM,IX,F,Y,_Z,2024-12,202.209491526105,A,0,1,2015
OECD.SDD.STES:DSD_KEI@DF_KEI(4.0),USA,M,PRVM,IX,F,Y,_Z,2025-01,202.40921039531798,A,0,1,2015
OECD.SDD.STES:DSD_KEI@DF_KEI(4.0),USA,M,PRVM,IX,F,Y,_Z,2025-02,202.835146020472,A,0,1,2015
OECD.SDD.STES:DSD_KEI@DF_KEI(4.0),USA,M,PRVM,IX,F,Y,_Z,2025-03,201.98014157409898,A,0,1,2015
OECD.SDD.STES:DSD_KEI@DF_KEI(4.0),USA,M,PRVM,IX,F,Y,_Z,2025-04,202.655927205517,A,0,1,2015
OECD.SDD.STES:DSD_KEI@DF_KEI(4.0),USA,M,PRVM,IX,F,Y,_Z,2025-05,200.920763224358,A,0,1,2015
OECD.SDD.STES:DSD_KEI@DF_KEI(4.0),USA,M,PRVM,IX,F,Y,_Z,2025-06,200.32035333829,A,0,1,2015
OECD.SDD.STES:DSD_KEI@DF_KEI(4.0),USA,M,PRVM,IX,F,Y,_Z,2025-07,200.76025406590801,A,0,1,2015
OECD.SDD.STES:DSD_KEI@DF_KEI(4.0),USA,M,PRVM,IX,F,Y,_Z,2025-08,200.70573645436596,A,0,1,2015
OECD.SDD.STES:DSD_KEI@DF_KEI(4.0),USA,M,PRVM,IX,F,Y,_Z,2025-09,201.043674030019,A,0,1,2015
OECD.SDD.STES:DSD_KEI@DF_KEI(4.0),USA,M,PRVM,IX,F,Y,_Z,2025-10,200.62669039362402,A,0,1,2015
OECD.SDD.STES:DSD_KEI@DF_KEI(4.0),USA,M,PRVM,IX,F,Y,_Z,2025-11,198.799141888472,A,0,1,2015
OECD.SDD.STES:DSD_KEI@DF_KEI(4.0),USA,M,PRVM,IX,F,Y,_Z,2025-12,198.372042504779,A,0,1,2015
OECD.SDD.STES:DSD_KEI@DF_KEI(4.0),USA,M,PRVM,IX,F,Y,_Z,2026-01,196.553087908836,A,0,1,2015
OECD.SDD.STES:DSD_KEI@DF_KEI(4.0),USA,M,PRVM,IX,F,Y,_Z,2026-02,196.020176018011,A,0,1,2015
OECD.SDD.STES:DSD_KEI@DF_KEI(4.0),USA,M,PRVM,IX,F,Y,_Z,2026-03,196.88995124583698,A,0,1,2015
OECD.SDD.STES:DSD_KEI@DF_KEI(4.0),CHN,M,PRVM,IX,F,Y,_Z,2025-01,68.97808446,A,0,1,2015
OECD.SDD.STES:DSD_KEI@DF_KEI(4.0),CHN,M,PRVM,IX,F,Y,_Z,2025-02,69.71127457,A,0,1,2015
OECD.SDD.STES:DSD_KEI@DF_KEI(4.0),CHN,M,PRVM,IX,F,Y,_Z,2025-04,63.91939032,A,0,1,2015
OECD.SDD.STES:DSD_KEI@DF_KEI(4.0),CHN,M,PRVM,IX,F,Y,_Z,2025-11,51.09540489,A,0,1,2015
OECD.SDD.STES:DSD_KEI@DF_KEI(4.0),USA,M,PRVM,IX,F,Y,_Z,2026-04,194.099795389428,A,0,1,2015
OECD.SDD.STES:DSD_KEI@DF_KEI(4.0),USA,M,PRVM,IX,F,Y,_Z,2026-05,194.123518159639,A,0,1,2015
OECD.SDD.STES:DSD_KEI@DF_KEI(4.0),USA,M,PRVM,IX,F,Y,_Z,2026-06,193.948327739626,A,0,1,2015
OECD.SDD.STES:DSD_KEI@DF_KEI(4.0),USA,M,PRVM,IX,F,Y,_Z,2019-01,115.969165017843,A,0,1,2015
OECD.SDD.STES:DSD_KEI@DF_KEI(4.0),USA,M,PRVM,IX,F,Y,_Z,2019-02,117.27678201587199,A,0,1,2015
OECD.SDD.STES:DSD_KEI@DF_KEI(4.0),USA,M,PRVM,IX,F,Y,_Z,2019-03,118.11880607854398,A,0,1,2015
OECD.SDD.STES:DSD_KEI@DF_KEI(4.0),USA,M,PRVM,IX,F,Y,_Z,2019-04,121.10912840360498,A,0,1,2015
OECD.SDD.STES:DSD_KEI@DF_KEI(4.0),USA,M,PRVM,IX,F,Y,_Z,2019-05,122.157495807173,A,0,1,2015
OECD.SDD.STES:DSD_KEI@DF_KEI(4.0),USA,M,PRVM,IX,F,Y,_Z,2019-06,123.660713759586,A,0,1,2015
OECD.SDD.STES:DSD_KEI@DF_KEI(4.0),USA,M,PRVM,IX,F,Y,_Z,2019-07,126.493570602376,A,0,1,2015
OECD.SDD.STES:DSD_KEI@DF_KEI(4.0),USA,M,PRVM,IX,F,Y,_Z,2019-08,127.65410642509501,A,0,1,2015
OECD.SDD.STES:DSD_KEI@DF_KEI(4.0),USA,M,PRVM,IX,F,Y,_Z,2019-09,128.746696653132,A,0,1,2015
OECD.SDD.STES:DSD_KEI@DF_KEI(4.0),USA,M,PRVM,IX,F,Y,_Z,2019-10,129.368770351995,A,0,1,2015
OECD.SDD.STES:DSD_KEI@DF_KEI(4.0),USA,M,PRVM,IX,F,Y,_Z,2019-11,131.135892933024,A,0,1,2015
OECD.SDD.STES:DSD_KEI@DF_KEI(4.0),USA,M,PRVM,IX,F,Y,_Z,2019-12,131.534614512351,A,0,1,2015
OECD.SDD.STES:DSD_KEI@DF_KEI(4.0),USA,M,PRVM,IX,F,Y,_Z,2020-01,133.489281257881,A,0,1,2015
OECD.SDD.STES:DSD_KEI@DF_KEI(4.0),USA,M,PRVM,IX,F,Y,_Z,2020-02,134.13454060763098,A,0,1,2015
OECD.SDD.STES:DSD_KEI@DF_KEI(4.0),USA,M,PRVM,IX,F,Y,_Z,2020-03,134.429866716791,A,0,1,2015
OECD.SDD.STES:DSD_KEI@DF_KEI(4.0),USA,M,PRVM,IX,F,Y,_Z,2020-04,130.605577118941,A,0,1,2015
OECD.SDD.STES:DSD_KEI@DF_KEI(4.0),USA,M,PRVM,IX,F,Y,_Z,2020-05,129.697845458777,A,0,1,2015
OECD.SDD.STES:DSD_KEI@DF_KEI(4.0),USA,M,PRVM,IX,F,Y,_Z,2020-06,130.793389843105,A,0,1,2015
OECD.SDD.STES:DSD_KEI@DF_KEI(4.0),USA,M,PRVM,IX,F,Y,_Z,2020-07,132.007279518827,A,0,1,2015
OECD.SDD.STES:DSD_KEI@DF_KEI(4.0),USA,M,PRVM,IX,F,Y,_Z,2020-08,133.387049546254,A,0,1,2015
OECD.SDD.STES:DSD_KEI@DF_KEI(4.0),USA,M,PRVM,IX,F,Y,_Z,2020-09,135.401963176132,A,0,1,2015
OECD.SDD.STES:DSD_KEI@DF_KEI(4.0),USA,M,PRVM,IX,F,Y,_Z,2020-10,137.706831721916,A,0,1,2015
OECD.SDD.STES:DSD_KEI@DF_KEI(4.0),USA,M,PRVM,IX,F,Y,_Z,2020-11,138.975776128506,A,0,1,2015
OECD.SDD.STES:DSD_KEI@DF_KEI(4.0),USA,M,PRVM,IX,F,Y,_Z,2020-12,141.218070272863,A,0,1,2015
OECD.SDD.STES:DSD_KEI@DF_KEI(4.0),USA,M,PRVM,IX,F,Y,_Z,2021-01,143.115175730673,A,0,1,2015
OECD.SDD.STES:DSD_KEI@DF_KEI(4.0),USA,M,PRVM,IX,F,Y,_Z,2021-02,140.96490803075702,A,0,1,2015
OECD.SDD.STES:DSD_KEI@DF_KEI(4.0),USA,M,PRVM,IX,F,Y,_Z,2021-03,144.113232957415,A,0,1,2015
OECD.SDD.STES:DSD_KEI@DF_KEI(4.0),USA,M,PRVM,IX,F,Y,_Z,2021-04,144.51714669022098,A,0,1,2015
OECD.SDD.STES:DSD_KEI@DF_KEI(4.0),USA,M,PRVM,IX,F,Y,_Z,2021-05,145.60919979893401,A,0,1,2015
OECD.SDD.STES:DSD_KEI@DF_KEI(4.0),USA,M,PRVM,IX,F,Y,_Z,2021-06,146.837323136783,A,0,1,2015
OECD.SDD.STES:DSD_KEI@DF_KEI(4.0),USA,M,PRVM,IX,F,Y,_Z,2021-07,148.739441708297,A,0,1,2015
OECD.SDD.STES:DSD_KEI@DF_KEI(4.0),USA,M,PRVM,IX,F,Y,_Z,2021-08,149.087584551136,A,0,1,2015
OECD.SDD.STES:DSD_KEI@DF_KEI(4.0),USA,M,PRVM,IX,F,Y,_Z,2021-09,149.814486038367,A,0,1,2015
OECD.SDD.STES:DSD_KEI@DF_KEI(4.0),USA,M,PRVM,IX,F,Y,_Z,2021-10,151.176441608164,A,0,1,2015
OECD.SDD.STES:DSD_KEI@DF_KEI(4.0),USA,M,PRVM,IX,F,Y,_Z,2021-11,155.036718200825,A,0,1,2015
OECD.SDD.STES:DSD_KEI@DF_KEI(4.0),USA,M,PRVM,IX,F,Y,_Z,2021-12,157.765463414347,A,0,1,2015
OECD.SDD.STES:DSD_KEI@DF_KEI(4.0),USA,M,PRVM,IX,F,Y,_Z,2022-01,161.83074054959,A,0,1,2015
OECD.SDD.STES:DSD_KEI@DF_KEI(4.0),USA,M,PRVM,IX,F,Y,_Z,2022-02,164.90207837292,A,0,1,2015
OECD.SDD.STES:DSD_KEI@DF_KEI(4.0),USA,M,PRVM,IX,F,Y,_Z,2022-03,168.064816001479,A,0,1,2015
OECD.SDD.STES:DSD_KEI@DF_KEI(4.0),USA,M,PRVM,IX,F,Y,_Z,2022-04,171.264704383388,A,0,1,2015
OECD.SDD.STES:DSD_KEI@DF_KEI(4.0),USA,M,PRVM,IX,F,Y,_Z,2022-05,172.23304100745,A,0,1,2015
OECD.SDD.STES:DSD_KEI@DF_KEI(4.0),USA,M,PRVM,IX,F,Y,_Z,2022-06,171.90226502280498,A,0,1,2015
OECD.SDD.STES:DSD_KEI@DF_KEI(4.0),USA,M,PRVM,IX,F,Y,_Z,2022-07,172.22337285959,A,0,1,2015
OECD.SDD.STES:DSD_KEI@DF_KEI(4.0),USA,M,PRVM,IX,F,Y,_Z,2022-08,171.704605111006,A,0,1,2015
OECD.SDD.STES:DSD_KEI@DF_KEI(4.0),USA,M,PRVM,IX,F,Y,_Z,2022-09,171.689297210228,A,0,1,2015
OECD.SDD.STES:DSD_KEI@DF_KEI(4.0),USA,M,TOCAPA,IX,G45,Y,_Z,2004-11,100.04649,A,0,1,2015
OECD.SDD.STES:DSD_KEI@DF_KEI(4.0),USA,M,TOCAPA,IX,G45,Y,_Z,2005-01,98.93072989,A,0,1,2015
OECD.SDD.STES:DSD_KEI@DF_KEI(4.0),USA,M,TOCAPA,IX,G45,Y,_Z,2005-02,100.41841004,A,0,1,2015
OECD.SDD.STES:DSD_KEI@DF_KEI(4.0),USA,M,TOCAPA,IX,G45,Y,_Z,2005-10,98.21345554,A,0,1,2015
OECD.SDD.STES:DSD_KEI@DF_KEI(4.0),USA,M,TOCAPA,IX,G45,Y,_Z,2005-11,101.1356844,A,0,1,2015
OECD.SDD.STES:DSD_KEI@DF_KEI(4.0),USA,M,TOCAPA,IX,G45,Y,_Z,2005-12,98.75805273,A,0,1,2015
OECD.SDD.STES:DSD_KEI@DF_KEI(4.0),CHN,M,CP,IX,_Z,_Z,_Z,2026-07,115.93594872476001,A,0,1,2015
OECD.SDD.STES:DSD_KEI@DF_KEI(4.0),CHN,M,CP,IX,_Z,_Z,_Z,2000-02,71.85950801,A,0,1,2015
OECD.SDD.STES:DSD_KEI@DF_KEI(4.0),CHN,M,CP,IX,_Z,_Z,_Z,2000-04,70.44410183000001,A,0,1,2015
OECD.SDD.STES:DSD_KEI@DF_KEI(4.0),CHN,M,CP,IX,_Z,_Z,_Z,2000-05,70.02296123,A,0,1,2015
OECD.SDD.STES:DSD_KEI@DF_KEI(4.0),CHN,M,CP,IX,_Z,_Z,_Z,2012-10,94.38338608,A,0,1,2015
OECD.SDD.STES:DSD_KEI@DF_KEI(4.0),CHN,M,CP,IX,_Z,_Z,_Z,2012-11,94.54095028,A,0,1,2015
OECD.SDD.STES:DSD_KEI@DF_KEI(4.0),CHN,M,CP,IX,_Z,_Z,_Z,2012-12,95.23660908,A,0,1,2015
OECD.SDD.STES:DSD_KEI@DF_KEI(4.0),CHN,M,CP,IX,_Z,_Z,_Z,2013-01,96.18855208,A,0,1,2015
OECD.SDD.STES:DSD_KEI@DF_KEI(4.0),CHN,M,CP,IX,_Z,_Z,_Z,2013-03,96.37188924,A,0,1,2015
OECD.SDD.STES:DSD_KEI@DF_KEI(4.0),CHN,M,CP,IX,_Z,_Z,_Z,2013-04,96.56241888,A,0,1,2015
OECD.SDD.STES:DSD_KEI@DF_KEI(4.0),CHN,M,CP,IX,_Z,_Z,_Z,2013-05,95.98406062,A,0,1,2015
OECD.SDD.STES:DSD_KEI@DF_KEI(4.0),CHN,M,CP,IX,_Z,_Z,_Z,2013-06,95.98406062,A,0,1,2015
OECD.SDD.STES:DSD_KEI@DF_KEI(4.0),CHN,M,CP,IX,_Z,_Z,_Z,2013-07,96.07897287,A,0,1,2015
OECD.SDD.STES:DSD_KEI@DF_KEI(4.0),CHN,M,CP,IX,_Z,_Z,_Z,2014-03,98.6,A,0,1,2015
OECD.SDD.STES:DSD_KEI@DF_KEI(4.0),CHN,M,CP,IX,_Z,_Z,_Z,2014-04,98.2,A,0,1,2015
OECD.SDD.STES:DSD_KEI@DF_KEI(4.0),CHN,M,CP,IX,_Z,_Z,_Z,2014-07,98.2,A,0,1,2015
OECD.SDD.STES:DSD_KEI@DF_KEI(4.0),CHN,M,CP,IX,_Z,_Z,_Z,2014-11,98.6,A,0,1,2015
OECD.SDD.STES:DSD_KEI@DF_KEI(4.0),CHN,M,CP,IX,_Z,_Z,_Z,2014-12,99,A,0,1,2015
OECD.SDD.STES:DSD_KEI@DF_KEI(4.0),CHN,M,CP,IX,_Z,_Z,_Z,2015-03,99.89999999,A,0,1,2015
OECD.SDD.STES:DSD_KEI@DF_KEI(4.0),CHN,M,CP,IX,_Z,_Z,_Z,2015-04,99.69999999,A,0,1,2015
OECD.SDD.STES:DSD_KEI@DF_KEI(4.0),CHN,M,CP,IX,_Z,_Z,_Z,2015-05,99.49999998999999,A,0,1,2015
OECD.SDD.STES:DSD_KEI@DF_KEI(4.0),CHN,M,CP,IX,_Z,_Z,_Z,2017-03,103.19999999,A,0,1,2015
OECD.SDD.STES:DSD_KEI@DF_KEI(4.0),CHN,M,CP,IX,_Z,_Z,_Z,2019-03,107.69999999,A,0,1,2015
OECD.SDD.STES:DSD_KEI@DF_KEI(4.0),CHN,M,CP,IX,_Z,_Z,_Z,2019-06,107.69999999,A,0,1,2015
OECD.SDD.STES:DSD_KEI@DF_KEI(4.0),CHN,M,CP,IX,_Z,_Z,_Z,2019-10,110.79999999,A,0,1,2015
OECD.SDD.STES:DSD_KEI@DF_KEI(4.0),CHN,M,CP,IX,_Z,_Z,_Z,2021-02,113.21927651000001,A,0,1,2015
OECD.SDD.STES:DSD_KEI@DF_KEI(4.0),CHN,M,CP,IX,_Z,_Z,_Z,2021-04,112.32690782999998,A,0,1,2015
OECD.SDD.STES:DSD_KEI@DF_KEI(4.0),CHN,M,CP,IX,_Z,_Z,_Z,2021-05,112.21536173999999,A,0,1,2015
OECD.SDD.STES:DSD_KEI@DF_KEI(4.0),CHN,M,CP,IX,_Z,_Z,_Z,2021-08,112.21536173999999,A,0,1,2015
OECD.SDD.STES:DSD_KEI@DF_KEI(4.0),CHN,M,CP,IX,_Z,_Z,_Z,2021-11,113.44236867999999,A,0,1,2015
OECD.SDD.STES:DSD_KEI@DF_KEI(4.0),CHN,M,CP,IX,_Z,_Z,_Z,2021-12,113.10773042,A,0,1,2015
OECD.SDD.STES:DSD_KEI@DF_KEI(4.0),CHN,M,CP,IX,_Z,_Z,_Z,2022-01,113.66546085,A,0,1,2015
OECD.SDD.STES:DSD_KEI@DF_KEI(4.0),CHN,M,CP,IX,_Z,_Z,_Z,2022-02,114.33473735999999,A,0,1,2015
OECD.SDD.STES:DSD_KEI@DF_KEI(4.0),CHN,M,CP,IX,_Z,_Z,_Z,2022-03,114.33473735999999,A,0,1,2015
OECD.SDD.STES:DSD_KEI@DF_KEI(4.0),CHN,M,CP,IX,_Z,_Z,_Z,2022-05,114.55782952999999,A,0,1,2015
OECD.SDD.STES:DSD_KEI@DF_KEI(4.0),CHN,M,CP,IX,_Z,_Z,_Z,2022-06,114.55782952999999,A,0,1,2015
OECD.SDD.STES:DSD_KEI@DF_KEI(4.0),CHN,M,CP,IX,_Z,_Z,_Z,2022-07,115.11555996,A,0,1,2015
OECD.SDD.STES:DSD_KEI@DF_KEI(4.0),CHN,M,CP,IX,_Z,_Z,_Z,2022-09,115.33865213,A,0,1,2015
OECD.SDD.STES:DSD_KEI@DF_KEI(4.0),CHN,M,CP,IX,_Z,_Z,_Z,2022-11,115.22710604,A,0,1,2015
OECD.SDD.STES:DSD_KEI@DF_KEI(4.0),CHN,M,CP,IX,_Z,_Z,_Z,2022-12,115.11555996,A,0,1,2015
OECD.SDD.STES:DSD_KEI@DF_KEI(4.0),CHN,M,CP,IX,_Z,_Z,_Z,2023-01,116.00792864,A,0,1,2015
OECD.SDD.STES:DSD_KEI@DF_KEI(4.0),CHN,M,CP,IX,_Z,_Z,_Z,2023-03,115.11555996,A,0,1,2015
OECD.SDD.STES:DSD_KEI@DF_KEI(4.0),CHN,M,CP,IX,_Z,_Z,_Z,2023-08,115.11555996,A,0,1,2015
OECD.SDD.STES:DSD_KEI@DF_KEI(4.0),CHN,M,CP,IX,_Z,_Z,_Z,2023-09,115.33865213,A,0,1,2015
OECD.SDD.STES:DSD_KEI@DF_KEI(4.0),CHN,M,CP,IX,_Z,_Z,_Z,2023-12,114.78092170000001,A,0,1,2015
OECD.SDD.STES:DSD_KEI@DF_KEI(4.0),CHN,M,CP,IX,_Z,_Z,_Z,2024-01,115.00401387000001,A,0,1,2015
OECD.SDD.STES:DSD_KEI@DF_KEI(4.0),CHN,M,CP,IX,_Z,_Z,_Z,2024-04,115.11555996,A,0,1,2015
OECD.SDD.STES:DSD_KEI@DF_KEI(4.0),CHN,M,CP,IX,_Z,_Z,_Z,2024-05,115.11555996,A,0,1,2015
OECD.SDD.STES:DSD_KEI@DF_KEI(4.0),CHN,M,CP,IX,_Z,_Z,_Z,2024-06,114.78092170000001,A,0,1,2015
OECD.SDD.STES:DSD_KEI@DF_KEI(4.0),USA,M,TOCAPA,IX,G45,Y,_Z,2019-11,58.52427442,A,0,1,2015
OECD.SDD.STES:DSD_KEI@DF_KEI(4.0),USA,M,TOCAPA,IX,G45,Y,_Z,2020-04,25.48980541,A,0,1,2015
OECD.SDD.STES:DSD_KEI@DF_KEI(4.0),USA,M,TOCAPA,IX,G45,Y,_Z,2020-05,35.757455,A,0,1,2015
OECD.SDD.STES:DSD_KEI@DF_KEI(4.0),USA,M,TOCAPA,IX,G45,Y,_Z,2020-09,49.39895065,A,0,1,2015
OECD.SDD.STES:DSD_KEI@DF_KEI(4.0),USA,M,TOCAPA,IX,G45,Y,_Z,2021-01,49.10672777,A,0,1,2015
OECD.SDD.STES:DSD_KEI@DF_KEI(4.0),USA,M,TOCAPA,IX,G45,Y,_Z,2021-02,45.60005313,A,0,1,2015
OECD.SDD.STES:DSD_KEI@DF_KEI(4.0),USA,M,TOCAPA,IX,G45,Y,_Z,2021-05,52.94547387,A,0,1,2015
OECD.SDD.STES:DSD_KEI@DF_KEI(4.0),USA,M,TOCAPA,IX,G45,Y,_Z,2021-06,49.013747759999994,A,0,1,2015
OECD.SDD.STES:DSD_KEI@DF_KEI(4.0),USA,M,TOCAPA,IX,G45,Y,_Z,2021-07,46.45015607,A,0,1,2015
OECD.SDD.STES:DSD_KEI@DF_KEI(4.0),USA,M,TOCAPA,IX,G45,Y,_Z,2021-10,33.60563193,A,0,1,2015
OECD.SDD.STES:DSD_KEI@DF_KEI(4.0),USA,M,TOCAPA,IX,G45,Y,_Z,2021-11,35.78402072,A,0,1,2015
OECD.SDD.STES:DSD_KEI@DF_KEI(4.0),USA,M,TOCAPA,IX,G45,Y,_Z,2021-12,36.44816364,A,0,1,2015
OECD.SDD.STES:DSD_KEI@DF_KEI(4.0),USA,M,TOCAPA,IX,G45,Y,_Z,2022-01,39.303978220000005,A,0,1,2015
OECD.SDD.STES:DSD_KEI@DF_KEI(4.0),USA,M,TOCAPA,IX,G45,Y,_Z,2022-02,38.16165239,A,0,1,2015
OECD.SDD.STES:DSD_KEI@DF_KEI(4.0),USA,M,TOCAPA,IX,G45,Y,_Z,2022-03,37.3912466,A,0,1,2015
OECD.SDD.STES:DSD_KEI@DF_KEI(4.0),USA,M,TOCAPA,IX,G45,Y,_Z,2022-04,38.62655243,A,0,1,2015
OECD.SDD.STES:DSD_KEI@DF_KEI(4.0),USA,M,TOCAPA,IX,G45,Y,_Z,2022-06,37.59048947,A,0,1,2015
OECD.SDD.STES:DSD_KEI@DF_KEI(4.0),USA,M,TOCAPA,IX,G45,Y,_Z,2022-08,38.174935250000004,A,0,1,2015
OECD.SDD.STES:DSD_KEI@DF_KEI(4.0),USA,M,TOCAPA,IX,G45,Y,_Z,2022-09,37.78973235,A,0,1,2015
OECD.SDD.STES:DSD_KEI@DF_KEI(4.0),USA,M,TOCAPA,IX,G45,Y,_Z,2022-10,39.56963539,A,0,1,2015
OECD.SDD.STES:DSD_KEI@DF_KEI(4.0),USA,M,TOCAPA,IX,G45,Y,_Z,2022-12,37.0060437,A,0,1,2015
OECD.SDD.STES:DSD_KEI@DF_KEI(4.0),USA,M,TOCAPA,IX,G45,Y,_Z,2023-03,40.73852693,A,0,1,2015
OECD.SDD.STES:DSD_KEI@DF_KEI(4.0),USA,M,TOCAPA,IX,G45,Y,_Z,2023-04,43.24898718,A,0,1,2015
OECD.SDD.STES:DSD_KEI@DF_KEI(4.0),USA,M,TOCAPA,IX,G45,Y,_Z,2023-05,41.09716411,A,0,1,2015
OECD.SDD.STES:DSD_KEI@DF_KEI(4.0),USA,M,TOCAPA,IX,G45,Y,_Z,2003-12,98.50567842,A,0,1,2015
OECD.SDD.STES:DSD_KEI@DF_KEI(4.0),USA,M,TOCAPA,IX,G45,Y,_Z,2010-09,76.49598194000001,A,0,1,2015
OECD.SDD.STES:DSD_KEI@DF_KEI(4.0),USA,M,TOCAPA,IX,G45,Y,_Z,2010-10,76.57567909000001,A,0,1,2015
OECD.SDD.STES:DSD_KEI@DF_KEI(4.0),USA,M,TOCAPA,IX,G45,Y,_Z,2010-11,75.23411037999999,A,0,1,2015
OECD.SDD.STES:DSD_KEI@DF_KEI(4.0),USA,M,TOCAPA,IX,G45,Y,_Z,2010-12,78.74078502,A,0,1,2015
OECD.SDD.STES:DSD_KEI@DF_KEI(4.0),USA,M,TOCAPA,IX,G45,Y,_Z,2011-01,77.04057913,A,0,1,2015
OECD.SDD.STES:DSD_KEI@DF_KEI(4.0),USA,M,TOCAPA,IX,G45,Y,_Z,2011-02,82.91160258,A,0,1,2015
OECD.SDD.STES:DSD_KEI@DF_KEI(4.0),USA,M,TOCAPA,IX,G45,Y,_Z,2011-03,86.98944012999999,A,0,1,2015
OECD.SDD.STES:DSD_KEI@DF_KEI(4.0),USA,M,TOCAPA,IX,G45,Y,_Z,2011-05,78.18290496,A,0,1,2015
OECD.SDD.STES:DSD_KEI@DF_KEI(4.0),USA,M,TOCAPA,IX,G45,Y,_Z,2011-06,75.35365611,A,0,1,2015
OECD.SDD.STES:DSD_KEI@DF_KEI(4.0),USA,M,TOCAPA,IX,G45,Y,_Z,2011-07,76.72179052999999,A,0,1,2015
OECD.SDD.STES:DSD_KEI@DF_KEI(4.0),USA,M,TOCAPA,IX,G45,Y,_Z,2011-08,76.11077904,A,0,1,2015
OECD.SDD.STES:DSD_KEI@DF_KEI(4.0),USA,M,TOCAPA,IX,G45,Y,_Z,2011-11,83.92109982,A,0,1,2015
OECD.SDD.STES:DSD_KEI@DF_KEI(4.0),USA,M,TOCAPA,IX,G45,Y,_Z,2011-12,83.45619977,A,0,1,2015
OECD.SDD.STES:DSD_KEI@DF_KEI(4.0),USA,M,TOCAPA,IX,G45,Y,_Z,2012-03,97.54931261,A,0,1,2015
OECD.SDD.STES:DSD_KEI@DF_KEI(4.0),USA,M,TOCAPA,IX,G45,Y,_Z,2012-06,91.67828917,A,0,1,2015
OECD.SDD.STES:DSD_KEI@DF_KEI(4.0),USA,M,TOCAPA,IX,G45,Y,_Z,2012-07,91.86424919,A,0,1,2015
OECD.SDD.STES:DSD_KEI@DF_KEI(4.0),USA,M,TOCAPA,IX,G45,Y,_Z,2012-08,93.03314073,A,0,1,2015
OECD.SDD.STES:DSD_KEI@DF_KEI(4.0),USA,M,TOCAPA,IX,G45,Y,_Z,2012-09,98.0009298,A,0,1,2015
OECD.SDD.STES:DSD_KEI@DF_KEI(4.0),USA,M,TOCAPA,IX,G45,Y,_Z,2012-10,96.49996679,A,0,1,2015
OECD.SDD.STES:DSD_KEI@DF_KEI(4.0),USA,M,TOCAPA,IX,G45,Y,_Z,2012-11,100.2722986,A,0,1,2015
OECD.SDD.STES:DSD_KEI@DF_KEI(4.0),USA,M,TOCAPA,IX,G45,Y,_Z,2012-12,99.94022714,A,0,1,2015
OECD.SDD.STES:DSD_KEI@DF_KEI(4.0),USA,M,TOCAPA,IX,G45,Y,_Z,2013-01,103.92508467999998,A,0,1,2015
OECD.SDD.STES:DSD_KEI@DF_KEI(4.0),USA,M,TOCAPA,IX,G45,Y,_Z,2013-02,103.07498174,A,0,1,2015
OECD.SDD.STES:DSD_KEI@DF_KEI(4.0),USA,M,TOCAPA,IX,G45,Y,_Z,2013-03,99.44876137,A,0,1,2015
OECD.SDD.STES:DSD_KEI@DF_KEI(4.0),USA,M,TOCAPA,IX,G45,Y,_Z,2013-05,98.81118417,A,0,1,2015
OECD.SDD.STES:DSD_KEI@DF_KEI(4.0),USA,M,TOCAPA,IX,G45,Y,_Z,2013-08,101.12240154,A,0,1,2015
OECD.SDD.STES:DSD_KEI@DF_KEI(4.0),USA,M,TOCAPA,IX,G45,Y,_Z,2013-09,100.96300724,A,0,1,2015
OECD.SDD.STES:DSD_KEI@DF_KEI(4.0),USA,M,TOCAPA,IX,G45,Y,_Z,2013-10,99.01042704,A,0,1,2015
OECD.SDD.STES:DSD_KEI@DF_KEI(4.0),USA,M,TOCAPA,IX,G45,Y,_Z,2013-11,100.7504815,A,0,1,2015
OECD.SDD.STES:DSD_KEI@DF_KEI(4.0),USA,M,TOCAPA,IX,G45,Y,_Z,2013-12,99.50189281,A,0,1,2015
OECD.SDD.STES:DSD_KEI@DF_KEI(4.0),USA,M,TOCAPA,IX,G45,Y,_Z,2014-03,102.13189878,A,0,1,2015
OECD.SDD.STES:DSD_KEI@DF_KEI(4.0),USA,M,TOCAPA,IX,G45,Y,_Z,2014-04,100.61765292,A,0,1,2015
OECD.SDD.STES:DSD_KEI@DF_KEI(4.0),USA,M,TOCAPA,IX,G45,Y,_Z,2014-09,101.2950787,A,0,1,2015
OECD.SDD.STES:DSD_KEI@DF_KEI(4.0),USA,M,TOCAPA,IX,G45,Y,_Z,2024-03,39.63604968,A,0,1,2015
OECD.SDD.STES:DSD_KEI@DF_KEI(4.0),USA,M,TOCAPA,IX,G45,Y,_Z,2024-09,40.326758319999996,A,0,1,2015
OECD.SDD.STES:DSD_KEI@DF_KEI(4.0),USA,M,TOCAPA,IX,G45,Y,_Z,2024-10,40.047818289999995,A,0,1,2015
OECD.SDD.STES:DSD_KEI@DF_KEI(4.0),USA,M,TOCAPA,IX,G45,Y,_Z,2024-11,39.87514113,A,0,1,2015
OECD.SDD.STES:DSD_KEI@DF_KEI(4.0),USA,M,TOCAPA,IX,G45,Y,_Z,2025-02,39.68918111,A,0,1,2015
OECD.SDD.STES:DSD_KEI@DF_KEI(4.0),USA,M,TOCAPA,IX,G45,Y,_Z,2025-03,42.61140998,A,0,1,2015
OECD.SDD.STES:DSD_KEI@DF_KEI(4.0),USA,M,TOCAPA,IX,G45,Y,_Z,2025-04,38.45387527,A,0,1,2015
OECD.SDD.STES:DSD_KEI@DF_KEI(4.0),USA,M,TOCAPA,IX,G45,Y,_Z,2025-05,35.23942352,A,0,1,2015
OECD.SDD.STES:DSD_KEI@DF_KEI(4.0),USA,M,TOCAPA,IX,G45,Y,_Z,2025-06,35.33240353,A,0,1,2015
OECD.SDD.STES:DSD_KEI@DF_KEI(4.0),USA,M,TOCAPA,IX,G45,Y,_Z,2025-11,32.13123464,A,0,1,2015
OECD.SDD.STES:DSD_KEI@DF_KEI(4.0),USA,M,TOCAPA,IX,G45,Y,_Z,2010-01,71.93996148000001,A,0,1,2015
OECD.SDD.STES:DSD_KEI@DF_KEI(4.0),USA,M,TOCAPA,IX,G45,Y,_Z,2010-05,76.01779902999999,A,0,1,2015
OECD.SDD.STES:DSD_KEI@DF_KEI(4.0),USA,M,TOCAPA,IX,G45,Y,_Z,2010-06,74.86219034,A,0,1,2015
OECD.SDD.STES:DSD_KEI@DF_KEI(4.0),USA,M,TOCAPA,IX,G45,Y,_Z,2010-07,76.21704191,A,0,1,2015
OECD.SDD.STES:DSD_KEI@DF_KEI(4.0),USA,M,TOCAPA,IX,G45,Y,_Z,2010-08,76.85461911,A,0,1,2015
OECD.SDD.STES:DSD_KEI@DF_KEI(4.0),USA,M,TOCAPA,IX,G45,Y,_Z,2023-07,42.332469950000004,A,0,1,2015
OECD.SDD.STES:DSD_KEI@DF_KEI(4.0),USA,M,TOCAPA,IX,G45,Y,_Z,2023-08,41.53549844,A,0,1,2015
OECD.SDD.STES:DSD_KEI@DF_KEI(4.0),USA,M,TOCAPA,IX,G45,Y,_Z,2023-09,42.7309557,A,0,1,2015
OECD.SDD.STES:DSD_KEI@DF_KEI(4.0),USA,M,TOCAPA,IX,G45,Y,_Z,2017-11,80.58710234,A,0,1,2015
OECD.SDD.STES:DSD_KEI@DF_KEI(4.0),USA,M,TOCAPA,IX,G45,Y,_Z,2018-08,67.9683868,A,0,1,2015
OECD.SDD.STES:DSD_KEI@DF_KEI(4.0),USA,M,TOCAPA,IX,G45,Y,_Z,2019-04,63.19984061,A,0,1,2015
OECD.SDD.STES:DSD_KEI@DF_KEI(4.0),USA,M,TOCAPA,IX,G45,Y,_Z,2019-05,63.983529260000005,A,0,1,2015
OECD.SDD.STES:DSD_KEI@DF_KEI(4.0),USA,M,TOCAPA,IX,G45,Y,_Z,2019-08,61.898120479999996,A,0,1,2015
OECD.SDD.STES:DSD_KEI@DF_KEI(4.0),USA,M,TOCAPA,IX,G45,Y,_Z,2019-09,61.10114897,A,0,1,2015
OECD.SDD.STES:DSD_KEI@DF_KEI(4.0),USA,M,TOCAPA,IX,G45,Y,_Z,2019-12,61.11443183,A,0,1,2015
OECD.SDD.STES:DSD_KEI@DF_KEI(4.0),USA,M,CP,IX,_Z,_Z,_Z,2014-10,100.17551484,A,0,1,2015
OECD.SDD.STES:DSD_KEI@DF_KEI(4.0),USA,M,CP,IX,_Z,_Z,_Z,2014-11,99.63462535999999,A,0,1,2015
OECD.SDD.STES:DSD_KEI@DF_KEI(4.0),USA,M,CP,IX,_Z,_Z,_Z,2014-12,99.06968698,A,0,1,2015
OECD.SDD.STES:DSD_KEI@DF_KEI(4.0),USA,M,CP,IX,_Z,_Z,_Z,2015-01,98.60347569999999,A,0,1,2015
OECD.SDD.STES:DSD_KEI@DF_KEI(4.0),USA,M,CP,IX,_Z,_Z,_Z,2015-04,99.82364134,A,0,1,2015
OECD.SDD.STES:DSD_KEI@DF_KEI(4.0),USA,M,CP,IX,_Z,_Z,_Z,2015-05,100.33246559999999,A,0,1,2015
OECD.SDD.STES:DSD_KEI@DF_KEI(4.0),USA,M,CP,IX,_Z,_Z,_Z,2015-06,100.68391719,A,0,1,2015
OECD.SDD.STES:DSD_KEI@DF_KEI(4.0),USA,M,CP,IX,_Z,_Z,_Z,2015-07,100.69066776,A,0,1,2015
OECD.SDD.STES:DSD_KEI@DF_KEI(4.0),USA,M,CP,IX,_Z,_Z,_Z,2015-09,100.39153309999999,A,0,1,2015
OECD.SDD.STES:DSD_KEI@DF_KEI(4.0),USA,M,CP,IX,_Z,_Z,_Z,2015-10,100.34638866,A,0,1,2015
OECD.SDD.STES:DSD_KEI@DF_KEI(4.0),USA,M,CP,IX,_Z,_Z,_Z,2015-11,100.1345895,A,0,1,2015
OECD.SDD.STES:DSD_KEI@DF_KEI(4.0),USA,M,CP,IX,_Z,_Z,_Z,2015-12,99.79241995,A,0,1,2015
OECD.SDD.STES:DSD_KEI@DF_KEI(4.0),USA,M,CP,IX,_Z,_Z,_Z,2016-03,100.47043039,A,0,1,2015
OECD.SDD.STES:DSD_KEI@DF_KEI(4.0),USA,M,CP,IX,_Z,_Z,_Z,2016-04,100.94676753,A,0,1,2015
OECD.SDD.STES:DSD_KEI@DF_KEI(4.0),USA,M,CP,IX,_Z,_Z,_Z,2016-05,101.35517704999998,A,0,1,2015
OECD.SDD.STES:DSD_KEI@DF_KEI(4.0),USA,M,CP,IX,_Z,_Z,_Z,2016-06,101.68806457,A,0,1,2015
OECD.SDD.STES:DSD_KEI@DF_KEI(4.0),USA,M,CP,IX,_Z,_Z,_Z,2016-09,101.86104793999999,A,0,1,2015
OECD.SDD.STES:DSD_KEI@DF_KEI(4.0),USA,M,CP,IX,_Z,_Z,_Z,2016-11,101.82940464,A,0,1,2015
OECD.SDD.STES:DSD_KEI@DF_KEI(4.0),USA,M,CP,IX,_Z,_Z,_Z,2016-12,101.86273558,A,0,1,2015
OECD.SDD.STES:DSD_KEI@DF_KEI(4.0),USA,M,CP,IX,_Z,_Z,_Z,2017-01,102.45636388999999,A,0,1,2015
OECD.SDD.STES:DSD_KEI@DF_KEI(4.0),USA,M,CP,IX,_Z,_Z,_Z,2017-02,102.77870363999999,A,0,1,2015
OECD.SDD.STES:DSD_KEI@DF_KEI(4.0),USA,M,CP,IX,_Z,_Z,_Z,2017-03,102.86224195,A,0,1,2015
OECD.SDD.STES:DSD_KEI@DF_KEI(4.0),USA,M,CP,IX,_Z,_Z,_Z,2017-04,103.16728336,A,0,1,2015
OECD.SDD.STES:DSD_KEI@DF_KEI(4.0),USA,M,CP,IX,_Z,_Z,_Z,2017-05,103.25546269,A,0,1,2015
OECD.SDD.STES:DSD_KEI@DF_KEI(4.0),CHN,M,CP,IX,_Z,_Z,_Z,2000-03,70.86145963,A,0,1,2015
OECD.SDD.STES:DSD_KEI@DF_KEI(4.0),USA,M,CP,IX,_Z,_Z,_Z,2017-06,103.34912686,A,0,1,2015
OECD.SDD.STES:DSD_KEI@DF_KEI(4.0),USA,M,CP,IX,_Z,_Z,_Z,2017-07,103.27782395,A,0,1,2015
OECD.SDD.STES:DSD_KEI@DF_KEI(4.0),USA,M,CP,IX,_Z,_Z,_Z,2017-11,104.07228174000001,A,0,1,2015
OECD.SDD.STES:DSD_KEI@DF_KEI(4.0),USA,M,CP,IX,_Z,_Z,_Z,2017-12,104.01110468999998,A,0,1,2015
OECD.SDD.STES:DSD_KEI@DF_KEI(4.0),USA,M,CP,IX,_Z,_Z,_Z,2018-03,105.289494,A,0,1,2015
OECD.SDD.STES:DSD_KEI@DF_KEI(4.0),USA,M,CP,IX,_Z,_Z,_Z,2018-05,106.14766029,A,0,1,2015
OECD.SDD.STES:DSD_KEI@DF_KEI(4.0),USA,M,CP,IX,_Z,_Z,_Z,2018-07,106.32401895000001,A,0,1,2015
OECD.SDD.STES:DSD_KEI@DF_KEI(4.0),USA,M,CP,IX,_Z,_Z,_Z,2018-08,106.38308645000001,A,0,1,2015
OECD.SDD.STES:DSD_KEI@DF_KEI(4.0),USA,M,CP,IX,_Z,_Z,_Z,2018-09,106.50670627000001,A,0,1,2015
OECD.SDD.STES:DSD_KEI@DF_KEI(4.0),USA,M,CP,IX,_Z,_Z,_Z,2018-10,106.69487843,A,0,1,2015
OECD.SDD.STES:DSD_KEI@DF_KEI(4.0),USA,M,CP,IX,_Z,_Z,_Z,2018-12,105.99788201,A,0,1,2015
OECD.SDD.STES:DSD_KEI@DF_KEI(4.0),USA,M,CP,IX,_Z,_Z,_Z,2019-02,106.64889016000001,A,0,1,2015
OECD.SDD.STES:DSD_KEI@DF_KEI(4.0),USA,M,CP,IX,_Z,_Z,_Z,2019-03,107.25053476999999,A,0,1,2015
OECD.SDD.STES:DSD_KEI@DF_KEI(4.0),USA,M,CP,IX,_Z,_Z,_Z,2019-05,108.04794593,A,0,1,2015
OECD.SDD.STES:DSD_KEI@DF_KEI(4.0),USA,M,CP,IX,_Z,_Z,_Z,2019-07,108.25004114000001,A,0,1,2015
OECD.SDD.STES:DSD_KEI@DF_KEI(4.0),USA,M,CP,IX,_Z,_Z,_Z,2019-08,108.2445563,A,0,1,2015
OECD.SDD.STES:DSD_KEI@DF_KEI(4.0),USA,M,TOCAPA,IX,G45,Y,_Z,2007-09,99.91366142,A,0,1,2015
OECD.SDD.STES:DSD_KEI@DF_KEI(4.0),USA,M,TOCAPA,IX,G45,Y,_Z,2007-10,99.94022714,A,0,1,2015
OECD.SDD.STES:DSD_KEI@DF_KEI(4.0),USA,M,TOCAPA,IX,G45,Y,_Z,2007-11,105.02756193,A,0,1,2015
OECD.SDD.STES:DSD_KEI@DF_KEI(4.0),USA,M,TOCAPA,IX,G45,Y,_Z,2008-01,98.55880986,A,0,1,2015
OECD.SDD.STES:DSD_KEI@DF_KEI(4.0),USA,M,TOCAPA,IX,G45,Y,_Z,2008-03,96.75234110000001,A,0,1,2015
OECD.SDD.STES:DSD_KEI@DF_KEI(4.0),USA,M,TOCAPA,IX,G45,Y,_Z,2008-04,97.31022116,A,0,1,2015
OECD.SDD.STES:DSD_KEI@DF_KEI(4.0),USA,M,TOCAPA,IX,G45,Y,_Z,2008-05,105.69170485,A,0,1,2015
OECD.SDD.STES:DSD_KEI@DF_KEI(4.0),USA,M,TOCAPA,IX,G45,Y,_Z,2008-07,93.28551503999999,A,0,1,2015
OECD.SDD.STES:DSD_KEI@DF_KEI(4.0),USA,M,TOCAPA,IX,G45,Y,_Z,2008-08,91.57202629999999,A,0,1,2015
OECD.SDD.STES:DSD_KEI@DF_KEI(4.0),USA,M,TOCAPA,IX,G45,Y,_Z,2008-09,84.81105133999999,A,0,1,2015
OECD.SDD.STES:DSD_KEI@DF_KEI(4.0),USA,M,TOCAPA,IX,G45,Y,_Z,2008-10,75.63259613,A,0,1,2015
OECD.SDD.STES:DSD_KEI@DF_KEI(4.0),USA,M,TOCAPA,IX,G45,Y,_Z,2008-11,68.03480109,A,0,1,2015
OECD.SDD.STES:DSD_KEI@DF_KEI(4.0),USA,M,TOCAPA,IX,G45,Y,_Z,2008-12,68.39343826999999,A,0,1,2015
OECD.SDD.STES:DSD_KEI@DF_KEI(4.0),USA,M,TOCAPA,IX,G45,Y,_Z,2009-01,60.72922893,A,0,1,2015
OECD.SDD.STES:DSD_KEI@DF_KEI(4.0),USA,M,TOCAPA,IX,G45,Y,_Z,2009-02,59.321245929999996,A,0,1,2015
OECD.SDD.STES:DSD_KEI@DF_KEI(4.0),USA,M,TOCAPA,IX,G45,Y,_Z,2009-04,61.685594740000006,A,0,1,2015
OECD.SDD.STES:DSD_KEI@DF_KEI(4.0),USA,M,TOCAPA,IX,G45,Y,_Z,2009-05,65.93610945,A,0,1,2015
OECD.SDD.STES:DSD_KEI@DF_KEI(4.0),USA,M,TOCAPA,IX,G45,Y,_Z,2009-06,68.56611543,A,0,1,2015
OECD.SDD.STES:DSD_KEI@DF_KEI(4.0),USA,M,TOCAPA,IX,G45,Y,_Z,2009-08,108.98585376,A,0,1,2015
OECD.SDD.STES:DSD_KEI@DF_KEI(4.0),USA,M,TOCAPA,IX,G45,Y,_Z,2009-10,71.80713289,A,0,1,2015
OECD.SDD.STES:DSD_KEI@DF_KEI(4.0),USA,M,TOCAPA,IX,G45,Y,_Z,2009-12,77.02729627,A,0,1,2015
OECD.SDD.STES:DSD_KEI@DF_KEI(4.0),USA,M,TOCAPA,IX,G45,Y,_Z,2001-03,109.74297668999999,A,0,1,2015
OECD.SDD.STES:DSD_KEI@DF_KEI(4.0),USA,M,TOCAPA,IX,G45,Y,_Z,2001-04,110.36727103999999,A,0,1,2015
OECD.SDD.STES:DSD_KEI@DF_KEI(4.0),USA,M,TOCAPA,IX,G45,Y,_Z,2001-05,110.30085674,A,0,1,2015
OECD.SDD.STES:DSD_KEI@DF_KEI(4.0),USA,M,TOCAPA,IX,G45,Y,_Z,2001-06,110.56651391000001,A,0,1,2015
OECD.SDD.STES:DSD_KEI@DF_KEI(4.0),USA,M,TOCAPA,IX,G45,Y,_Z,2001-07,104.40326758,A,0,1,2015
OECD.SDD.STES:DSD_KEI@DF_KEI(4.0),USA,M,TOCAPA,IX,G45,Y,_Z,2001-08,102.75619313,A,0,1,2015
OECD.SDD.STES:DSD_KEI@DF_KEI(4.0),USA,M,TOCAPA,IX,G45,Y,_Z,2001-09,102.80932457,A,0,1,2015
OECD.SDD.STES:DSD_KEI@DF_KEI(4.0),USA,M,TOCAPA,IX,G45,Y,_Z,2001-11,110.76575679,A,0,1,2015
OECD.SDD.STES:DSD_KEI@DF_KEI(4.0),USA,M,TOCAPA,IX,G45,Y,_Z,2001-12,98.05406123,A,0,1,2015
OECD.SDD.STES:DSD_KEI@DF_KEI(4.0),USA,M,TOCAPA,IX,G45,Y,_Z,2002-02,106.27615063,A,0,1,2015
OECD.SDD.STES:DSD_KEI@DF_KEI(4.0),USA,M,TOCAPA,IX,G45,Y,_Z,2002-03,107.13953643,A,0,1,2015
OECD.SDD.STES:DSD_KEI@DF_KEI(4.0),USA,M,TOCAPA,IX,G45,Y,_Z,2002-06,106.68791924,A,0,1,2015
OECD.SDD.STES:DSD_KEI@DF_KEI(4.0),USA,M,TOCAPA,IX,G45,Y,_Z,2002-07,114.20601713,A,0,1,2015
OECD.SDD.STES:DSD_KEI@DF_KEI(4.0),USA,M,TOCAPA,IX,G45,Y,_Z,2002-08,113.38247990999999,A,0,1,2015
OECD.SDD.STES:DSD_KEI@DF_KEI(4.0),USA,M,TOCAPA,IX,G45,Y,_Z,2002-09,105.02756193,A,0,1,2015
OECD.SDD.STES:DSD_KEI@DF_KEI(4.0),USA,M,TOCAPA,IX,G45,Y,_Z,2002-10,100.20588430999999,A,0,1,2015
OECD.SDD.STES:DSD_KEI@DF_KEI(4.0),USA,M,TOCAPA,IX,G45,Y,_Z,2002-11,104.17745898999999,A,0,1,2015
OECD.SDD.STES:DSD_KEI@DF_KEI(4.0),USA,M,TOCAPA,IX,G45,Y,_Z,2003-01,107.05983928,A,0,1,2015
OECD.SDD.STES:DSD_KEI@DF_KEI(4.0),USA,M,TOCAPA,IX,G45,Y,_Z,2003-02,98.87759846,A,0,1,2015
OECD.SDD.STES:DSD_KEI@DF_KEI(4.0),USA,M,TOCAPA,IX,G45,Y,_Z,2003-04,98.17360696,A,0,1,2015
OECD.SDD.STES:DSD_KEI@DF_KEI(4.0),USA,M,TOCAPA,IX,G45,Y,_Z,2003-07,100.45825862,A,0,1,2015
OECD.SDD.STES:DSD_KEI@DF_KEI(4.0),USA,M,TOCAPA,IX,G45,Y,_Z,2003-10,95.59673242,A,0,1,2015
OECD.SDD.STES:DSD_KEI@DF_KEI(4.0),USA,M,TOCAPA,IX,G45,Y,_Z,2003-11,102.88902172,A,0,1,2015
OECD.SDD.STES:DSD_KEI@DF_KEI(4.0),USA,M,TOCAPA,IX,G45,Y,_Z,2000-01,123.62356378999999,A,0,1,2015
OECD.SDD.STES:DSD_KEI@DF_KEI(4.0),USA,M,TOCAPA,IX,G45,Y,_Z,2000-03,119.14724049,A,0,1,2015
OECD.SDD.STES:DSD_KEI@DF_KEI(4.0),USA,M,TOCAPA,IX,G45,Y,_Z,2000-04,118.25728897,A,0,1,2015
OECD.SDD.STES:DSD_KEI@DF_KEI(4.0),USA,M,TOCAPA,IX,G45,Y,_Z,2000-05,117.91193465,A,0,1,2015
OECD.SDD.STES:DSD_KEI@DF_KEI(4.0),USA,M,TOCAPA,IX,G45,Y,_Z,2000-06,116.2648602,A,0,1,2015
OECD.SDD.STES:DSD_KEI@DF_KEI(4.0),USA,M,TOCAPA,IX,G45,Y,_Z,2000-08,114.19273428000001,A,0,1,2015
OECD.SDD.STES:DSD_KEI@DF_KEI(4.0),USA,M,TOCAPA,IX,G45,Y,_Z,2000-09,118.92143189,A,0,1,2015
OECD.SDD.STES:DSD_KEI@DF_KEI(4.0),USA,M,TOCAPA,IX,G45,Y,_Z,2000-10,114.16616855999999,A,0,1,2015
OECD.SDD.STES:DSD_KEI@DF_KEI(4.0),USA,M,TOCAPA,IX,G45,Y,_Z,2000-12,106.02377632,A,0,1,2015
OECD.SDD.STES:DSD_KEI@DF_KEI(4.0),USA,M,TOCAPA,IX,G45,Y,_Z,2001-02,117.95178322,A,0,1,2015
OECD.SDD.STES:DSD_KEI@DF_KEI(4.0),USA,M,TOCAPA,IX,G45,Y,_Z,2025-07,34.66826061,A,0,1,2015
OECD.SDD.STES:DSD_KEI@DF_KEI(4.0),USA,M,TOCAPA,IX,G45,Y,_Z,2025-08,35.85043501,A,0,1,2015
OECD.SDD.STES:DSD_KEI@DF_KEI(4.0),USA,M,TOCAPA,IX,G45,Y,_Z,2025-10,32.92820615,A,0,1,2015
OECD.SDD.STES:DSD_KEI@DF_KEI(4.0),USA,M,TOCAPA,IX,G45,Y,_Z,2025-12,35.46523212,A,0,1,2015
OECD.SDD.STES:DSD_KEI@DF_KEI(4.0),USA,M,TOCAPA,IX,G45,Y,_Z,2026-01,32.609417546656,A,0,1,2015
OECD.SDD.STES:DSD_KEI@DF_KEI(4.0),USA,M,TOCAPA,IX,G45,Y,_Z,2026-02,33.9377033937704,A,0,1,2015
OECD.SDD.STES:DSD_KEI@DF_KEI(4.0),USA,M,TOCAPA,IX,G45,Y,_Z,2026-03,34.4823005910872,A,0,1,2015
OECD.SDD.STES:DSD_KEI@DF_KEI(4.0),USA,M,TOCAPA,IX,G45,Y,_Z,2026-04,36.1160921830377,A,0,1,2015
OECD.SDD.STES:DSD_KEI@DF_KEI(4.0),USA,M,TOCAPA,IX,G45,Y,_Z,2026-05,35.3191206747692,A,0,1,2015
OECD.SDD.STES:DSD_KEI@DF_KEI(4.0),USA,M,TOCAPA,IX,G45,Y,_Z,2026-06,35.9301321644418,A,0,1,2015
OECD.SDD.STES:DSD_KEI@DF_KEI(4.0),USA,M,TOCAPA,IX,G45,Y,_Z,2000-02,127.06382412999999,A,0,1,2015
OECD.SDD.STES:DSD_KEI@DF_KEI(4.0),USA,M,TOCAPA,IX,G45,Y,_Z,2000-07,114.19273428000001,A,0,1,2015
OECD.SDD.STES:DSD_KEI@DF_KEI(4.0),USA,M,TOCAPA,IX,G45,Y,_Z,2000-11,109.37105665,A,0,1,2015
OECD.SDD.STES:DSD_KEI@DF_KEI(4.0),USA,M,TOCAPA,IX,G45,Y,_Z,2001-01,115.69369728000001,A,0,1,2015
OECD.SDD.STES:DSD_KEI@DF_KEI(4.0),USA,M,TOCAPA,IX,G45,Y,_Z,2001-10,137.86278807,A,0,1,2015
OECD.SDD.STES:DSD_KEI@DF_KEI(4.0),USA,M,TOCAPA,IX,G45,Y,_Z,2002-01,101.57401873,A,0,1,2015
OECD.SDD.STES:DSD_KEI@DF_KEI(4.0),USA,M,TOCAPA,IX,G45,Y,_Z,2002-04,111.94793118999999,A,0,1,2015
OECD.SDD.STES:DSD_KEI@DF_KEI(4.0),USA,M,TOCAPA,IX,G45,Y,_Z,2002-05,103.93836754,A,0,1,2015
OECD.SDD.STES:DSD_KEI@DF_KEI(4.0),USA,M,TOCAPA,IX,G45,Y,_Z,2002-12,107.31221359,A,0,1,2015
OECD.SDD.STES:DSD_KEI@DF_KEI(4.0),USA,M,TOCAPA,IX,G45,Y,_Z,2003-03,100.61765292,A,0,1,2015
OECD.SDD.STES:DSD_KEI@DF_KEI(4.0),USA,M,TOCAPA,IX,G45,Y,_Z,2003-05,96.36713821000001,A,0,1,2015
OECD.SDD.STES:DSD_KEI@DF_KEI(4.0),USA,M,TOCAPA,IX,G45,Y,_Z,2003-06,101.41462443,A,0,1,2015
OECD.SDD.STES:DSD_KEI@DF_KEI(4.0),USA,M,TOCAPA,IX,G45,Y,_Z,2003-08,103.68599323000001,A,0,1,2015
OECD.SDD.STES:DSD_KEI@DF_KEI(4.0),USA,M,TOCAPA,IX,G45,Y,_Z,2003-09,100.67078435,A,0,1,2015
OECD.SDD.STES:DSD_KEI@DF_KEI(4.0),USA,M,TOCAPA,IX,G45,Y,_Z,2004-01,93.60430364999999,A,0,1,2015
OECD.SDD.STES:DSD_KEI@DF_KEI(4.0),USA,M,TOCAPA,IX,G45,Y,_Z,2004-03,102.30457593999999,A,0,1,2015
OECD.SDD.STES:DSD_KEI@DF_KEI(4.0),USA,M,TOCAPA,IX,G45,Y,_Z,2004-08,96.23430962,A,0,1,2015
OECD.SDD.STES:DSD_KEI@DF_KEI(4.0),USA,M,TOCAPA,IX,G45,Y,_Z,2004-09,97.80168692,A,0,1,2015
OECD.SDD.STES:DSD_KEI@DF_KEI(4.0),USA,M,TOCAPA,IX,G45,Y,_Z,2004-10,100.65750148999999,A,0,1,2015
OECD.SDD.STES:DSD_KEI@DF_KEI(4.0),CHN,M,CP,IX,_Z,_Z,_Z,2020-08,111.5,A,0,1,2015
OECD.SDD.STES:DSD_KEI@DF_KEI(4.0),CHN,M,CP,IX,_Z,_Z,_Z,2020-09,111.7,A,0,1,2015
OECD.SDD.STES:DSD_KEI@DF_KEI(4.0),CHN,M,CP,IX,_Z,_Z,_Z,2020-11,110.7,A,0,1,2015
OECD.SDD.STES:DSD_KEI@DF_KEI(4.0),CHN,M,CP,IX,_Z,_Z,_Z,2020-12,111.5,A,0,1,2015
OECD.SDD.STES:DSD_KEI@DF_KEI(4.0),CHN,M,CP,IX,_Z,_Z,_Z,2021-01,112.55,A,0,1,2015
OECD.SDD.STES:DSD_KEI@DF_KEI(4.0),CHN,M,CP,IX,_Z,_Z,_Z,2026-03,116.30333255000001,A,0,1,2015
OECD.SDD.STES:DSD_KEI@DF_KEI(4.0),CHN,M,CP,IX,_Z,_Z,_Z,2026-04,116.41007176,A,0,1,2015
OECD.SDD.STES:DSD_KEI@DF_KEI(4.0),CHN,M,CP,IX,_Z,_Z,_Z,2026-05,116.41064919192301,A,0,1,2015
OECD.SDD.STES:DSD_KEI@DF_KEI(4.0),CHN,M,CP,IX,_Z,_Z,_Z,2026-06,116.05639944764098,A,0,1,2015
OECD.SDD.STES:DSD_KEI@DF_KEI(4.0),USA,M,CP,IX,_Z,_Z,_Z,2006-06,85.60567384999999,A,0,1,2015
OECD.SDD.STES:DSD_KEI@DF_KEI(4.0),USA,M,CP,IX,_Z,_Z,_Z,2006-08,86.02758452,A,0,1,2015
OECD.SDD.STES:DSD_KEI@DF_KEI(4.0),USA,M,CP,IX,_Z,_Z,_Z,2006-09,85.60567384999999,A,0,1,2015
OECD.SDD.STES:DSD_KEI@DF_KEI(4.0),USA,M,CP,IX,_Z,_Z,_Z,2006-10,85.14157211999999,A,0,1,2015
OECD.SDD.STES:DSD_KEI@DF_KEI(4.0),USA,M,CP,IX,_Z,_Z,_Z,2006-11,85.01499892,A,0,1,2015
OECD.SDD.STES:DSD_KEI@DF_KEI(4.0),USA,M,CP,IX,_Z,_Z,_Z,2007-01,85.40146909,A,0,1,2015
OECD.SDD.STES:DSD_KEI@DF_KEI(4.0),USA,M,CP,IX,_Z,_Z,_Z,2007-04,87.20302763,A,0,1,2015
OECD.SDD.STES:DSD_KEI@DF_KEI(4.0),USA,M,CP,IX,_Z,_Z,_Z,2007-06,87.9059308,A,0,1,2015
OECD.SDD.STES:DSD_KEI@DF_KEI(4.0),USA,M,CP,IX,_Z,_Z,_Z,2007-10,88.15232663,A,0,1,2015
OECD.SDD.STES:DSD_KEI@DF_KEI(4.0),USA,M,CP,IX,_Z,_Z,_Z,2007-12,88.61642836,A,0,1,2015
OECD.SDD.STES:DSD_KEI@DF_KEI(4.0),USA,M,CP,IX,_Z,_Z,_Z,2008-01,89.05690308999999,A,0,1,2015
OECD.SDD.STES:DSD_KEI@DF_KEI(4.0),USA,M,CP,IX,_Z,_Z,_Z,2008-08,92.43471987,A,0,1,2015
OECD.SDD.STES:DSD_KEI@DF_KEI(4.0),CHN,M,CP,IX,_Z,_Z,_Z,2015-06,99.49999998999999,A,0,1,2015
OECD.SDD.STES:DSD_KEI@DF_KEI(4.0),USA,M,CP,IX,_Z,_Z,_Z,2000-02,71.64043086000001,A,0,1,2015
OECD.SDD.STES:DSD_KEI@DF_KEI(4.0),USA,M,CP,IX,_Z,_Z,_Z,2000-03,72.23110579,A,0,1,2015
OECD.SDD.STES:DSD_KEI@DF_KEI(4.0),USA,M,CP,IX,_Z,_Z,_Z,2000-04,72.27329685,A,0,1,2015
OECD.SDD.STES:DSD_KEI@DF_KEI(4.0),USA,M,CP,IX,_Z,_Z,_Z,2000-06,72.73739858,A,0,1,2015
OECD.SDD.STES:DSD_KEI@DF_KEI(4.0),USA,M,CP,IX,_Z,_Z,_Z,2000-08,72.90616285,A,0,1,2015
OECD.SDD.STES:DSD_KEI@DF_KEI(4.0),USA,M,CP,IX,_Z,_Z,_Z,2000-09,73.28588244999999,A,0,1,2015
OECD.SDD.STES:DSD_KEI@DF_KEI(4.0),USA,M,CP,IX,_Z,_Z,_Z,2000-10,73.41245565,A,0,1,2015
OECD.SDD.STES:DSD_KEI@DF_KEI(4.0),USA,M,CP,IX,_Z,_Z,_Z,2000-12,73.41245565,A,0,1,2015
OECD.SDD.STES:DSD_KEI@DF_KEI(4.0),USA,M,CP,IX,_Z,_Z,_Z,2001-01,73.87655738,A,0,1,2015
OECD.SDD.STES:DSD_KEI@DF_KEI(4.0),USA,M,CP,IX,_Z,_Z,_Z,2001-02,74.17189484,A,0,1,2015
OECD.SDD.STES:DSD_KEI@DF_KEI(4.0),USA,M,CP,IX,_Z,_Z,_Z,2001-04,74.63599656999999,A,0,1,2015
OECD.SDD.STES:DSD_KEI@DF_KEI(4.0),USA,M,CP,IX,_Z,_Z,_Z,2001-05,74.97352511,A,0,1,2015
OECD.SDD.STES:DSD_KEI@DF_KEI(4.0),USA,M,CP,IX,_Z,_Z,_Z,2001-07,74.88914297,A,0,1,2015
OECD.SDD.STES:DSD_KEI@DF_KEI(4.0),USA,M,CP,IX,_Z,_Z,_Z,2001-09,75.2266715,A,0,1,2015
OECD.SDD.STES:DSD_KEI@DF_KEI(4.0),USA,M,CP,IX,_Z,_Z,_Z,2001-12,74.55161444,A,0,1,2015
OECD.SDD.STES:DSD_KEI@DF_KEI(4.0),USA,M,CP,IX,_Z,_Z,_Z,2002-01,74.72037871,A,0,1,2015
OECD.SDD.STES:DSD_KEI@DF_KEI(4.0),USA,M,CP,IX,_Z,_Z,_Z,2002-04,75.85953749999999,A,0,1,2015
OECD.SDD.STES:DSD_KEI@DF_KEI(4.0),USA,M,CP,IX,_Z,_Z,_Z,2002-05,75.85953749999999,A,0,1,2015
OECD.SDD.STES:DSD_KEI@DF_KEI(4.0),USA,M,CP,IX,_Z,_Z,_Z,2002-06,75.90172857,A,0,1,2015
OECD.SDD.STES:DSD_KEI@DF_KEI(4.0),CHN,M,CP,IX,_Z,_Z,_Z,2024-07,115.33865213,A,0,1,2015
OECD.SDD.STES:DSD_KEI@DF_KEI(4.0),CHN,M,CP,IX,_Z,_Z,_Z,2024-09,115.78483646999999,A,0,1,2015
OECD.SDD.STES:DSD_KEI@DF_KEI(4.0),CHN,M,CP,IX,_Z,_Z,_Z,2024-10,115.56174429999999,A,0,1,2015
OECD.SDD.STES:DSD_KEI@DF_KEI(4.0),CHN,M,CP,IX,_Z,_Z,_Z,2024-11,114.89246779,A,0,1,2015
OECD.SDD.STES:DSD_KEI@DF_KEI(4.0),CHN,M,CP,IX,_Z,_Z,_Z,2024-12,114.89246779,A,0,1,2015
OECD.SDD.STES:DSD_KEI@DF_KEI(4.0),CHN,M,CP,IX,_Z,_Z,_Z,2025-01,115.56174429999999,A,0,1,2015
OECD.SDD.STES:DSD_KEI@DF_KEI(4.0),CHN,M,CP,IX,_Z,_Z,_Z,2025-03,115.11555996,A,0,1,2015
OECD.SDD.STES:DSD_KEI@DF_KEI(4.0),CHN,M,CP,IX,_Z,_Z,_Z,2025-04,115.02971409,A,0,1,2015
OECD.SDD.STES:DSD_KEI@DF_KEI(4.0),CHN,M,CP,IX,_Z,_Z,_Z,2025-06,114.90732617999998,A,0,1,2015
OECD.SDD.STES:DSD_KEI@DF_KEI(4.0),CHN,M,CP,IX,_Z,_Z,_Z,2025-07,115.35915430000001,A,0,1,2015
OECD.SDD.STES:DSD_KEI@DF_KEI(4.0),CHN,M,CP,IX,_Z,_Z,_Z,2025-08,115.36327481,A,0,1,2015
OECD.SDD.STES:DSD_KEI@DF_KEI(4.0),CHN,M,CP,IX,_Z,_Z,_Z,2025-09,115.47136496999998,A,0,1,2015
OECD.SDD.STES:DSD_KEI@DF_KEI(4.0),CHN,M,CP,IX,_Z,_Z,_Z,2025-10,115.82897842,A,0,1,2015
OECD.SDD.STES:DSD_KEI@DF_KEI(4.0),CHN,M,CP,IX,_Z,_Z,_Z,2025-11,115.71489532000001,A,0,1,2015
OECD.SDD.STES:DSD_KEI@DF_KEI(4.0),CHN,M,CP,IX,_Z,_Z,_Z,2026-01,115.8264813,A,0,1,2015
OECD.SDD.STES:DSD_KEI@DF_KEI(4.0),CHN,M,CP,IX,_Z,_Z,_Z,2026-02,116.87485357,A,0,1,2015
OECD.SDD.STES:DSD_KEI@DF_KEI(4.0),CHN,M,CP,IX,_Z,_Z,_Z,2009-03,84.45707035999999,A,0,1,2015
OECD.SDD.STES:DSD_KEI@DF_KEI(4.0),CHN,M,CP,IX,_Z,_Z,_Z,2009-04,84.28815601000001,A,0,1,2015
OECD.SDD.STES:DSD_KEI@DF_KEI(4.0),CHN,M,CP,IX,_Z,_Z,_Z,2009-05,84.03529212000001,A,0,1,2015
OECD.SDD.STES:DSD_KEI@DF_KEI(4.0),CHN,M,CP,IX,_Z,_Z,_Z,2009-06,83.61511537,A,0,1,2015
OECD.SDD.STES:DSD_KEI@DF_KEI(4.0),CHN,M,CP,IX,_Z,_Z,_Z,2009-07,83.61511537,A,0,1,2015
OECD.SDD.STES:DSD_KEI@DF_KEI(4.0),CHN,M,CP,IX,_Z,_Z,_Z,2009-08,84.03319097,A,0,1,2015
OECD.SDD.STES:DSD_KEI@DF_KEI(4.0),CHN,M,CP,IX,_Z,_Z,_Z,2009-09,84.36931475,A,0,1,2015
OECD.SDD.STES:DSD_KEI@DF_KEI(4.0),CHN,M,CP,IX,_Z,_Z,_Z,2009-10,84.28702166000001,A,0,1,2015
OECD.SDD.STES:DSD_KEI@DF_KEI(4.0),CHN,M,CP,IX,_Z,_Z,_Z,2009-11,84.54066479,A,0,1,2015
OECD.SDD.STES:DSD_KEI@DF_KEI(4.0),CHN,M,CP,IX,_Z,_Z,_Z,2009-12,85.38614188,A,0,1,2015
OECD.SDD.STES:DSD_KEI@DF_KEI(4.0),CHN,M,CP,IX,_Z,_Z,_Z,2010-01,85.89342816,A,0,1,2015
OECD.SDD.STES:DSD_KEI@DF_KEI(4.0),CHN,M,CP,IX,_Z,_Z,_Z,2010-03,86.31616670999999,A,0,1,2015
OECD.SDD.STES:DSD_KEI@DF_KEI(4.0),CHN,M,CP,IX,_Z,_Z,_Z,2010-04,86.49230778,A,0,1,2015
OECD.SDD.STES:DSD_KEI@DF_KEI(4.0),CHN,M,CP,IX,_Z,_Z,_Z,2010-06,85.88638251,A,0,1,2015
OECD.SDD.STES:DSD_KEI@DF_KEI(4.0),CHN,M,CP,IX,_Z,_Z,_Z,2010-07,86.231619,A,0,1,2015
OECD.SDD.STES:DSD_KEI@DF_KEI(4.0),CHN,M,CP,IX,_Z,_Z,_Z,2010-08,86.74595091,A,0,1,2015
OECD.SDD.STES:DSD_KEI@DF_KEI(4.0),CHN,M,CP,IX,_Z,_Z,_Z,2010-09,87.26732845000001,A,0,1,2015
OECD.SDD.STES:DSD_KEI@DF_KEI(4.0),CHN,M,CP,IX,_Z,_Z,_Z,2010-11,88.84555238,A,0,1,2015
OECD.SDD.STES:DSD_KEI@DF_KEI(4.0),CHN,M,CP,IX,_Z,_Z,_Z,2010-12,89.28942786,A,0,1,2015
OECD.SDD.STES:DSD_KEI@DF_KEI(4.0),CHN,M,CP,IX,_Z,_Z,_Z,2011-02,91.33716845999999,A,0,1,2015
OECD.SDD.STES:DSD_KEI@DF_KEI(4.0),CHN,M,CP,IX,_Z,_Z,_Z,2011-03,91.1538313,A,0,1,2015
OECD.SDD.STES:DSD_KEI@DF_KEI(4.0),CHN,M,CP,IX,_Z,_Z,_Z,2011-04,91.24549989,A,0,1,2015
OECD.SDD.STES:DSD_KEI@DF_KEI(4.0),CHN,M,CP,IX,_Z,_Z,_Z,2011-05,91.33716845999999,A,0,1,2015
OECD.SDD.STES:DSD_KEI@DF_KEI(4.0),CHN,M,CP,IX,_Z,_Z,_Z,2011-07,92.01404931,A,0,1,2015
OECD.SDD.STES:DSD_KEI@DF_KEI(4.0),CHN,M,CP,IX,_Z,_Z,_Z,2011-08,92.27545285999999,A,0,1,2015
OECD.SDD.STES:DSD_KEI@DF_KEI(4.0),CHN,M,CP,IX,_Z,_Z,_Z,2011-09,92.71112543,A,0,1,2015
OECD.SDD.STES:DSD_KEI@DF_KEI(4.0),CHN,M,CP,IX,_Z,_Z,_Z,2011-10,92.79825996,A,0,1,2015
OECD.SDD.STES:DSD_KEI@DF_KEI(4.0),CHN,M,CP,IX,_Z,_Z,_Z,2011-12,92.88539447000001,A,0,1,2015
OECD.SDD.STES:DSD_KEI@DF_KEI(4.0),CHN,M,CP,IX,_Z,_Z,_Z,2012-02,94.19241221,A,0,1,2015
OECD.SDD.STES:DSD_KEI@DF_KEI(4.0),CHN,M,CP,IX,_Z,_Z,_Z,2012-03,94.36668125,A,0,1,2015
OECD.SDD.STES:DSD_KEI@DF_KEI(4.0),CHN,M,CP,IX,_Z,_Z,_Z,2012-04,94.27954672999999,A,0,1,2015
OECD.SDD.STES:DSD_KEI@DF_KEI(4.0),CHN,M,CP,IX,_Z,_Z,_Z,2012-05,94.01814319,A,0,1,2015
OECD.SDD.STES:DSD_KEI@DF_KEI(4.0),CHN,M,CP,IX,_Z,_Z,_Z,2012-06,93.49533609,A,0,1,2015
OECD.SDD.STES:DSD_KEI@DF_KEI(4.0),CHN,M,CP,IX,_Z,_Z,_Z,2007-03,78.88367754,A,0,1,2015
OECD.SDD.STES:DSD_KEI@DF_KEI(4.0),CHN,M,CP,IX,_Z,_Z,_Z,2007-04,78.80479382,A,0,1,2015
OECD.SDD.STES:DSD_KEI@DF_KEI(4.0),CHN,M,CP,IX,_Z,_Z,_Z,2007-05,79.04120824,A,0,1,2015
OECD.SDD.STES:DSD_KEI@DF_KEI(4.0),CHN,M,CP,IX,_Z,_Z,_Z,2007-07,80.07158908000001,A,0,1,2015
OECD.SDD.STES:DSD_KEI@DF_KEI(4.0),CHN,M,CP,IX,_Z,_Z,_Z,2007-10,81.51937278999999,A,0,1,2015
OECD.SDD.STES:DSD_KEI@DF_KEI(4.0),CHN,M,CP,IX,_Z,_Z,_Z,2007-12,82.91090833,A,0,1,2015
OECD.SDD.STES:DSD_KEI@DF_KEI(4.0),CHN,M,CP,IX,_Z,_Z,_Z,2008-01,83.90583901000001,A,0,1,2015
OECD.SDD.STES:DSD_KEI@DF_KEI(4.0),CHN,M,CP,IX,_Z,_Z,_Z,2008-03,85.48477877,A,0,1,2015
OECD.SDD.STES:DSD_KEI@DF_KEI(4.0),CHN,M,CP,IX,_Z,_Z,_Z,2008-04,85.57026356,A,0,1,2015
OECD.SDD.STES:DSD_KEI@DF_KEI(4.0),CHN,M,CP,IX,_Z,_Z,_Z,2008-05,85.22798272,A,0,1,2015
OECD.SDD.STES:DSD_KEI@DF_KEI(4.0),CHN,M,CP,IX,_Z,_Z,_Z,2008-06,85.05752679,A,0,1,2015
OECD.SDD.STES:DSD_KEI@DF_KEI(4.0),CHN,M,CP,IX,_Z,_Z,_Z,2008-09,85.05744154,A,0,1,2015
OECD.SDD.STES:DSD_KEI@DF_KEI(4.0),CHN,M,CP,IX,_Z,_Z,_Z,2008-11,84.12385163,A,0,1,2015
OECD.SDD.STES:DSD_KEI@DF_KEI(4.0),CHN,M,CP,IX,_Z,_Z,_Z,2008-12,83.95560379,A,0,1,2015
OECD.SDD.STES:DSD_KEI@DF_KEI(4.0),CHN,M,CP,IX,_Z,_Z,_Z,2009-02,84.71120386,A,0,1,2015
OECD.SDD.STES:DSD_KEI@DF_KEI(4.0),CHN,M,CP,IX,_Z,_Z,_Z,2006-06,76.03368271999999,A,0,1,2015
OECD.SDD.STES:DSD_KEI@DF_KEI(4.0),CHN,M,CP,IX,_Z,_Z,_Z,2006-08,76.03299859,A,0,1,2015
OECD.SDD.STES:DSD_KEI@DF_KEI(4.0),CHN,M,CP,IX,_Z,_Z,_Z,2006-09,76.41316385,A,0,1,2015
OECD.SDD.STES:DSD_KEI@DF_KEI(4.0),CHN,M,CP,IX,_Z,_Z,_Z,2006-11,76.71904548,A,0,1,2015
OECD.SDD.STES:DSD_KEI@DF_KEI(4.0),CHN,M,CP,IX,_Z,_Z,_Z,2006-12,77.79311211999999,A,0,1,2015
OECD.SDD.STES:DSD_KEI@DF_KEI(4.0),CHN,M,CP,IX,_Z,_Z,_Z,2007-01,78.33766419,A,0,1,2015
OECD.SDD.STES:DSD_KEI@DF_KEI(4.0),CHN,M,CP,IX,_Z,_Z,_Z,2014-06,98.2,A,0,1,2015
OECD.SDD.STES:DSD_KEI@DF_KEI(4.0),CHN,M,CP,IX,_Z,_Z,_Z,2014-08,98.39999999999999,A,0,1,2015
OECD.SDD.STES:DSD_KEI@DF_KEI(4.0),CHN,M,CP,IX,_Z,_Z,_Z,2015-01,99.29999999,A,0,1,2015
OECD.SDD.STES:DSD_KEI@DF_KEI(4.0),USA,M,TOCAPA,IX,G45,Y,_Z,2014-02,96.34057249,A,0,1,2015
OECD.SDD.STES:DSD_KEI@DF_KEI(4.0),USA,M,TOCAPA,IX,G45,Y,_Z,2014-05,103.77897324,A,0,1,2015
OECD.SDD.STES:DSD_KEI@DF_KEI(4.0),USA,M,TOCAPA,IX,G45,Y,_Z,2014-06,108.45453942,A,0,1,2015
OECD.SDD.STES:DSD_KEI@DF_KEI(4.0),USA,M,TOCAPA,IX,G45,Y,_Z,2014-07,105.31978482,A,0,1,2015
OECD.SDD.STES:DSD_KEI@DF_KEI(4.0),USA,M,TOCAPA,IX,G45,Y,_Z,2014-08,107.15281929,A,0,1,2015
OECD.SDD.STES:DSD_KEI@DF_KEI(4.0),USA,M,TOCAPA,IX,G45,Y,_Z,2015-01,98.1603241,A,0,1,2015
OECD.SDD.STES:DSD_KEI@DF_KEI(4.0),USA,M,TOCAPA,IX,G45,Y,_Z,2015-02,95.82254101,A,0,1,2015
OECD.SDD.STES:DSD_KEI@DF_KEI(4.0),USA,M,TOCAPA,IX,G45,Y,_Z,2015-05,102.91558743,A,0,1,2015
OECD.SDD.STES:DSD_KEI@DF_KEI(4.0),USA,M,TOCAPA,IX,G45,Y,_Z,2015-07,102.21159594,A,0,1,2015
OECD.SDD.STES:DSD_KEI@DF_KEI(4.0),USA,M,TOCAPA,IX,G45,Y,_Z,2015-08,102.62336455,A,0,1,2015
OECD.SDD.STES:DSD_KEI@DF_KEI(4.0),USA,M,TOCAPA,IX,G45,Y,_Z,2015-12,94.32157799999999,A,0,1,2015
OECD.SDD.STES:DSD_KEI@DF_KEI(4.0),USA,M,TOCAPA,IX,G45,Y,_Z,2016-07,91.77126918,A,0,1,2015
OECD.SDD.STES:DSD_KEI@DF_KEI(4.0),USA,M,TOCAPA,IX,G45,Y,_Z,2016-11,88.95530318,A,0,1,2015
OECD.SDD.STES:DSD_KEI@DF_KEI(4.0),USA,M,TOCAPA,IX,G45,Y,_Z,2016-12,90.61566049,A,0,1,2015
OECD.SDD.STES:DSD_KEI@DF_KEI(4.0),USA,M,TOCAPA,IX,G45,Y,_Z,2017-01,82.99129973,A,0,1,2015
OECD.SDD.STES:DSD_KEI@DF_KEI(4.0),USA,M,TOCAPA,IX,G45,Y,_Z,2017-05,79.69715083,A,0,1,2015
OECD.SDD.STES:DSD_KEI@DF_KEI(4.0),USA,M,TOCAPA,IX,G45,Y,_Z,2017-09,85.48847712,A,0,1,2015
OECD.SDD.STES:DSD_KEI@DF_KEI(4.0),CHN,M,CP,IX,_Z,_Z,_Z,2005-10,75.59128119,A,0,1,2015
OECD.SDD.STES:DSD_KEI@DF_KEI(4.0),CHN,M,CP,IX,_Z,_Z,_Z,2006-01,76.64962266,A,0,1,2015
OECD.SDD.STES:DSD_KEI@DF_KEI(4.0),CHN,M,CP,IX,_Z,_Z,_Z,2006-03,76.33957493,A,0,1,2015
OECD.SDD.STES:DSD_KEI@DF_KEI(4.0),CHN,M,CP,IX,_Z,_Z,_Z,2006-05,76.41576157,A,0,1,2015
OECD.SDD.STES:DSD_KEI@DF_KEI(4.0),USA,M,CP,IX,_Z,_Z,_Z,2019-04,107.81842653,A,0,1,2015
OECD.SDD.STES:DSD_KEI@DF_KEI(4.0),USA,M,CP,IX,_Z,_Z,_Z,2014-03,99.69453668,A,0,1,2015
OECD.SDD.STES:DSD_KEI@DF_KEI(4.0),USA,M,CP,IX,_Z,_Z,_Z,2014-05,100.37254712000001,A,0,1,2015
OECD.SDD.STES:DSD_KEI@DF_KEI(4.0),USA,M,CP,IX,_Z,_Z,_Z,2014-06,100.55945353999999,A,0,1,2015
OECD.SDD.STES:DSD_KEI@DF_KEI(4.0),USA,M,CP,IX,_Z,_Z,_Z,2014-08,100.35229539999999,A,0,1,2015
OECD.SDD.STES:DSD_KEI@DF_KEI(4.0),USA,M,CP,IX,_Z,_Z,_Z,2014-09,100.42781740999999,A,0,1,2015
OECD.SDD.STES:DSD_KEI@DF_KEI(4.0),CHN,M,CP,IX,_Z,_Z,_Z,2001-06,70.35879177999999,A,0,1,2015
OECD.SDD.STES:DSD_KEI@DF_KEI(4.0),CHN,M,CP,IX,_Z,_Z,_Z,2001-09,70.70769761999999,A,0,1,2015
OECD.SDD.STES:DSD_KEI@DF_KEI(4.0),CHN,M,CP,IX,_Z,_Z,_Z,2001-10,70.91982079,A,0,1,2015
OECD.SDD.STES:DSD_KEI@DF_KEI(4.0),CHN,M,CP,IX,_Z,_Z,_Z,2001-11,70.77798074,A,0,1,2015
OECD.SDD.STES:DSD_KEI@DF_KEI(4.0),CHN,M,CP,IX,_Z,_Z,_Z,2002-02,71.84297963,A,0,1,2015
OECD.SDD.STES:DSD_KEI@DF_KEI(4.0),CHN,M,CP,IX,_Z,_Z,_Z,2002-05,70.48420491,A,0,1,2015
OECD.SDD.STES:DSD_KEI@DF_KEI(4.0),CHN,M,CP,IX,_Z,_Z,_Z,2002-07,69.36089841,A,0,1,2015
OECD.SDD.STES:DSD_KEI@DF_KEI(4.0),CHN,M,CP,IX,_Z,_Z,_Z,2002-08,69.56898088999999,A,0,1,2015
OECD.SDD.STES:DSD_KEI@DF_KEI(4.0),CHN,M,CP,IX,_Z,_Z,_Z,2002-11,70.33479502,A,0,1,2015
OECD.SDD.STES:DSD_KEI@DF_KEI(4.0),CHN,M,CP,IX,_Z,_Z,_Z,2003-01,71.32180287999999,A,0,1,2015
OECD.SDD.STES:DSD_KEI@DF_KEI(4.0),CHN,M,CP,IX,_Z,_Z,_Z,2003-03,71.53191733,A,0,1,2015
OECD.SDD.STES:DSD_KEI@DF_KEI(4.0),CHN,M,CP,IX,_Z,_Z,_Z,2003-06,70.03846164000001,A,0,1,2015
OECD.SDD.STES:DSD_KEI@DF_KEI(4.0),CHN,M,CP,IX,_Z,_Z,_Z,2003-08,70.176087,A,0,1,2015
OECD.SDD.STES:DSD_KEI@DF_KEI(4.0),CHN,M,CP,IX,_Z,_Z,_Z,2003-12,72.80818123,A,0,1,2015
OECD.SDD.STES:DSD_KEI@DF_KEI(4.0),CHN,M,CP,IX,_Z,_Z,_Z,2004-02,73.46185339,A,0,1,2015
OECD.SDD.STES:DSD_KEI@DF_KEI(4.0),CHN,M,CP,IX,_Z,_Z,_Z,2004-08,73.82502878,A,0,1,2015
OECD.SDD.STES:DSD_KEI@DF_KEI(4.0),CHN,M,CP,IX,_Z,_Z,_Z,2004-11,74.41319268999999,A,0,1,2015
OECD.SDD.STES:DSD_KEI@DF_KEI(4.0),CHN,M,CP,IX,_Z,_Z,_Z,2005-07,74.61751842999999,A,0,1,2015
OECD.SDD.STES:DSD_KEI@DF_KEI(4.0),CHN,M,CP,IX,_Z,_Z,_Z,2005-11,75.36450732,A,0,1,2015
OECD.SDD.STES:DSD_KEI@DF_KEI(4.0),CHN,M,CP,IX,_Z,_Z,_Z,2005-12,75.665965,A,0,1,2015
OECD.SDD.STES:DSD_KEI@DF_KEI(4.0),CHN,M,CP,IX,_Z,_Z,_Z,2006-02,77.03287037999999,A,0,1,2015
OECD.SDD.STES:DSD_KEI@DF_KEI(4.0),CHN,M,CP,IX,_Z,_Z,_Z,2006-04,76.492254,A,0,1,2015
OECD.SDD.STES:DSD_KEI@DF_KEI(4.0),CHN,M,CP,IX,_Z,_Z,_Z,2006-07,75.80558214999999,A,0,1,2015
OECD.SDD.STES:DSD_KEI@DF_KEI(4.0),CHN,M,CP,IX,_Z,_Z,_Z,2006-10,76.48957666,A,0,1,2015
OECD.SDD.STES:DSD_KEI@DF_KEI(4.0),USA,M,CP,IX,_Z,_Z,_Z,2019-10,108.5770219,A,0,1,2015
OECD.SDD.STES:DSD_KEI@DF_KEI(4.0),USA,M,CP,IX,_Z,_Z,_Z,2019-11,108.51879822999999,A,0,1,2015
OECD.SDD.STES:DSD_KEI@DF_KEI(4.0),USA,M,CP,IX,_Z,_Z,_Z,2019-12,108.42007113000001,A,0,1,2015
OECD.SDD.STES:DSD_KEI@DF_KEI(4.0),USA,M,CP,IX,_Z,_Z,_Z,2020-02,109.13900691,A,0,1,2015
OECD.SDD.STES:DSD_KEI@DF_KEI(4.0),USA,M,CP,IX,_Z,_Z,_Z,2020-04,108.1732534,A,0,1,2015
OECD.SDD.STES:DSD_KEI@DF_KEI(4.0),USA,M,CP,IX,_Z,_Z,_Z,2020-06,108.76730361,A,0,1,2015
OECD.SDD.STES:DSD_KEI@DF_KEI(4.0),USA,M,CP,IX,_Z,_Z,_Z,2020-07,109.31747512000001,A,0,1,2015
OECD.SDD.STES:DSD_KEI@DF_KEI(4.0),USA,M,CP,IX,_Z,_Z,_Z,2020-08,109.66217612999999,A,0,1,2015
OECD.SDD.STES:DSD_KEI@DF_KEI(4.0),USA,M,CP,IX,_Z,_Z,_Z,2020-09,109.81490779,A,0,1,2015
OECD.SDD.STES:DSD_KEI@DF_KEI(4.0),USA,M,CP,IX,_Z,_Z,_Z,2020-11,109.79339035,A,0,1,2015
OECD.SDD.STES:DSD_KEI@DF_KEI(4.0),USA,M,CP,IX,_Z,_Z,_Z,2021-02,110.96841154999998,A,0,1,2015
OECD.SDD.STES:DSD_KEI@DF_KEI(4.0),USA,M,CP,IX,_Z,_Z,_Z,2021-04,112.67293062999998,A,0,1,2015
OECD.SDD.STES:DSD_KEI@DF_KEI(4.0),USA,M,CP,IX,_Z,_Z,_Z,2021-06,114.63143993999999,A,0,1,2015
OECD.SDD.STES:DSD_KEI@DF_KEI(4.0),USA,M,CP,IX,_Z,_Z,_Z,2021-07,115.18287717999999,A,0,1,2015
OECD.SDD.STES:DSD_KEI@DF_KEI(4.0),USA,M,CP,IX,_Z,_Z,_Z,2021-11,117.26922541,A,0,1,2015
OECD.SDD.STES:DSD_KEI@DF_KEI(4.0),USA,M,CP,IX,_Z,_Z,_Z,2022-01,118.61933953999998,A,0,1,2015
OECD.SDD.STES:DSD_KEI@DF_KEI(4.0),USA,M,CP,IX,_Z,_Z,_Z,2022-02,119.70280613,A,0,1,2015
OECD.SDD.STES:DSD_KEI@DF_KEI(4.0),USA,M,CP,IX,_Z,_Z,_Z,2022-04,121.97817034,A,0,1,2015
OECD.SDD.STES:DSD_KEI@DF_KEI(4.0),USA,M,CP,IX,_Z,_Z,_Z,2022-05,123.32279962999999,A,0,1,2015
OECD.SDD.STES:DSD_KEI@DF_KEI(4.0),USA,M,CP,IX,_Z,_Z,_Z,2022-07,125.00200407999999,A,0,1,2015
OECD.SDD.STES:DSD_KEI@DF_KEI(4.0),USA,M,CP,IX,_Z,_Z,_Z,2022-08,124.95770345999999,A,0,1,2015
OECD.SDD.STES:DSD_KEI@DF_KEI(4.0),USA,M,CP,IX,_Z,_Z,_Z,2022-09,125.22646055,A,0,1,2015
OECD.SDD.STES:DSD_KEI@DF_KEI(4.0),USA,M,CP,IX,_Z,_Z,_Z,2022-12,125.22181953,A,0,1,2015
OECD.SDD.STES:DSD_KEI@DF_KEI(4.0),USA,M,CP,IX,_Z,_Z,_Z,2023-03,127.34782737,A,0,1,2015
OECD.SDD.STES:DSD_KEI@DF_KEI(4.0),USA,M,CP,IX,_Z,_Z,_Z,2023-07,128.97429298,A,0,1,2015
OECD.SDD.STES:DSD_KEI@DF_KEI(4.0),USA,M,CP,IX,_Z,_Z,_Z,2023-10,129.8096761,A,0,1,2015
OECD.SDD.STES:DSD_KEI@DF_KEI(4.0),USA,M,CP,IX,_Z,_Z,_Z,2023-11,129.54809149,A,0,1,2015
OECD.SDD.STES:DSD_KEI@DF_KEI(4.0),USA,M,CP,IX,_Z,_Z,_Z,2023-12,129.41940873,A,0,1,2015
OECD.SDD.STES:DSD_KEI@DF_KEI(4.0),USA,M,CP,IX,_Z,_Z,_Z,2024-02,130.92984890999998,A,0,1,2015
OECD.SDD.STES:DSD_KEI@DF_KEI(4.0),USA,M,CP,IX,_Z,_Z,_Z,2024-03,131.77620170999998,A,0,1,2015
OECD.SDD.STES:DSD_KEI@DF_KEI(4.0),USA,M,CP,IX,_Z,_Z,_Z,2024-04,132.28924508,A,0,1,2015
OECD.SDD.STES:DSD_KEI@DF_KEI(4.0),USA,M,CP,IX,_Z,_Z,_Z,2024-06,132.55378306,A,0,1,2015
OECD.SDD.STES:DSD_KEI@DF_KEI(4.0),USA,M,CP,IX,_Z,_Z,_Z,2024-07,132.70778045,A,0,1,2015
OECD.SDD.STES:DSD_KEI@DF_KEI(4.0),USA,M,CP,IX,_Z,_Z,_Z,2024-08,132.81578958,A,0,1,2015
OECD.SDD.STES:DSD_KEI@DF_KEI(4.0),USA,M,CP,IX,_Z,_Z,_Z,2024-09,133.02885447,A,0,1,2015
OECD.SDD.STES:DSD_KEI@DF_KEI(4.0),USA,M,CP,IX,_Z,_Z,_Z,2024-10,133.18200804,A,0,1,2015
OECD.SDD.STES:DSD_KEI@DF_KEI(4.0),USA,M,CP,IX,_Z,_Z,_Z,2024-11,133.10986132,A,0,1,2015
OECD.SDD.STES:DSD_KEI@DF_KEI(4.0),USA,M,CP,IX,_Z,_Z,_Z,2025-01,134.02878275,A,0,1,2015
OECD.SDD.STES:DSD_KEI@DF_KEI(4.0),USA,M,CP,IX,_Z,_Z,_Z,2025-02,134.62409869,A,0,1,2015
OECD.SDD.STES:DSD_KEI@DF_KEI(4.0),USA,M,CP,IX,_Z,_Z,_Z,2025-03,134.92660863999998,A,0,1,2015
OECD.SDD.STES:DSD_KEI@DF_KEI(4.0),USA,M,CP,IX,_Z,_Z,_Z,2025-04,135.34683166000002,A,0,1,2015
OECD.SDD.STES:DSD_KEI@DF_KEI(4.0),USA,M,CP,IX,_Z,_Z,_Z,2025-07,136.29739639,A,0,1,2015
OECD.SDD.STES:DSD_KEI@DF_KEI(4.0),USA,M,CP,IX,_Z,_Z,_Z,2025-11,136.75052843999998,A,0,1,2015
OECD.SDD.STES:DSD_KEI@DF_KEI(4.0),CHN,M,CP,IX,_Z,_Z,_Z,2014-02,99.1,A,0,1,2015
OECD.SDD.STES:DSD_KEI@DF_KEI(4.0),CHN,M,CP,IX,_Z,_Z,_Z,2014-05,98.3,A,0,1,2015
OECD.SDD.STES:DSD_KEI@DF_KEI(4.0),CHN,M,CP,IX,_Z,_Z,_Z,2014-09,98.89999999999999,A,0,1,2015
OECD.SDD.STES:DSD_KEI@DF_KEI(4.0),CHN,M,CP,IX,_Z,_Z,_Z,2014-10,98.89999999999999,A,0,1,2015
OECD.SDD.STES:DSD_KEI@DF_KEI(4.0),CHN,M,CP,IX,_Z,_Z,_Z,2015-02,100.49999999999999,A,0,1,2015
OECD.SDD.STES:DSD_KEI@DF_KEI(4.0),CHN,M,CP,IX,_Z,_Z,_Z,2015-08,100.39999999999999,A,0,1,2015
OECD.SDD.STES:DSD_KEI@DF_KEI(4.0),CHN,M,CP,IX,_Z,_Z,_Z,2015-09,100.49999999999999,A,0,1,2015
OECD.SDD.STES:DSD_KEI@DF_KEI(4.0),CHN,M,CP,IX,_Z,_Z,_Z,2015-12,100.6,A,0,1,2015
OECD.SDD.STES:DSD_KEI@DF_KEI(4.0),CHN,M,CP,IX,_Z,_Z,_Z,2016-01,101.1,A,0,1,2015
OECD.SDD.STES:DSD_KEI@DF_KEI(4.0),CHN,M,CP,IX,_Z,_Z,_Z,2016-02,102.69999999999999,A,0,1,2015
OECD.SDD.STES:DSD_KEI@DF_KEI(4.0),CHN,M,CP,IX,_Z,_Z,_Z,2016-03,102.2,A,0,1,2015
OECD.SDD.STES:DSD_KEI@DF_KEI(4.0),CHN,M,CP,IX,_Z,_Z,_Z,2016-04,102,A,0,1,2015
OECD.SDD.STES:DSD_KEI@DF_KEI(4.0),CHN,M,CP,IX,_Z,_Z,_Z,2016-05,101.6,A,0,1,2015
OECD.SDD.STES:DSD_KEI@DF_KEI(4.0),CHN,M,CP,IX,_Z,_Z,_Z,2016-06,101.4,A,0,1,2015
OECD.SDD.STES:DSD_KEI@DF_KEI(4.0),CHN,M,CP,IX,_Z,_Z,_Z,2016-07,101.6,A,0,1,2015
OECD.SDD.STES:DSD_KEI@DF_KEI(4.0),CHN,M,CP,IX,_Z,_Z,_Z,2016-08,101.69999999999999,A,0,1,2015
OECD.SDD.STES:DSD_KEI@DF_KEI(4.0),CHN,M,CP,IX,_Z,_Z,_Z,2016-09,102.4,A,0,1,2015
OECD.SDD.STES:DSD_KEI@DF_KEI(4.0),CHN,M,CP,IX,_Z,_Z,_Z,2016-10,102.29999999999998,A,0,1,2015
OECD.SDD.STES:DSD_KEI@DF_KEI(4.0),CHN,M,CP,IX,_Z,_Z,_Z,2016-11,102.4,A,0,1,2015
OECD.SDD.STES:DSD_KEI@DF_KEI(4.0),CHN,M,CP,IX,_Z,_Z,_Z,2016-12,102.6,A,0,1,2015
OECD.SDD.STES:DSD_KEI@DF_KEI(4.0),CHN,M,CP,IX,_Z,_Z,_Z,2017-01,103.69999999999999,A,0,1,2015
OECD.SDD.STES:DSD_KEI@DF_KEI(4.0),CHN,M,CP,IX,_Z,_Z,_Z,2017-02,103.49999999999999,A,0,1,2015
OECD.SDD.STES:DSD_KEI@DF_KEI(4.0),CHN,M,CP,IX,_Z,_Z,_Z,2017-05,103.29999999999998,A,0,1,2015
OECD.SDD.STES:DSD_KEI@DF_KEI(4.0),CHN,M,CP,IX,_Z,_Z,_Z,2017-06,103.1,A,0,1,2015
OECD.SDD.STES:DSD_KEI@DF_KEI(4.0),CHN,M,CP,IX,_Z,_Z,_Z,2017-07,103,A,0,1,2015
OECD.SDD.STES:DSD_KEI@DF_KEI(4.0),CHN,M,CP,IX,_Z,_Z,_Z,2017-08,103.49999999999999,A,0,1,2015
OECD.SDD.STES:DSD_KEI@DF_KEI(4.0),CHN,M,CP,IX,_Z,_Z,_Z,2017-09,104.1,A,0,1,2015
OECD.SDD.STES:DSD_KEI@DF_KEI(4.0),CHN,M,CP,IX,_Z,_Z,_Z,2017-12,104.49999999999999,A,0,1,2015
OECD.SDD.STES:DSD_KEI@DF_KEI(4.0),CHN,M,CP,IX,_Z,_Z,_Z,2018-01,105.2,A,0,1,2015
OECD.SDD.STES:DSD_KEI@DF_KEI(4.0),CHN,M,CP,IX,_Z,_Z,_Z,2018-02,106.49999999999999,A,0,1,2015
OECD.SDD.STES:DSD_KEI@DF_KEI(4.0),CHN,M,CP,IX,_Z,_Z,_Z,2018-03,105.3,A,0,1,2015
OECD.SDD.STES:DSD_KEI@DF_KEI(4.0),CHN,M,CP,IX,_Z,_Z,_Z,2018-04,105.1,A,0,1,2015
OECD.SDD.STES:DSD_KEI@DF_KEI(4.0),CHN,M,CP,IX,_Z,_Z,_Z,2018-05,104.89999999999999,A,0,1,2015
OECD.SDD.STES:DSD_KEI@DF_KEI(4.0),CHN,M,CP,IX,_Z,_Z,_Z,2018-06,104.89999999999999,A,0,1,2015
OECD.SDD.STES:DSD_KEI@DF_KEI(4.0),CHN,M,CP,IX,_Z,_Z,_Z,2018-07,105.2,A,0,1,2015
OECD.SDD.STES:DSD_KEI@DF_KEI(4.0),CHN,M,CP,IX,_Z,_Z,_Z,2018-08,105.89999999999999,A,0,1,2015
OECD.SDD.STES:DSD_KEI@DF_KEI(4.0),CHN,M,CP,IX,_Z,_Z,_Z,2018-09,106.60000000000001,A,0,1,2015
OECD.SDD.STES:DSD_KEI@DF_KEI(4.0),CHN,M,CP,IX,_Z,_Z,_Z,2018-10,106.8,A,0,1,2015
OECD.SDD.STES:DSD_KEI@DF_KEI(4.0),CHN,M,CP,IX,_Z,_Z,_Z,2018-11,106.4,A,0,1,2015
OECD.SDD.STES:DSD_KEI@DF_KEI(4.0),CHN,M,CP,IX,_Z,_Z,_Z,2018-12,106.49999999999999,A,0,1,2015
OECD.SDD.STES:DSD_KEI@DF_KEI(4.0),CHN,M,CP,IX,_Z,_Z,_Z,2019-01,107,A,0,1,2015
OECD.SDD.STES:DSD_KEI@DF_KEI(4.0),CHN,M,CP,IX,_Z,_Z,_Z,2019-02,108.1,A,0,1,2015
OECD.SDD.STES:DSD_KEI@DF_KEI(4.0),CHN,M,CP,IX,_Z,_Z,_Z,2019-04,107.80000000000001,A,0,1,2015
OECD.SDD.STES:DSD_KEI@DF_KEI(4.0),CHN,M,CP,IX,_Z,_Z,_Z,2019-05,107.80000000000001,A,0,1,2015
OECD.SDD.STES:DSD_KEI@DF_KEI(4.0),CHN,M,CP,IX,_Z,_Z,_Z,2019-07,108.1,A,0,1,2015
OECD.SDD.STES:DSD_KEI@DF_KEI(4.0),CHN,M,CP,IX,_Z,_Z,_Z,2019-08,108.89999999999999,A,0,1,2015
OECD.SDD.STES:DSD_KEI@DF_KEI(4.0),CHN,M,CP,IX,_Z,_Z,_Z,2019-09,109.80000000000001,A,0,1,2015
OECD.SDD.STES:DSD_KEI@DF_KEI(4.0),CHN,M,CP,IX,_Z,_Z,_Z,2020-01,112.79999999999998,A,0,1,2015
OECD.SDD.STES:DSD_KEI@DF_KEI(4.0),CHN,M,CP,IX,_Z,_Z,_Z,2020-02,113.7,A,0,1,2015
OECD.SDD.STES:DSD_KEI@DF_KEI(4.0),CHN,M,CP,IX,_Z,_Z,_Z,2020-03,112.3,A,0,1,2015
OECD.SDD.STES:DSD_KEI@DF_KEI(4.0),CHN,M,CP,IX,_Z,_Z,_Z,2020-04,111.3,A,0,1,2015
OECD.SDD.STES:DSD_KEI@DF_KEI(4.0),CHN,M,CP,IX,_Z,_Z,_Z,2020-05,110.4,A,0,1,2015
OECD.SDD.STES:DSD_KEI@DF_KEI(4.0),CHN,M,CP,IX,_Z,_Z,_Z,2020-06,110.4,A,0,1,2015
OECD.SDD.STES:DSD_KEI@DF_KEI(4.0),CHN,M,CP,IX,_Z,_Z,_Z,2020-07,110,A,0,1,2015
OECD.SDD.STES:DSD_KEI@DF_KEI(4.0),USA,M,CP,IX,_Z,_Z,_Z,2003-01,76.66116776,A,0,1,2015
OECD.SDD.STES:DSD_KEI@DF_KEI(4.0),USA,M,CP,IX,_Z,_Z,_Z,2003-03,77.71594443,A,0,1,2015
OECD.SDD.STES:DSD_KEI@DF_KEI(4.0),USA,M,CP,IX,_Z,_Z,_Z,2003-09,78.13785509,A,0,1,2015
OECD.SDD.STES:DSD_KEI@DF_KEI(4.0),USA,M,CP,IX,_Z,_Z,_Z,2004-07,79.90987988,A,0,1,2015
OECD.SDD.STES:DSD_KEI@DF_KEI(4.0),USA,M,CP,IX,_Z,_Z,_Z,2004-10,80.54274588,A,0,1,2015
OECD.SDD.STES:DSD_KEI@DF_KEI(4.0),USA,M,CP,IX,_Z,_Z,_Z,2004-11,80.58493695,A,0,1,2015
OECD.SDD.STES:DSD_KEI@DF_KEI(4.0),USA,M,CP,IX,_Z,_Z,_Z,2005-02,80.92246548,A,0,1,2015
OECD.SDD.STES:DSD_KEI@DF_KEI(4.0),USA,M,CP,IX,_Z,_Z,_Z,2005-11,83.36954733,A,0,1,2015
OECD.SDD.STES:DSD_KEI@DF_KEI(4.0),USA,M,CP,IX,_Z,_Z,_Z,2005-12,83.03201879999999,A,0,1,2015
OECD.SDD.STES:DSD_KEI@DF_KEI(4.0),USA,M,CP,IX,_Z,_Z,_Z,2006-01,83.6648848,A,0,1,2015
OECD.SDD.STES:DSD_KEI@DF_KEI(4.0),USA,M,CP,IX,_Z,_Z,_Z,2006-04,85.01499892,A,0,1,2015
OECD.SDD.STES:DSD_KEI@DF_KEI(4.0),CHN,M,CP,IX,_Z,_Z,_Z,2015-07,99.89999999,A,0,1,2015
OECD.SDD.STES:DSD_KEI@DF_KEI(4.0),CHN,M,CP,IX,_Z,_Z,_Z,2015-10,100.09999999000001,A,0,1,2015
OECD.SDD.STES:DSD_KEI@DF_KEI(4.0),CHN,M,CP,IX,_Z,_Z,_Z,2015-11,100.09999999000001,A,0,1,2015
OECD.SDD.STES:DSD_KEI@DF_KEI(4.0),CHN,M,CP,IX,_Z,_Z,_Z,2017-04,103.19999999,A,0,1,2015
OECD.SDD.STES:DSD_KEI@DF_KEI(4.0),CHN,M,CP,IX,_Z,_Z,_Z,2017-10,104.19999999,A,0,1,2015
OECD.SDD.STES:DSD_KEI@DF_KEI(4.0),CHN,M,CP,IX,_Z,_Z,_Z,2017-11,104.19999999,A,0,1,2015
OECD.SDD.STES:DSD_KEI@DF_KEI(4.0),CHN,M,CP,IX,_Z,_Z,_Z,2019-11,111.19999999000001,A,0,1,2015
OECD.SDD.STES:DSD_KEI@DF_KEI(4.0),CHN,M,CP,IX,_Z,_Z,_Z,2019-12,111.19999999000001,A,0,1,2015
OECD.SDD.STES:DSD_KEI@DF_KEI(4.0),CHN,M,CP,IX,_Z,_Z,_Z,2020-10,111.39999999000001,A,0,1,2015
OECD.SDD.STES:DSD_KEI@DF_KEI(4.0),CHN,M,CP,IX,_Z,_Z,_Z,2021-03,112.66154608000001,A,0,1,2015
OECD.SDD.STES:DSD_KEI@DF_KEI(4.0),CHN,M,CP,IX,_Z,_Z,_Z,2021-06,111.7691774,A,0,1,2015
OECD.SDD.STES:DSD_KEI@DF_KEI(4.0),CHN,M,CP,IX,_Z,_Z,_Z,2021-07,112.10381566000001,A,0,1,2015
OECD.SDD.STES:DSD_KEI@DF_KEI(4.0),CHN,M,CP,IX,_Z,_Z,_Z,2021-09,112.21536173999999,A,0,1,2015
OECD.SDD.STES:DSD_KEI@DF_KEI(4.0),CHN,M,CP,IX,_Z,_Z,_Z,2021-10,112.99618434,A,0,1,2015
OECD.SDD.STES:DSD_KEI@DF_KEI(4.0),CHN,M,CP,IX,_Z,_Z,_Z,2022-04,114.78092170000001,A,0,1,2015
OECD.SDD.STES:DSD_KEI@DF_KEI(4.0),CHN,M,CP,IX,_Z,_Z,_Z,2022-08,115.00401387000001,A,0,1,2015
OECD.SDD.STES:DSD_KEI@DF_KEI(4.0),USA,M,CP,IX,_Z,_Z,_Z,2002-07,75.9861107,A,0,1,2015
OECD.SDD.STES:DSD_KEI@DF_KEI(4.0),USA,M,CP,IX,_Z,_Z,_Z,2002-09,76.3658303,A,0,1,2015
OECD.SDD.STES:DSD_KEI@DF_KEI(4.0),USA,M,CP,IX,_Z,_Z,_Z,2002-10,76.4924035,A,0,1,2015
OECD.SDD.STES:DSD_KEI@DF_KEI(4.0),USA,M,CP,IX,_Z,_Z,_Z,2002-11,76.4924035,A,0,1,2015
OECD.SDD.STES:DSD_KEI@DF_KEI(4.0),USA,M,CP,IX,_Z,_Z,_Z,2002-12,76.32363923,A,0,1,2015
OECD.SDD.STES:DSD_KEI@DF_KEI(4.0),USA,M,CP,IX,_Z,_Z,_Z,2003-02,77.25184269,A,0,1,2015
OECD.SDD.STES:DSD_KEI@DF_KEI(4.0),USA,M,CP,IX,_Z,_Z,_Z,2003-04,77.54718016,A,0,1,2015
OECD.SDD.STES:DSD_KEI@DF_KEI(4.0),USA,M,CP,IX,_Z,_Z,_Z,2003-05,77.42060696,A,0,1,2015
OECD.SDD.STES:DSD_KEI@DF_KEI(4.0),USA,M,CP,IX,_Z,_Z,_Z,2003-06,77.50498909,A,0,1,2015
OECD.SDD.STES:DSD_KEI@DF_KEI(4.0),USA,M,CP,IX,_Z,_Z,_Z,2003-07,77.58937123,A,0,1,2015
OECD.SDD.STES:DSD_KEI@DF_KEI(4.0),USA,M,CP,IX,_Z,_Z,_Z,2003-08,77.88470869,A,0,1,2015
OECD.SDD.STES:DSD_KEI@DF_KEI(4.0),USA,M,CP,IX,_Z,_Z,_Z,2003-10,78.05347296000001,A,0,1,2015
OECD.SDD.STES:DSD_KEI@DF_KEI(4.0),USA,M,CP,IX,_Z,_Z,_Z,2003-11,77.84251762999999,A,0,1,2015
OECD.SDD.STES:DSD_KEI@DF_KEI(4.0),USA,M,CP,IX,_Z,_Z,_Z,2003-12,77.75813549,A,0,1,2015
OECD.SDD.STES:DSD_KEI@DF_KEI(4.0),USA,M,CP,IX,_Z,_Z,_Z,2004-01,78.13785509,A,0,1,2015
OECD.SDD.STES:DSD_KEI@DF_KEI(4.0),USA,M,CP,IX,_Z,_Z,_Z,2004-02,78.55976576,A,0,1,2015
OECD.SDD.STES:DSD_KEI@DF_KEI(4.0),USA,M,CP,IX,_Z,_Z,_Z,2004-03,79.06605855,A,0,1,2015
OECD.SDD.STES:DSD_KEI@DF_KEI(4.0),USA,M,CP,IX,_Z,_Z,_Z,2004-04,79.31920495,A,0,1,2015
OECD.SDD.STES:DSD_KEI@DF_KEI(4.0),USA,M,CP,IX,_Z,_Z,_Z,2004-05,79.78330668,A,0,1,2015
OECD.SDD.STES:DSD_KEI@DF_KEI(4.0),USA,M,CP,IX,_Z,_Z,_Z,2004-06,80.03645308,A,0,1,2015
OECD.SDD.STES:DSD_KEI@DF_KEI(4.0),USA,M,CP,IX,_Z,_Z,_Z,2004-08,79.95207094999999,A,0,1,2015
OECD.SDD.STES:DSD_KEI@DF_KEI(4.0),USA,M,CP,IX,_Z,_Z,_Z,2004-09,80.12083521,A,0,1,2015
OECD.SDD.STES:DSD_KEI@DF_KEI(4.0),USA,M,CP,IX,_Z,_Z,_Z,2004-12,80.28959947999999,A,0,1,2015
OECD.SDD.STES:DSD_KEI@DF_KEI(4.0),USA,M,CP,IX,_Z,_Z,_Z,2005-01,80.45836374999999,A,0,1,2015
OECD.SDD.STES:DSD_KEI@DF_KEI(4.0),USA,M,CP,IX,_Z,_Z,_Z,2005-03,81.55533147,A,0,1,2015
OECD.SDD.STES:DSD_KEI@DF_KEI(4.0),USA,M,CP,IX,_Z,_Z,_Z,2005-04,82.10381534,A,0,1,2015
OECD.SDD.STES:DSD_KEI@DF_KEI(4.0),USA,M,CP,IX,_Z,_Z,_Z,2005-05,82.01943321,A,0,1,2015
OECD.SDD.STES:DSD_KEI@DF_KEI(4.0),USA,M,CP,IX,_Z,_Z,_Z,2005-06,82.06162427,A,0,1,2015
OECD.SDD.STES:DSD_KEI@DF_KEI(4.0),USA,M,CP,IX,_Z,_Z,_Z,2005-07,82.44134387,A,0,1,2015
OECD.SDD.STES:DSD_KEI@DF_KEI(4.0),USA,M,CP,IX,_Z,_Z,_Z,2005-08,82.86325452999999,A,0,1,2015
OECD.SDD.STES:DSD_KEI@DF_KEI(4.0),USA,M,CP,IX,_Z,_Z,_Z,2005-09,83.87584013,A,0,1,2015
OECD.SDD.STES:DSD_KEI@DF_KEI(4.0),USA,M,CP,IX,_Z,_Z,_Z,2005-10,84.0446044,A,0,1,2015
OECD.SDD.STES:DSD_KEI@DF_KEI(4.0),USA,M,CP,IX,_Z,_Z,_Z,2006-02,83.83364906,A,0,1,2015
OECD.SDD.STES:DSD_KEI@DF_KEI(4.0),USA,M,CP,IX,_Z,_Z,_Z,2006-03,84.29775079,A,0,1,2015
OECD.SDD.STES:DSD_KEI@DF_KEI(4.0),USA,M,CP,IX,_Z,_Z,_Z,2006-05,85.43690959,A,0,1,2015
OECD.SDD.STES:DSD_KEI@DF_KEI(4.0),USA,M,CP,IX,_Z,_Z,_Z,2006-07,85.85882025,A,0,1,2015
OECD.SDD.STES:DSD_KEI@DF_KEI(4.0),USA,M,CP,IX,_Z,_Z,_Z,2006-12,85.14157211999999,A,0,1,2015
OECD.SDD.STES:DSD_KEI@DF_KEI(4.0),USA,M,CP,IX,_Z,_Z,_Z,2007-02,85.85839834,A,0,1,2015
OECD.SDD.STES:DSD_KEI@DF_KEI(4.0),USA,M,CP,IX,_Z,_Z,_Z,2007-03,86.6401988,A,0,1,2015
OECD.SDD.STES:DSD_KEI@DF_KEI(4.0),USA,M,CP,IX,_Z,_Z,_Z,2007-05,87.7359008,A,0,1,2015
OECD.SDD.STES:DSD_KEI@DF_KEI(4.0),USA,M,CP,IX,_Z,_Z,_Z,2007-07,87.88356953,A,0,1,2015
OECD.SDD.STES:DSD_KEI@DF_KEI(4.0),USA,M,CP,IX,_Z,_Z,_Z,2007-08,87.72239966000001,A,0,1,2015
OECD.SDD.STES:DSD_KEI@DF_KEI(4.0),USA,M,CP,IX,_Z,_Z,_Z,2007-09,87.96415447,A,0,1,2015
OECD.SDD.STES:DSD_KEI@DF_KEI(4.0),USA,M,CP,IX,_Z,_Z,_Z,2007-11,88.67591776,A,0,1,2015
OECD.SDD.STES:DSD_KEI@DF_KEI(4.0),USA,M,CP,IX,_Z,_Z,_Z,2008-02,89.31553433,A,0,1,2015
OECD.SDD.STES:DSD_KEI@DF_KEI(4.0),USA,M,CP,IX,_Z,_Z,_Z,2008-03,90.0897404,A,0,1,2015
OECD.SDD.STES:DSD_KEI@DF_KEI(4.0),USA,M,CP,IX,_Z,_Z,_Z,2008-04,90.63611471,A,0,1,2015
OECD.SDD.STES:DSD_KEI@DF_KEI(4.0),USA,M,CP,IX,_Z,_Z,_Z,2008-05,91.3993511,A,0,1,2015
OECD.SDD.STES:DSD_KEI@DF_KEI(4.0),USA,M,CP,IX,_Z,_Z,_Z,2008-06,92.32038207999999,A,0,1,2015
OECD.SDD.STES:DSD_KEI@DF_KEI(4.0),USA,M,CP,IX,_Z,_Z,_Z,2008-07,92.80515743999999,A,0,1,2015
OECD.SDD.STES:DSD_KEI@DF_KEI(4.0),USA,M,CP,IX,_Z,_Z,_Z,2008-09,92.30688094,A,0,1,2015
OECD.SDD.STES:DSD_KEI@DF_KEI(4.0),USA,M,CP,IX,_Z,_Z,_Z,2008-11,89.62437294,A,0,1,2015
OECD.SDD.STES:DSD_KEI@DF_KEI(4.0),USA,M,CP,IX,_Z,_Z,_Z,2008-12,88.69743521,A,0,1,2015
OECD.SDD.STES:DSD_KEI@DF_KEI(4.0),USA,M,CP,IX,_Z,_Z,_Z,2009-01,89.08348346,A,0,1,2015
OECD.SDD.STES:DSD_KEI@DF_KEI(4.0),USA,M,CP,IX,_Z,_Z,_Z,2009-02,89.52648966,A,0,1,2015
OECD.SDD.STES:DSD_KEI@DF_KEI(4.0),USA,M,CP,IX,_Z,_Z,_Z,2009-03,89.74419556,A,0,1,2015
OECD.SDD.STES:DSD_KEI@DF_KEI(4.0),USA,M,CP,IX,_Z,_Z,_Z,2009-04,89.96823013000001,A,0,1,2015
OECD.SDD.STES:DSD_KEI@DF_KEI(4.0),USA,M,CP,IX,_Z,_Z,_Z,2009-08,91.06266639,A,0,1,2015
OECD.SDD.STES:DSD_KEI@DF_KEI(4.0),USA,M,CP,IX,_Z,_Z,_Z,2009-10,91.20738175,A,0,1,2015
OECD.SDD.STES:DSD_KEI@DF_KEI(4.0),USA,M,CP,IX,_Z,_Z,_Z,2009-11,91.27193408,A,0,1,2015
OECD.SDD.STES:DSD_KEI@DF_KEI(4.0),USA,M,CP,IX,_Z,_Z,_Z,2009-12,91.11118612,A,0,1,2015
OECD.SDD.STES:DSD_KEI@DF_KEI(4.0),CHN,M,CP,IX,_Z,_Z,_Z,2000-06,69.38736818,A,0,1,2015
OECD.SDD.STES:DSD_KEI@DF_KEI(4.0),CHN,M,CP,IX,_Z,_Z,_Z,2000-07,68.97241154,A,0,1,2015
OECD.SDD.STES:DSD_KEI@DF_KEI(4.0),CHN,M,CP,IX,_Z,_Z,_Z,2000-09,70.77847604,A,0,1,2015
OECD.SDD.STES:DSD_KEI@DF_KEI(4.0),CHN,M,CP,IX,_Z,_Z,_Z,2000-11,70.9909536,A,0,1,2015
OECD.SDD.STES:DSD_KEI@DF_KEI(4.0),CHN,M,CP,IX,_Z,_Z,_Z,2000-12,71.06194479999999,A,0,1,2015
OECD.SDD.STES:DSD_KEI@DF_KEI(4.0),CHN,M,CP,IX,_Z,_Z,_Z,2001-01,71.78772065,A,0,1,2015
OECD.SDD.STES:DSD_KEI@DF_KEI(4.0),CHN,M,CP,IX,_Z,_Z,_Z,2001-02,71.85950801,A,0,1,2015
OECD.SDD.STES:DSD_KEI@DF_KEI(4.0),CHN,M,CP,IX,_Z,_Z,_Z,2001-03,71.42835131,A,0,1,2015
OECD.SDD.STES:DSD_KEI@DF_KEI(4.0),CHN,M,CP,IX,_Z,_Z,_Z,2001-04,71.57120806,A,0,1,2015
OECD.SDD.STES:DSD_KEI@DF_KEI(4.0),CHN,M,CP,IX,_Z,_Z,_Z,2001-07,70.00699721,A,0,1,2015
OECD.SDD.STES:DSD_KEI@DF_KEI(4.0),CHN,M,CP,IX,_Z,_Z,_Z,2001-08,70.07700482999999,A,0,1,2015
OECD.SDD.STES:DSD_KEI@DF_KEI(4.0),CHN,M,CP,IX,_Z,_Z,_Z,2001-12,70.84875914999999,A,0,1,2015
OECD.SDD.STES:DSD_KEI@DF_KEI(4.0),CHN,M,CP,IX,_Z,_Z,_Z,2002-01,71.06130505,A,0,1,2015
OECD.SDD.STES:DSD_KEI@DF_KEI(4.0),CHN,M,CP,IX,_Z,_Z,_Z,2002-03,70.90902124,A,0,1,2015
OECD.SDD.STES:DSD_KEI@DF_KEI(4.0),CHN,M,CP,IX,_Z,_Z,_Z,2002-04,70.69629355,A,0,1,2015
OECD.SDD.STES:DSD_KEI@DF_KEI(4.0),CHN,M,CP,IX,_Z,_Z,_Z,2002-06,69.84984696999999,A,0,1,2015
OECD.SDD.STES:DSD_KEI@DF_KEI(4.0),CHN,M,CP,IX,_Z,_Z,_Z,2002-09,70.26467045,A,0,1,2015
OECD.SDD.STES:DSD_KEI@DF_KEI(4.0),CHN,M,CP,IX,_Z,_Z,_Z,2002-10,70.40520002,A,0,1,2015
OECD.SDD.STES:DSD_KEI@DF_KEI(4.0),CHN,M,CP,IX,_Z,_Z,_Z,2002-12,70.54579934,A,0,1,2015
OECD.SDD.STES:DSD_KEI@DF_KEI(4.0),CHN,M,CP,IX,_Z,_Z,_Z,2003-02,71.96369897,A,0,1,2015
OECD.SDD.STES:DSD_KEI@DF_KEI(4.0),CHN,M,CP,IX,_Z,_Z,_Z,2003-04,71.38885343999999,A,0,1,2015
OECD.SDD.STES:DSD_KEI@DF_KEI(4.0),CHN,M,CP,IX,_Z,_Z,_Z,2003-05,70.88913139,A,0,1,2015
OECD.SDD.STES:DSD_KEI@DF_KEI(4.0),CHN,M,CP,IX,_Z,_Z,_Z,2003-07,69.68826925,A,0,1,2015
OECD.SDD.STES:DSD_KEI@DF_KEI(4.0),CHN,M,CP,IX,_Z,_Z,_Z,2003-09,71.01820051,A,0,1,2015
OECD.SDD.STES:DSD_KEI@DF_KEI(4.0),CHN,M,CP,IX,_Z,_Z,_Z,2003-10,71.65736428,A,0,1,2015
OECD.SDD.STES:DSD_KEI@DF_KEI(4.0),CHN,M,CP,IX,_Z,_Z,_Z,2003-11,72.37393784,A,0,1,2015
OECD.SDD.STES:DSD_KEI@DF_KEI(4.0),CHN,M,CP,IX,_Z,_Z,_Z,2004-01,73.60907139,A,0,1,2015
OECD.SDD.STES:DSD_KEI@DF_KEI(4.0),CHN,M,CP,IX,_Z,_Z,_Z,2004-03,73.68223898000001,A,0,1,2015
OECD.SDD.STES:DSD_KEI@DF_KEI(4.0),CHN,M,CP,IX,_Z,_Z,_Z,2004-04,74.05064999,A,0,1,2015
OECD.SDD.STES:DSD_KEI@DF_KEI(4.0),CHN,M,CP,IX,_Z,_Z,_Z,2004-05,73.97659958,A,0,1,2015
OECD.SDD.STES:DSD_KEI@DF_KEI(4.0),CHN,M,CP,IX,_Z,_Z,_Z,2004-06,73.45876315999999,A,0,1,2015
OECD.SDD.STES:DSD_KEI@DF_KEI(4.0),CHN,M,CP,IX,_Z,_Z,_Z,2004-07,73.31184532,A,0,1,2015
OECD.SDD.STES:DSD_KEI@DF_KEI(4.0),CHN,M,CP,IX,_Z,_Z,_Z,2004-09,74.63710391000001,A,0,1,2015
OECD.SDD.STES:DSD_KEI@DF_KEI(4.0),CHN,M,CP,IX,_Z,_Z,_Z,2004-10,74.63710391000001,A,0,1,2015
OECD.SDD.STES:DSD_KEI@DF_KEI(4.0),CHN,M,CP,IX,_Z,_Z,_Z,2004-12,74.48760595,A,0,1,2015
OECD.SDD.STES:DSD_KEI@DF_KEI(4.0),CHN,M,CP,IX,_Z,_Z,_Z,2005-01,74.93453148,A,0,1,2015
OECD.SDD.STES:DSD_KEI@DF_KEI(4.0),CHN,M,CP,IX,_Z,_Z,_Z,2005-02,76.28335281,A,0,1,2015
OECD.SDD.STES:DSD_KEI@DF_KEI(4.0),CHN,M,CP,IX,_Z,_Z,_Z,2005-03,75.59680286,A,0,1,2015
OECD.SDD.STES:DSD_KEI@DF_KEI(4.0),CHN,M,CP,IX,_Z,_Z,_Z,2005-04,75.37001208000001,A,0,1,2015
OECD.SDD.STES:DSD_KEI@DF_KEI(4.0),CHN,M,CP,IX,_Z,_Z,_Z,2005-05,75.21927197,A,0,1,2015
OECD.SDD.STES:DSD_KEI@DF_KEI(4.0),CHN,M,CP,IX,_Z,_Z,_Z,2005-06,74.61751842999999,A,0,1,2015
OECD.SDD.STES:DSD_KEI@DF_KEI(4.0),CHN,M,CP,IX,_Z,_Z,_Z,2005-08,74.76675288999999,A,0,1,2015
OECD.SDD.STES:DSD_KEI@DF_KEI(4.0),CHN,M,CP,IX,_Z,_Z,_Z,2005-09,75.29012013,A,0,1,2015
OECD.SDD.STES:DSD_KEI@DF_KEI(4.0),USA,M,CP,IX,_Z,_Z,_Z,2014-02,99.05660775,A,0,1,2015
OECD.SDD.STES:DSD_KEI@DF_KEI(4.0),USA,M,CP,IX,_Z,_Z,_Z,2014-04,100.02320509,A,0,1,2015
OECD.SDD.STES:DSD_KEI@DF_KEI(4.0),USA,M,CP,IX,_Z,_Z,_Z,2014-07,100.52021584999999,A,0,1,2015
OECD.SDD.STES:DSD_KEI@DF_KEI(4.0),USA,M,CP,IX,_Z,_Z,_Z,2015-02,99.03171502,A,0,1,2015
OECD.SDD.STES:DSD_KEI@DF_KEI(4.0),USA,M,CP,IX,_Z,_Z,_Z,2015-03,99.62112422,A,0,1,2015
OECD.SDD.STES:DSD_KEI@DF_KEI(4.0),USA,M,CP,IX,_Z,_Z,_Z,2015-08,100.54806194999999,A,0,1,2015
OECD.SDD.STES:DSD_KEI@DF_KEI(4.0),USA,M,CP,IX,_Z,_Z,_Z,2016-01,99.95738702,A,0,1,2015
OECD.SDD.STES:DSD_KEI@DF_KEI(4.0),USA,M,CP,IX,_Z,_Z,_Z,2016-02,100.03965960000001,A,0,1,2015
OECD.SDD.STES:DSD_KEI@DF_KEI(4.0),USA,M,CP,IX,_Z,_Z,_Z,2016-08,101.61676167,A,0,1,2015
OECD.SDD.STES:DSD_KEI@DF_KEI(4.0),USA,M,CP,IX,_Z,_Z,_Z,2016-10,101.98804305,A,0,1,2015
OECD.SDD.STES:DSD_KEI@DF_KEI(4.0),USA,M,CP,IX,_Z,_Z,_Z,2017-08,103.58708447,A,0,1,2015
OECD.SDD.STES:DSD_KEI@DF_KEI(4.0),USA,M,CP,IX,_Z,_Z,_Z,2017-09,104.13556833,A,0,1,2015
OECD.SDD.STES:DSD_KEI@DF_KEI(4.0),USA,M,CP,IX,_Z,_Z,_Z,2017-10,104.06975027,A,0,1,2015
OECD.SDD.STES:DSD_KEI@DF_KEI(4.0),USA,M,CP,IX,_Z,_Z,_Z,2018-01,104.57773071,A,0,1,2015
OECD.SDD.STES:DSD_KEI@DF_KEI(4.0),USA,M,CP,IX,_Z,_Z,_Z,2018-02,105.0519583,A,0,1,2015
OECD.SDD.STES:DSD_KEI@DF_KEI(4.0),USA,M,CP,IX,_Z,_Z,_Z,2018-04,105.70802937999999,A,0,1,2015
OECD.SDD.STES:DSD_KEI@DF_KEI(4.0),USA,M,CP,IX,_Z,_Z,_Z,2018-06,106.31684646999999,A,0,1,2015
OECD.SDD.STES:DSD_KEI@DF_KEI(4.0),USA,M,CP,IX,_Z,_Z,_Z,2018-11,106.33752008999998,A,0,1,2015
OECD.SDD.STES:DSD_KEI@DF_KEI(4.0),USA,M,CP,IX,_Z,_Z,_Z,2019-01,106.19997722000001,A,0,1,2015
OECD.SDD.STES:DSD_KEI@DF_KEI(4.0),CHN,M,CP,IX,_Z,_Z,_Z,2000-01,70.93648232999999,A,0,1,2015
OECD.SDD.STES:DSD_KEI@DF_KEI(4.0),CHN,M,CP,IX,_Z,_Z,_Z,2007-02,79.1210403,A,0,1,2015
OECD.SDD.STES:DSD_KEI@DF_KEI(4.0),CHN,M,CP,IX,_Z,_Z,_Z,2007-06,79.35737299,A,0,1,2015
OECD.SDD.STES:DSD_KEI@DF_KEI(4.0),CHN,M,CP,IX,_Z,_Z,_Z,2007-08,81.03244843,A,0,1,2015
OECD.SDD.STES:DSD_KEI@DF_KEI(4.0),CHN,M,CP,IX,_Z,_Z,_Z,2007-09,81.27554565,A,0,1,2015
OECD.SDD.STES:DSD_KEI@DF_KEI(4.0),CHN,M,CP,IX,_Z,_Z,_Z,2007-11,82.09000783,A,0,1,2015
OECD.SDD.STES:DSD_KEI@DF_KEI(4.0),CHN,M,CP,IX,_Z,_Z,_Z,2008-02,86.08739118,A,0,1,2015
OECD.SDD.STES:DSD_KEI@DF_KEI(4.0),CHN,M,CP,IX,_Z,_Z,_Z,2008-07,85.1425846,A,0,1,2015
OECD.SDD.STES:DSD_KEI@DF_KEI(4.0),CHN,M,CP,IX,_Z,_Z,_Z,2008-08,85.05744154,A,0,1,2015
OECD.SDD.STES:DSD_KEI@DF_KEI(4.0),CHN,M,CP,IX,_Z,_Z,_Z,2008-10,84.80226949,A,0,1,2015
OECD.SDD.STES:DSD_KEI@DF_KEI(4.0),CHN,M,CP,IX,_Z,_Z,_Z,2009-01,84.71120386,A,0,1,2015
OECD.SDD.STES:DSD_KEI@DF_KEI(4.0),CHN,M,CP,IX,_Z,_Z,_Z,2010-02,86.92913761999999,A,0,1,2015
OECD.SDD.STES:DSD_KEI@DF_KEI(4.0),CHN,M,CP,IX,_Z,_Z,_Z,2010-05,86.40776006,A,0,1,2015
OECD.SDD.STES:DSD_KEI@DF_KEI(4.0),CHN,M,CP,IX,_Z,_Z,_Z,2010-10,87.88029935,A,0,1,2015
OECD.SDD.STES:DSD_KEI@DF_KEI(4.0),CHN,M,CP,IX,_Z,_Z,_Z,2011-01,90.18422446,A,0,1,2015
OECD.SDD.STES:DSD_KEI@DF_KEI(4.0),CHN,M,CP,IX,_Z,_Z,_Z,2011-06,91.61217423,A,0,1,2015
OECD.SDD.STES:DSD_KEI@DF_KEI(4.0),CHN,M,CP,IX,_Z,_Z,_Z,2011-11,92.62399092,A,0,1,2015
OECD.SDD.STES:DSD_KEI@DF_KEI(4.0),CHN,M,CP,IX,_Z,_Z,_Z,2012-01,94.27954672999999,A,0,1,2015
OECD.SDD.STES:DSD_KEI@DF_KEI(4.0),CHN,M,CP,IX,_Z,_Z,_Z,2012-07,93.5824706,A,0,1,2015
OECD.SDD.STES:DSD_KEI@DF_KEI(4.0),CHN,M,CP,IX,_Z,_Z,_Z,2012-08,94.19299749,A,0,1,2015
OECD.SDD.STES:DSD_KEI@DF_KEI(4.0),CHN,M,CP,IX,_Z,_Z,_Z,2012-09,94.4821061,A,0,1,2015
OECD.SDD.STES:DSD_KEI@DF_KEI(4.0),CHN,M,CP,IX,_Z,_Z,_Z,2013-02,97.24626652,A,0,1,2015
OECD.SDD.STES:DSD_KEI@DF_KEI(4.0),CHN,M,CP,IX,_Z,_Z,_Z,2013-08,96.56227785,A,0,1,2015
OECD.SDD.STES:DSD_KEI@DF_KEI(4.0),CHN,M,CP,IX,_Z,_Z,_Z,2013-09,97.33187089,A,0,1,2015
OECD.SDD.STES:DSD_KEI@DF_KEI(4.0),CHN,M,CP,IX,_Z,_Z,_Z,2013-10,97.4296037,A,0,1,2015
OECD.SDD.STES:DSD_KEI@DF_KEI(4.0),CHN,M,CP,IX,_Z,_Z,_Z,2013-11,97.33180037,A,0,1,2015
OECD.SDD.STES:DSD_KEI@DF_KEI(4.0),CHN,M,CP,IX,_Z,_Z,_Z,2013-12,97.62380008,A,0,1,2015
OECD.SDD.STES:DSD_KEI@DF_KEI(4.0),CHN,M,CP,IX,_Z,_Z,_Z,2014-01,98.6,A,0,1,2015
OECD.SDD.STES:DSD_KEI@DF_KEI(4.0),USA,M,CP,IX,_Z,_Z,_Z,2010-02,91.44533935999999,A,0,1,2015
OECD.SDD.STES:DSD_KEI@DF_KEI(4.0),USA,M,CP,IX,_Z,_Z,_Z,2010-03,91.82083986,A,0,1,2015
OECD.SDD.STES:DSD_KEI@DF_KEI(4.0),USA,M,CP,IX,_Z,_Z,_Z,2010-04,91.98032209,A,0,1,2015
OECD.SDD.STES:DSD_KEI@DF_KEI(4.0),USA,M,CP,IX,_Z,_Z,_Z,2010-05,92.05162499000001,A,0,1,2015
OECD.SDD.STES:DSD_KEI@DF_KEI(4.0),USA,M,CP,IX,_Z,_Z,_Z,2010-06,91.96175801999999,A,0,1,2015
OECD.SDD.STES:DSD_KEI@DF_KEI(4.0),USA,M,CP,IX,_Z,_Z,_Z,2010-08,92.10816102,A,0,1,2015
OECD.SDD.STES:DSD_KEI@DF_KEI(4.0),USA,M,CP,IX,_Z,_Z,_Z,2010-09,92.16174366999999,A,0,1,2015
OECD.SDD.STES:DSD_KEI@DF_KEI(4.0),USA,M,CP,IX,_Z,_Z,_Z,2010-10,92.27650337,A,0,1,2015
OECD.SDD.STES:DSD_KEI@DF_KEI(4.0),USA,M,CP,IX,_Z,_Z,_Z,2010-11,92.31531915,A,0,1,2015
OECD.SDD.STES:DSD_KEI@DF_KEI(4.0),USA,M,CP,IX,_Z,_Z,_Z,2010-12,92.47395756,A,0,1,2015
OECD.SDD.STES:DSD_KEI@DF_KEI(4.0),USA,M,CP,IX,_Z,_Z,_Z,2011-03,94.28311049,A,0,1,2015
OECD.SDD.STES:DSD_KEI@DF_KEI(4.0),USA,M,CP,IX,_Z,_Z,_Z,2011-04,94.89023994,A,0,1,2015
OECD.SDD.STES:DSD_KEI@DF_KEI(4.0),USA,M,CP,IX,_Z,_Z,_Z,2011-05,95.33662142,A,0,1,2015
OECD.SDD.STES:DSD_KEI@DF_KEI(4.0),USA,M,CP,IX,_Z,_Z,_Z,2011-06,95.23451904,A,0,1,2015
OECD.SDD.STES:DSD_KEI@DF_KEI(4.0),USA,M,CP,IX,_Z,_Z,_Z,2011-09,95.72688878999999,A,0,1,2015
OECD.SDD.STES:DSD_KEI@DF_KEI(4.0),USA,M,CP,IX,_Z,_Z,_Z,2011-10,95.52943459999999,A,0,1,2015
OECD.SDD.STES:DSD_KEI@DF_KEI(4.0),USA,M,CP,IX,_Z,_Z,_Z,2011-11,95.44884966,A,0,1,2015
OECD.SDD.STES:DSD_KEI@DF_KEI(4.0),USA,M,CP,IX,_Z,_Z,_Z,2012-01,95.6323808,A,0,1,2015
OECD.SDD.STES:DSD_KEI@DF_KEI(4.0),USA,M,CP,IX,_Z,_Z,_Z,2012-02,96.05344764,A,0,1,2015
OECD.SDD.STES:DSD_KEI@DF_KEI(4.0),USA,M,CP,IX,_Z,_Z,_Z,2012-03,96.78293117999999,A,0,1,2015
OECD.SDD.STES:DSD_KEI@DF_KEI(4.0),USA,M,CP,IX,_Z,_Z,_Z,2012-05,96.96139939,A,0,1,2015
OECD.SDD.STES:DSD_KEI@DF_KEI(4.0),USA,M,CP,IX,_Z,_Z,_Z,2012-06,96.8192155,A,0,1,2015
OECD.SDD.STES:DSD_KEI@DF_KEI(4.0),USA,M,CP,IX,_Z,_Z,_Z,2012-12,96.87111051,A,0,1,2015
OECD.SDD.STES:DSD_KEI@DF_KEI(4.0),USA,M,CP,IX,_Z,_Z,_Z,2013-01,97.15758785,A,0,1,2015
OECD.SDD.STES:DSD_KEI@DF_KEI(4.0),USA,M,CP,IX,_Z,_Z,_Z,2013-04,98.10730876,A,0,1,2015
OECD.SDD.STES:DSD_KEI@DF_KEI(4.0),USA,M,CP,IX,_Z,_Z,_Z,2013-05,98.28197977,A,0,1,2015
OECD.SDD.STES:DSD_KEI@DF_KEI(4.0),USA,M,CP,IX,_Z,_Z,_Z,2013-06,98.51782784000001,A,0,1,2015
OECD.SDD.STES:DSD_KEI@DF_KEI(4.0),USA,M,CP,IX,_Z,_Z,_Z,2013-07,98.55664361999999,A,0,1,2015
OECD.SDD.STES:DSD_KEI@DF_KEI(4.0),USA,M,CP,IX,_Z,_Z,_Z,2013-08,98.67520051,A,0,1,2015
OECD.SDD.STES:DSD_KEI@DF_KEI(4.0),USA,M,CP,IX,_Z,_Z,_Z,2013-11,98.3342967,A,0,1,2015
OECD.SDD.STES:DSD_KEI@DF_KEI(4.0),USA,M,CP,IX,_Z,_Z,_Z,2013-12,98.32585848,A,0,1,2015
OECD.SDD.STES:DSD_KEI@DF_KEI(4.0),USA,M,CP,IX,_Z,_Z,_Z,2019-06,108.06946337000001,A,0,1,2015
OECD.SDD.STES:DSD_KEI@DF_KEI(4.0),USA,M,CP,IX,_Z,_Z,_Z,2019-09,108.32936034,A,0,1,2015
OECD.SDD.STES:DSD_KEI@DF_KEI(4.0),USA,M,CP,IX,_Z,_Z,_Z,2020-01,108.84071607000001,A,0,1,2015
OECD.SDD.STES:DSD_KEI@DF_KEI(4.0),USA,M,CP,IX,_Z,_Z,_Z,2020-03,108.9014712,A,0,1,2015
OECD.SDD.STES:DSD_KEI@DF_KEI(4.0),USA,M,CP,IX,_Z,_Z,_Z,2020-05,108.17536295000001,A,0,1,2015
OECD.SDD.STES:DSD_KEI@DF_KEI(4.0),USA,M,CP,IX,_Z,_Z,_Z,2020-10,109.86047414,A,0,1,2015
OECD.SDD.STES:DSD_KEI@DF_KEI(4.0),USA,M,CP,IX,_Z,_Z,_Z,2020-12,109.89675846,A,0,1,2015
OECD.SDD.STES:DSD_KEI@DF_KEI(4.0),USA,M,CP,IX,_Z,_Z,_Z,2021-01,110.36423548,A,0,1,2015
OECD.SDD.STES:DSD_KEI@DF_KEI(4.0),USA,M,CP,IX,_Z,_Z,_Z,2021-03,111.75443112,A,0,1,2015
OECD.SDD.STES:DSD_KEI@DF_KEI(4.0),USA,M,CP,IX,_Z,_Z,_Z,2021-05,113.57624136999999,A,0,1,2015
OECD.SDD.STES:DSD_KEI@DF_KEI(4.0),USA,M,CP,IX,_Z,_Z,_Z,2021-08,115.42083479,A,0,1,2015
OECD.SDD.STES:DSD_KEI@DF_KEI(4.0),USA,M,CP,IX,_Z,_Z,_Z,2021-09,115.73431441999999,A,0,1,2015
OECD.SDD.STES:DSD_KEI@DF_KEI(4.0),USA,M,CP,IX,_Z,_Z,_Z,2021-10,116.69584882,A,0,1,2015
OECD.SDD.STES:DSD_KEI@DF_KEI(4.0),USA,M,CP,IX,_Z,_Z,_Z,2021-12,117.62953712,A,0,1,2015
OECD.SDD.STES:DSD_KEI@DF_KEI(4.0),USA,M,CP,IX,_Z,_Z,_Z,2022-03,121.30100372999999,A,0,1,2015
OECD.SDD.STES:DSD_KEI@DF_KEI(4.0),USA,M,CP,IX,_Z,_Z,_Z,2022-06,125.01677094999998,A,0,1,2015
OECD.SDD.STES:DSD_KEI@DF_KEI(4.0),USA,M,CP,IX,_Z,_Z,_Z,2022-10,125.73444099,A,0,1,2015
OECD.SDD.STES:DSD_KEI@DF_KEI(4.0),USA,M,CP,IX,_Z,_Z,_Z,2022-11,125.60744587999999,A,0,1,2015
OECD.SDD.STES:DSD_KEI@DF_KEI(4.0),USA,M,CP,IX,_Z,_Z,_Z,2023-01,126.22301354000001,A,0,1,2015
OECD.SDD.STES:DSD_KEI@DF_KEI(4.0),USA,M,CP,IX,_Z,_Z,_Z,2023-02,126.92760434999998,A,0,1,2015
OECD.SDD.STES:DSD_KEI@DF_KEI(4.0),USA,M,CP,IX,_Z,_Z,_Z,2023-04,127.99208496,A,0,1,2015
OECD.SDD.STES:DSD_KEI@DF_KEI(4.0),USA,M,CP,IX,_Z,_Z,_Z,2023-05,128.31442470000002,A,0,1,2015
OECD.SDD.STES:DSD_KEI@DF_KEI(4.0),USA,M,CP,IX,_Z,_Z,_Z,2023-06,128.72874098,A,0,1,2015
OECD.SDD.STES:DSD_KEI@DF_KEI(4.0),USA,M,CP,IX,_Z,_Z,_Z,2023-08,129.53754372,A,0,1,2015
OECD.SDD.STES:DSD_KEI@DF_KEI(4.0),USA,M,CP,IX,_Z,_Z,_Z,2023-09,129.85946156,A,0,1,2015
OECD.SDD.STES:DSD_KEI@DF_KEI(4.0),USA,M,CP,IX,_Z,_Z,_Z,2024-01,130.12442146,A,0,1,2015
OECD.SDD.STES:DSD_KEI@DF_KEI(4.0),USA,M,CP,IX,_Z,_Z,_Z,2024-05,132.50906053,A,0,1,2015
OECD.SDD.STES:DSD_KEI@DF_KEI(4.0),USA,M,CP,IX,_Z,_Z,_Z,2024-12,133.15711531,A,0,1,2015
OECD.SDD.STES:DSD_KEI@DF_KEI(4.0),USA,M,CP,IX,_Z,_Z,_Z,2025-05,135.62951181,A,0,1,2015
OECD.SDD.STES:DSD_KEI@DF_KEI(4.0),USA,M,CP,IX,_Z,_Z,_Z,2025-06,136.0919259,A,0,1,2015
OECD.SDD.STES:DSD_KEI@DF_KEI(4.0),USA,M,CP,IX,_Z,_Z,_Z,2025-08,136.68892949,A,0,1,2015
OECD.SDD.STES:DSD_KEI@DF_KEI(4.0),USA,M,CP,IX,_Z,_Z,_Z,2025-09,137.03658387,A,0,1,2015
OECD.SDD.STES:DSD_KEI@DF_KEI(4.0),USA,M,CP,IX,_Z,_Z,_Z,2025-12,136.72183851999998,A,0,1,2015
OECD.SDD.STES:DSD_KEI@DF_KEI(4.0),USA,M,CP,IX,_Z,_Z,_Z,2026-01,137.22728748999998,A,0,1,2015
OECD.SDD.STES:DSD_KEI@DF_KEI(4.0),USA,M,CP,IX,_Z,_Z,_Z,2026-02,137.87407653999998,A,0,1,2015
OECD.SDD.STES:DSD_KEI@DF_KEI(4.0),USA,M,CP,IX,_Z,_Z,_Z,2016-07,101.52351940999999,A,0,1,2015
OECD.SDD.STES:DSD_KEI@DF_KEI(4.0),USA,M,CP,IX,_Z,_Z,_Z,2026-03,139.3203863,A,0,1,2015
OECD.SDD.STES:DSD_KEI@DF_KEI(4.0),USA,M,CP,IX,_Z,_Z,_Z,2026-04,140.50468954,A,0,1,2015
OECD.SDD.STES:DSD_KEI@DF_KEI(4.0),USA,M,CP,IX,_Z,_Z,_Z,2026-05,141.391967664767,A,0,1,2015
OECD.SDD.STES:DSD_KEI@DF_KEI(4.0),USA,M,CP,IX,_Z,_Z,_Z,2026-06,140.897910276478,A,0,1,2015
OECD.SDD.STES:DSD_KEI@DF_KEI(4.0),USA,M,CP,IX,_Z,_Z,_Z,2026-07,140.88356531387998,A,0,1,2015
OECD.SDD.STES:DSD_KEI@DF_KEI(4.0),USA,M,CP,IX,_Z,_Z,_Z,2000-01,71.21852018999999,A,0,1,2015
OECD.SDD.STES:DSD_KEI@DF_KEI(4.0),USA,M,CP,IX,_Z,_Z,_Z,2000-05,72.35767899,A,0,1,2015
OECD.SDD.STES:DSD_KEI@DF_KEI(4.0),USA,M,CP,IX,_Z,_Z,_Z,2000-07,72.90616285,A,0,1,2015
OECD.SDD.STES:DSD_KEI@DF_KEI(4.0),USA,M,CP,IX,_Z,_Z,_Z,2000-11,73.45464671,A,0,1,2015
OECD.SDD.STES:DSD_KEI@DF_KEI(4.0),USA,M,CP,IX,_Z,_Z,_Z,2001-03,74.34065910999999,A,0,1,2015
OECD.SDD.STES:DSD_KEI@DF_KEI(4.0),USA,M,CP,IX,_Z,_Z,_Z,2001-06,75.10009830999999,A,0,1,2015
OECD.SDD.STES:DSD_KEI@DF_KEI(4.0),USA,M,CP,IX,_Z,_Z,_Z,2001-08,74.88914297,A,0,1,2015
OECD.SDD.STES:DSD_KEI@DF_KEI(4.0),USA,M,CP,IX,_Z,_Z,_Z,2001-10,74.97352511,A,0,1,2015
OECD.SDD.STES:DSD_KEI@DF_KEI(4.0),USA,M,CP,IX,_Z,_Z,_Z,2001-11,74.84695191,A,0,1,2015
OECD.SDD.STES:DSD_KEI@DF_KEI(4.0),USA,M,CP,IX,_Z,_Z,_Z,2002-02,75.01571617,A,0,1,2015
OECD.SDD.STES:DSD_KEI@DF_KEI(4.0),USA,M,CP,IX,_Z,_Z,_Z,2002-03,75.43762684000001,A,0,1,2015
OECD.SDD.STES:DSD_KEI@DF_KEI(4.0),USA,M,CP,IX,_Z,_Z,_Z,2002-08,76.2392571,A,0,1,2015
OECD.SDD.STES:DSD_KEI@DF_KEI(4.0),CHN,M,CP,IX,_Z,_Z,_Z,2023-04,114.89246779,A,0,1,2015
OECD.SDD.STES:DSD_KEI@DF_KEI(4.0),CHN,M,CP,IX,_Z,_Z,_Z,2023-05,114.78092170000001,A,0,1,2015
OECD.SDD.STES:DSD_KEI@DF_KEI(4.0),CHN,M,CP,IX,_Z,_Z,_Z,2023-06,114.55782952999999,A,0,1,2015
OECD.SDD.STES:DSD_KEI@DF_KEI(4.0),CHN,M,CP,IX,_Z,_Z,_Z,2023-07,114.78092170000001,A,0,1,2015
OECD.SDD.STES:DSD_KEI@DF_KEI(4.0),CHN,M,CP,IX,_Z,_Z,_Z,2023-10,115.22710604,A,0,1,2015
OECD.SDD.STES:DSD_KEI@DF_KEI(4.0),CHN,M,CP,IX,_Z,_Z,_Z,2023-11,114.66937561999998,A,0,1,2015
OECD.SDD.STES:DSD_KEI@DF_KEI(4.0),CHN,M,CP,IX,_Z,_Z,_Z,2024-02,116.23102081,A,0,1,2015
OECD.SDD.STES:DSD_KEI@DF_KEI(4.0),CHN,M,CP,IX,_Z,_Z,_Z,2024-03,115.22710604,A,0,1,2015
OECD.SDD.STES:DSD_KEI@DF_KEI(4.0),CHN,M,CP,IX,_Z,_Z,_Z,2024-08,115.78483646999999,A,0,1,2015
OECD.SDD.STES:DSD_KEI@DF_KEI(4.0),CHN,M,CP,IX,_Z,_Z,_Z,2025-02,115.33865213,A,0,1,2015
OECD.SDD.STES:DSD_KEI@DF_KEI(4.0),CHN,M,CP,IX,_Z,_Z,_Z,2025-05,115.03028576,A,0,1,2015
OECD.SDD.STES:DSD_KEI@DF_KEI(4.0),CHN,M,CP,IX,_Z,_Z,_Z,2025-12,115.8323411,A,0,1,2015
OECD.SDD.STES:DSD_KEI@DF_KEI(4.0),USA,M,CP,IX,_Z,_Z,_Z,2008-10,91.37445837,A,0,1,2015
OECD.SDD.STES:DSD_KEI@DF_KEI(4.0),USA,M,CP,IX,_Z,_Z,_Z,2009-05,90.2281271,A,0,1,2015
OECD.SDD.STES:DSD_KEI@DF_KEI(4.0),USA,M,CP,IX,_Z,_Z,_Z,2009-06,91.00317699,A,0,1,2015
OECD.SDD.STES:DSD_KEI@DF_KEI(4.0),USA,M,CP,IX,_Z,_Z,_Z,2009-07,90.85888354,A,0,1,2015
OECD.SDD.STES:DSD_KEI@DF_KEI(4.0),USA,M,CP,IX,_Z,_Z,_Z,2009-09,91.11962433000001,A,0,1,2015
OECD.SDD.STES:DSD_KEI@DF_KEI(4.0),USA,M,CP,IX,_Z,_Z,_Z,2010-01,91.42255619000001,A,0,1,2015
OECD.SDD.STES:DSD_KEI@DF_KEI(4.0),USA,M,CP,IX,_Z,_Z,_Z,2010-07,91.98116590999999,A,0,1,2015
OECD.SDD.STES:DSD_KEI@DF_KEI(4.0),USA,M,CP,IX,_Z,_Z,_Z,2011-01,92.9144323,A,0,1,2015
OECD.SDD.STES:DSD_KEI@DF_KEI(4.0),USA,M,CP,IX,_Z,_Z,_Z,2011-02,93.37262727999999,A,0,1,2015
OECD.SDD.STES:DSD_KEI@DF_KEI(4.0),USA,M,CP,IX,_Z,_Z,_Z,2011-07,95.31890118,A,0,1,2015
OECD.SDD.STES:DSD_KEI@DF_KEI(4.0),USA,M,CP,IX,_Z,_Z,_Z,2011-08,95.58175152,A,0,1,2015
OECD.SDD.STES:DSD_KEI@DF_KEI(4.0),USA,M,CP,IX,_Z,_Z,_Z,2011-12,95.21342351,A,0,1,2015
OECD.SDD.STES:DSD_KEI@DF_KEI(4.0),USA,M,CP,IX,_Z,_Z,_Z,2012-04,97.07531526999999,A,0,1,2015
OECD.SDD.STES:DSD_KEI@DF_KEI(4.0),USA,M,CP,IX,_Z,_Z,_Z,2012-07,96.66142090999999,A,0,1,2015
OECD.SDD.STES:DSD_KEI@DF_KEI(4.0),USA,M,CP,IX,_Z,_Z,_Z,2012-08,97.19935701,A,0,1,2015
OECD.SDD.STES:DSD_KEI@DF_KEI(4.0),USA,M,CP,IX,_Z,_Z,_Z,2012-09,97.63308117,A,0,1,2015
OECD.SDD.STES:DSD_KEI@DF_KEI(4.0),USA,M,CP,IX,_Z,_Z,_Z,2012-10,97.59510920999999,A,0,1,2015
OECD.SDD.STES:DSD_KEI@DF_KEI(4.0),USA,M,CP,IX,_Z,_Z,_Z,2012-11,97.13269512,A,0,1,2015
OECD.SDD.STES:DSD_KEI@DF_KEI(4.0),USA,M,CP,IX,_Z,_Z,_Z,2013-02,97.95331137,A,0,1,2015
OECD.SDD.STES:DSD_KEI@DF_KEI(4.0),USA,M,CP,IX,_Z,_Z,_Z,2013-03,98.20941114,A,0,1,2015
OECD.SDD.STES:DSD_KEI@DF_KEI(4.0),USA,M,CP,IX,_Z,_Z,_Z,2013-09,98.78996021,A,0,1,2015
