DATAFLOW,FREQ,ADJUSTMENT,REF_AREA,SECTOR,COUNTERPART_SECTOR,TRANSACTION,INSTR_ASSET,ACTIVITY,EXPENDITURE,UNIT_MEASURE,PRICE_BASE,TRANSFORMATION,TABLE_IDENTIFIER,TIME_PERIOD,OBS_VALUE,REF_YEAR_PRICE,BASE_PER,CONF_STATUS,DECIMALS,OBS_STATUS,UNIT_MULT,CURRENCY
OECD.SDD.NAD:DSD_NAMAIN1@DF_QNA_EXPENDITURE_USD(1.1),Q,Y,USA,S1,S1,B1GQ,_Z,_Z,_Z,USD_PPP,LR,LA,T0102,2000-Q1,14624432.4,2020,,F,1,A,6,USD
OECD.SDD.NAD:DSD_NAMAIN1@DF_QNA_EXPENDITURE_USD(1.1),Q,Y,USA,S1,S1,B1GQ,_Z,_Z,_Z,USD_PPP,LR,LA,T0102,2000-Q2,14890785.4,2020,,F,1,A,6,USD
OECD.SDD.NAD:DSD_NAMAIN1@DF_QNA_EXPENDITURE_USD(1.1),Q,Y,USA,S1,S1,B1GQ,_Z,_Z,_Z,USD_PPP,LR,LA,T0102,2000-Q3,14905964,2020,,F,1,A,6,USD
OECD.SDD.NAD:DSD_NAMAIN1@DF_QNA_EXPENDITURE_USD(1.1),Q,Y,USA,S1,S1,B1GQ,_Z,_Z,_Z,USD_PPP,LR,LA,T0102,2000-Q4,14994958.3,2020,,F,1,A,6,USD
OECD.SDD.NAD:DSD_NAMAIN1@DF_QNA_EXPENDITURE_USD(1.1),Q,Y,USA,S1,S1,B1GQ,_Z,_Z,_Z,USD_PPP,LR,LA,T0102,2001-Q1,14945805.1,2020,,F,1,A,6,USD
OECD.SDD.NAD:DSD_NAMAIN1@DF_QNA_EXPENDITURE_USD(1.1),Q,Y,USA,S1,S1,B1GQ,_Z,_Z,_Z,USD_PPP,LR,LA,T0102,2001-Q2,15039142,2020,,F,1,A,6,USD
OECD.SDD.NAD:DSD_NAMAIN1@DF_QNA_EXPENDITURE_USD(1.1),Q,Y,USA,S1,S1,B1GQ,_Z,_Z,_Z,USD_PPP,LR,LA,T0102,2001-Q3,14978889.3,2020,,F,1,A,6,USD
OECD.SDD.NAD:DSD_NAMAIN1@DF_QNA_EXPENDITURE_USD(1.1),Q,Y,USA,S1,S1,B1GQ,_Z,_Z,_Z,USD_PPP,LR,LA,T0102,2001-Q4,15020047.7,2020,,F,1,A,6,USD
OECD.SDD.NAD:DSD_NAMAIN1@DF_QNA_EXPENDITURE_USD(1.1),Q,Y,USA,S1,S1,B1GQ,_Z,_Z,_Z,USD_PPP,LR,LA,T0102,2002-Q1,15145669.1,2020,,F,1,A,6,USD
OECD.SDD.NAD:DSD_NAMAIN1@DF_QNA_EXPENDITURE_USD(1.1),Q,Y,USA,S1,S1,B1GQ,_Z,_Z,_Z,USD_PPP,LR,LA,T0102,2002-Q2,15238467.6,2020,,F,1,A,6,USD
OECD.SDD.NAD:DSD_NAMAIN1@DF_QNA_EXPENDITURE_USD(1.1),Q,Y,USA,S1,S1,B1GQ,_Z,_Z,_Z,USD_PPP,LR,LA,T0102,2002-Q3,15300413.7,2020,,F,1,A,6,USD
OECD.SDD.NAD:DSD_NAMAIN1@DF_QNA_EXPENDITURE_USD(1.1),Q,Y,USA,S1,S1,B1GQ,_Z,_Z,_Z,USD_PPP,LR,LA,T0102,2002-Q4,15319325.8,2020,,F,1,A,6,USD
OECD.SDD.NAD:DSD_NAMAIN1@DF_QNA_EXPENDITURE_USD(1.1),Q,Y,USA,S1,S1,B1GQ,_Z,_Z,_Z,USD_PPP,LR,LA,T0102,2003-Q1,15400003.8,2020,,F,1,A,6,USD
OECD.SDD.NAD:DSD_NAMAIN1@DF_QNA_EXPENDITURE_USD(1.1),Q,Y,USA,S1,S1,B1GQ,_Z,_Z,_Z,USD_PPP,LR,LA,T0102,2003-Q2,15536389.6,2020,,F,1,A,6,USD
OECD.SDD.NAD:DSD_NAMAIN1@DF_QNA_EXPENDITURE_USD(1.1),Q,Y,USA,S1,S1,B1GQ,_Z,_Z,_Z,USD_PPP,LR,LA,T0102,2003-Q3,15794790.8,2020,,F,1,A,6,USD
OECD.SDD.NAD:DSD_NAMAIN1@DF_QNA_EXPENDITURE_USD(1.1),Q,Y,USA,S1,S1,B1GQ,_Z,_Z,_Z,USD_PPP,LR,LA,T0102,2003-Q4,15978124.3,2020,,F,1,A,6,USD
OECD.SDD.NAD:DSD_NAMAIN1@DF_QNA_EXPENDITURE_USD(1.1),Q,Y,USA,S1,S1,B1GQ,_Z,_Z,_Z,USD_PPP,LR,LA,T0102,2004-Q1,16068664.6,2020,,F,1,A,6,USD
OECD.SDD.NAD:DSD_NAMAIN1@DF_QNA_EXPENDITURE_USD(1.1),Q,Y,USA,S1,S1,B1GQ,_Z,_Z,_Z,USD_PPP,LR,LA,T0102,2004-Q2,16193189.1,2020,,F,1,A,6,USD
OECD.SDD.NAD:DSD_NAMAIN1@DF_QNA_EXPENDITURE_USD(1.1),Q,Y,USA,S1,S1,B1GQ,_Z,_Z,_Z,USD_PPP,LR,LA,T0102,2004-Q3,16346796.7,2020,,F,1,A,6,USD
OECD.SDD.NAD:DSD_NAMAIN1@DF_QNA_EXPENDITURE_USD(1.1),Q,Y,USA,S1,S1,B1GQ,_Z,_Z,_Z,USD_PPP,LR,LA,T0102,2004-Q4,16513568.1,2020,,F,1,A,6,USD
OECD.SDD.NAD:DSD_NAMAIN1@DF_QNA_EXPENDITURE_USD(1.1),Q,Y,USA,S1,S1,B1GQ,_Z,_Z,_Z,USD_PPP,LR,LA,T0102,2005-Q1,16696763.5,2020,,F,1,A,6,USD
OECD.SDD.NAD:DSD_NAMAIN1@DF_QNA_EXPENDITURE_USD(1.1),Q,Y,USA,S1,S1,B1GQ,_Z,_Z,_Z,USD_PPP,LR,LA,T0102,2005-Q2,16779015.9,2020,,F,1,A,6,USD
OECD.SDD.NAD:DSD_NAMAIN1@DF_QNA_EXPENDITURE_USD(1.1),Q,Y,USA,S1,S1,B1GQ,_Z,_Z,_Z,USD_PPP,LR,LA,T0102,2005-Q3,16910532.2,2020,,F,1,A,6,USD
OECD.SDD.NAD:DSD_NAMAIN1@DF_QNA_EXPENDITURE_USD(1.1),Q,Y,USA,S1,S1,B1GQ,_Z,_Z,_Z,USD_PPP,LR,LA,T0102,2005-Q4,17004473,2020,,F,1,A,6,USD
OECD.SDD.NAD:DSD_NAMAIN1@DF_QNA_EXPENDITURE_USD(1.1),Q,Y,USA,S1,S1,B1GQ,_Z,_Z,_Z,USD_PPP,LR,LA,T0102,2006-Q1,17233248.4,2020,,F,1,A,6,USD
OECD.SDD.NAD:DSD_NAMAIN1@DF_QNA_EXPENDITURE_USD(1.1),Q,Y,USA,S1,S1,B1GQ,_Z,_Z,_Z,USD_PPP,LR,LA,T0102,2006-Q2,17277839.9,2020,,F,1,A,6,USD
OECD.SDD.NAD:DSD_NAMAIN1@DF_QNA_EXPENDITURE_USD(1.1),Q,Y,USA,S1,S1,B1GQ,_Z,_Z,_Z,USD_PPP,LR,LA,T0102,2006-Q3,17303749,2020,,F,1,A,6,USD
OECD.SDD.NAD:DSD_NAMAIN1@DF_QNA_EXPENDITURE_USD(1.1),Q,Y,USA,S1,S1,B1GQ,_Z,_Z,_Z,USD_PPP,LR,LA,T0102,2006-Q4,17452466.1,2020,,F,1,A,6,USD
OECD.SDD.NAD:DSD_NAMAIN1@DF_QNA_EXPENDITURE_USD(1.1),Q,Y,USA,S1,S1,B1GQ,_Z,_Z,_Z,USD_PPP,LR,LA,T0102,2007-Q1,17504969.3,2020,,F,1,A,6,USD
OECD.SDD.NAD:DSD_NAMAIN1@DF_QNA_EXPENDITURE_USD(1.1),Q,Y,USA,S1,S1,B1GQ,_Z,_Z,_Z,USD_PPP,LR,LA,T0102,2007-Q2,17612058.1,2020,,F,1,A,6,USD
OECD.SDD.NAD:DSD_NAMAIN1@DF_QNA_EXPENDITURE_USD(1.1),Q,Y,USA,S1,S1,B1GQ,_Z,_Z,_Z,USD_PPP,LR,LA,T0102,2007-Q3,17713508,2020,,F,1,A,6,USD
OECD.SDD.NAD:DSD_NAMAIN1@DF_QNA_EXPENDITURE_USD(1.1),Q,Y,USA,S1,S1,B1GQ,_Z,_Z,_Z,USD_PPP,LR,LA,T0102,2007-Q4,17824790.8,2020,,F,1,A,6,USD
OECD.SDD.NAD:DSD_NAMAIN1@DF_QNA_EXPENDITURE_USD(1.1),Q,Y,USA,S1,S1,B1GQ,_Z,_Z,_Z,USD_PPP,LR,LA,T0102,2008-Q1,17748721,2020,,F,1,A,6,USD
OECD.SDD.NAD:DSD_NAMAIN1@DF_QNA_EXPENDITURE_USD(1.1),Q,Y,USA,S1,S1,B1GQ,_Z,_Z,_Z,USD_PPP,LR,LA,T0102,2008-Q2,17854401.9,2020,,F,1,A,6,USD
OECD.SDD.NAD:DSD_NAMAIN1@DF_QNA_EXPENDITURE_USD(1.1),Q,Y,USA,S1,S1,B1GQ,_Z,_Z,_Z,USD_PPP,LR,LA,T0102,2008-Q3,17760620.2,2020,,F,1,A,6,USD
OECD.SDD.NAD:DSD_NAMAIN1@DF_QNA_EXPENDITURE_USD(1.1),Q,Y,USA,S1,S1,B1GQ,_Z,_Z,_Z,USD_PPP,LR,LA,T0102,2008-Q4,17371835.5,2020,,F,1,A,6,USD
OECD.SDD.NAD:DSD_NAMAIN1@DF_QNA_EXPENDITURE_USD(1.1),Q,Y,USA,S1,S1,B1GQ,_Z,_Z,_Z,USD_PPP,LR,LA,T0102,2009-Q1,17174687,2020,,F,1,A,6,USD
OECD.SDD.NAD:DSD_NAMAIN1@DF_QNA_EXPENDITURE_USD(1.1),Q,Y,USA,S1,S1,B1GQ,_Z,_Z,_Z,USD_PPP,LR,LA,T0102,2009-Q2,17144004.2,2020,,F,1,A,6,USD
OECD.SDD.NAD:DSD_NAMAIN1@DF_QNA_EXPENDITURE_USD(1.1),Q,Y,USA,S1,S1,B1GQ,_Z,_Z,_Z,USD_PPP,LR,LA,T0102,2009-Q3,17204212.7,2020,,F,1,A,6,USD
OECD.SDD.NAD:DSD_NAMAIN1@DF_QNA_EXPENDITURE_USD(1.1),Q,Y,USA,S1,S1,B1GQ,_Z,_Z,_Z,USD_PPP,LR,LA,T0102,2009-Q4,17390175.4,2020,,F,1,A,6,USD
OECD.SDD.NAD:DSD_NAMAIN1@DF_QNA_EXPENDITURE_USD(1.1),Q,Y,USA,S1,S1,B1GQ,_Z,_Z,_Z,USD_PPP,LR,LA,T0102,2010-Q1,17474430.9,2020,,F,1,A,6,USD
OECD.SDD.NAD:DSD_NAMAIN1@DF_QNA_EXPENDITURE_USD(1.1),Q,Y,USA,S1,S1,B1GQ,_Z,_Z,_Z,USD_PPP,LR,LA,T0102,2010-Q2,17643511.1,2020,,F,1,A,6,USD
OECD.SDD.NAD:DSD_NAMAIN1@DF_QNA_EXPENDITURE_USD(1.1),Q,Y,USA,S1,S1,B1GQ,_Z,_Z,_Z,USD_PPP,LR,LA,T0102,2010-Q3,17779557.6,2020,,F,1,A,6,USD
OECD.SDD.NAD:DSD_NAMAIN1@DF_QNA_EXPENDITURE_USD(1.1),Q,Y,USA,S1,S1,B1GQ,_Z,_Z,_Z,USD_PPP,LR,LA,T0102,2010-Q4,17872919.8,2020,,F,1,A,6,USD
OECD.SDD.NAD:DSD_NAMAIN1@DF_QNA_EXPENDITURE_USD(1.1),Q,Y,USA,S1,S1,B1GQ,_Z,_Z,_Z,USD_PPP,LR,LA,T0102,2011-Q1,17830524.4,2020,,F,1,A,6,USD
OECD.SDD.NAD:DSD_NAMAIN1@DF_QNA_EXPENDITURE_USD(1.1),Q,Y,USA,S1,S1,B1GQ,_Z,_Z,_Z,USD_PPP,LR,LA,T0102,2011-Q2,17951162.6,2020,,F,1,A,6,USD
OECD.SDD.NAD:DSD_NAMAIN1@DF_QNA_EXPENDITURE_USD(1.1),Q,Y,USA,S1,S1,B1GQ,_Z,_Z,_Z,USD_PPP,LR,LA,T0102,2011-Q3,17947157.2,2020,,F,1,A,6,USD
OECD.SDD.NAD:DSD_NAMAIN1@DF_QNA_EXPENDITURE_USD(1.1),Q,Y,USA,S1,S1,B1GQ,_Z,_Z,_Z,USD_PPP,LR,LA,T0102,2011-Q4,18148712.6,2020,,F,1,A,6,USD
OECD.SDD.NAD:DSD_NAMAIN1@DF_QNA_EXPENDITURE_USD(1.1),Q,Y,USA,S1,S1,B1GQ,_Z,_Z,_Z,USD_PPP,LR,LA,T0102,2012-Q1,18300906,2020,,F,1,A,6,USD
OECD.SDD.NAD:DSD_NAMAIN1@DF_QNA_EXPENDITURE_USD(1.1),Q,Y,USA,S1,S1,B1GQ,_Z,_Z,_Z,USD_PPP,LR,LA,T0102,2012-Q2,18382589.3,2020,,F,1,A,6,USD
OECD.SDD.NAD:DSD_NAMAIN1@DF_QNA_EXPENDITURE_USD(1.1),Q,Y,USA,S1,S1,B1GQ,_Z,_Z,_Z,USD_PPP,LR,LA,T0102,2012-Q3,18409065.4,2020,,F,1,A,6,USD
OECD.SDD.NAD:DSD_NAMAIN1@DF_QNA_EXPENDITURE_USD(1.1),Q,Y,USA,S1,S1,B1GQ,_Z,_Z,_Z,USD_PPP,LR,LA,T0102,2012-Q4,18430353.7,2020,,F,1,A,6,USD
OECD.SDD.NAD:DSD_NAMAIN1@DF_QNA_EXPENDITURE_USD(1.1),Q,Y,USA,S1,S1,B1GQ,_Z,_Z,_Z,USD_PPP,LR,LA,T0102,2013-Q1,18612180.3,2020,,F,1,A,6,USD
OECD.SDD.NAD:DSD_NAMAIN1@DF_QNA_EXPENDITURE_USD(1.1),Q,Y,USA,S1,S1,B1GQ,_Z,_Z,_Z,USD_PPP,LR,LA,T0102,2013-Q2,18661993.3,2020,,F,1,A,6,USD
OECD.SDD.NAD:DSD_NAMAIN1@DF_QNA_EXPENDITURE_USD(1.1),Q,Y,USA,S1,S1,B1GQ,_Z,_Z,_Z,USD_PPP,LR,LA,T0102,2013-Q3,18820880.3,2020,,F,1,A,6,USD
OECD.SDD.NAD:DSD_NAMAIN1@DF_QNA_EXPENDITURE_USD(1.1),Q,Y,USA,S1,S1,B1GQ,_Z,_Z,_Z,USD_PPP,LR,LA,T0102,2013-Q4,18984949.8,2020,,F,1,A,6,USD
OECD.SDD.NAD:DSD_NAMAIN1@DF_QNA_EXPENDITURE_USD(1.1),Q,Y,USA,S1,S1,B1GQ,_Z,_Z,_Z,USD_PPP,LR,LA,T0102,2014-Q1,18919433.5,2020,,F,1,A,6,USD
OECD.SDD.NAD:DSD_NAMAIN1@DF_QNA_EXPENDITURE_USD(1.1),Q,Y,USA,S1,S1,B1GQ,_Z,_Z,_Z,USD_PPP,LR,LA,T0102,2014-Q2,19163842.7,2020,,F,1,A,6,USD
OECD.SDD.NAD:DSD_NAMAIN1@DF_QNA_EXPENDITURE_USD(1.1),Q,Y,USA,S1,S1,B1GQ,_Z,_Z,_Z,USD_PPP,LR,LA,T0102,2014-Q3,19396758.4,2020,,F,1,A,6,USD
OECD.SDD.NAD:DSD_NAMAIN1@DF_QNA_EXPENDITURE_USD(1.1),Q,Y,USA,S1,S1,B1GQ,_Z,_Z,_Z,USD_PPP,LR,LA,T0102,2014-Q4,19494854.2,2020,,F,1,A,6,USD
OECD.SDD.NAD:DSD_NAMAIN1@DF_QNA_EXPENDITURE_USD(1.1),Q,Y,USA,S1,S1,B1GQ,_Z,_Z,_Z,USD_PPP,LR,LA,T0102,2015-Q1,19670402.5,2020,,F,1,A,6,USD
OECD.SDD.NAD:DSD_NAMAIN1@DF_QNA_EXPENDITURE_USD(1.1),Q,Y,USA,S1,S1,B1GQ,_Z,_Z,_Z,USD_PPP,LR,LA,T0102,2015-Q2,19792241.9,2020,,F,1,A,6,USD
OECD.SDD.NAD:DSD_NAMAIN1@DF_QNA_EXPENDITURE_USD(1.1),Q,Y,USA,S1,S1,B1GQ,_Z,_Z,_Z,USD_PPP,LR,LA,T0102,2015-Q3,19871459.4,2020,,F,1,A,6,USD
OECD.SDD.NAD:DSD_NAMAIN1@DF_QNA_EXPENDITURE_USD(1.1),Q,Y,USA,S1,S1,B1GQ,_Z,_Z,_Z,USD_PPP,LR,LA,T0102,2015-Q4,19908118.1,2020,,F,1,A,6,USD
OECD.SDD.NAD:DSD_NAMAIN1@DF_QNA_EXPENDITURE_USD(1.1),Q,Y,USA,S1,S1,B1GQ,_Z,_Z,_Z,USD_PPP,LR,LA,T0102,2016-Q1,20023489.5,2020,,F,1,A,6,USD
OECD.SDD.NAD:DSD_NAMAIN1@DF_QNA_EXPENDITURE_USD(1.1),Q,Y,USA,S1,S1,B1GQ,_Z,_Z,_Z,USD_PPP,LR,LA,T0102,2016-Q2,20087789.7,2020,,F,1,A,6,USD
OECD.SDD.NAD:DSD_NAMAIN1@DF_QNA_EXPENDITURE_USD(1.1),Q,Y,USA,S1,S1,B1GQ,_Z,_Z,_Z,USD_PPP,LR,LA,T0102,2016-Q3,20230290.6,2020,,F,1,A,6,USD
OECD.SDD.NAD:DSD_NAMAIN1@DF_QNA_EXPENDITURE_USD(1.1),Q,Y,USA,S1,S1,B1GQ,_Z,_Z,_Z,USD_PPP,LR,LA,T0102,2016-Q4,20342426.9,2020,,F,1,A,6,USD
OECD.SDD.NAD:DSD_NAMAIN1@DF_QNA_EXPENDITURE_USD(1.1),Q,Y,USA,S1,S1,B1GQ,_Z,_Z,_Z,USD_PPP,LR,LA,T0102,2017-Q1,20441472.2,2020,,F,1,A,6,USD
OECD.SDD.NAD:DSD_NAMAIN1@DF_QNA_EXPENDITURE_USD(1.1),Q,Y,USA,S1,S1,B1GQ,_Z,_Z,_Z,USD_PPP,LR,LA,T0102,2017-Q2,20555918.4,2020,,F,1,A,6,USD
OECD.SDD.NAD:DSD_NAMAIN1@DF_QNA_EXPENDITURE_USD(1.1),Q,Y,USA,S1,S1,B1GQ,_Z,_Z,_Z,USD_PPP,LR,LA,T0102,2017-Q3,20718006.7,2020,,F,1,A,6,USD
OECD.SDD.NAD:DSD_NAMAIN1@DF_QNA_EXPENDITURE_USD(1.1),Q,Y,USA,S1,S1,B1GQ,_Z,_Z,_Z,USD_PPP,LR,LA,T0102,2017-Q4,20951508.3,2020,,F,1,A,6,USD
OECD.SDD.NAD:DSD_NAMAIN1@DF_QNA_EXPENDITURE_USD(1.1),Q,Y,USA,S1,S1,B1GQ,_Z,_Z,_Z,USD_PPP,LR,LA,T0102,2018-Q1,21121930,2020,,F,1,A,6,USD
OECD.SDD.NAD:DSD_NAMAIN1@DF_QNA_EXPENDITURE_USD(1.1),Q,Y,USA,S1,S1,B1GQ,_Z,_Z,_Z,USD_PPP,LR,LA,T0102,2018-Q2,21234050.5,2020,,F,1,A,6,USD
OECD.SDD.NAD:DSD_NAMAIN1@DF_QNA_EXPENDITURE_USD(1.1),Q,Y,USA,S1,S1,B1GQ,_Z,_Z,_Z,USD_PPP,LR,LA,T0102,2018-Q3,21366486.7,2020,,F,1,A,6,USD
OECD.SDD.NAD:DSD_NAMAIN1@DF_QNA_EXPENDITURE_USD(1.1),Q,Y,USA,S1,S1,B1GQ,_Z,_Z,_Z,USD_PPP,LR,LA,T0102,2018-Q4,21396751.1,2020,,F,1,A,6,USD
OECD.SDD.NAD:DSD_NAMAIN1@DF_QNA_EXPENDITURE_USD(1.1),Q,Y,USA,S1,S1,B1GQ,_Z,_Z,_Z,USD_PPP,LR,LA,T0102,2019-Q1,21530334.9,2020,,F,1,A,6,USD
OECD.SDD.NAD:DSD_NAMAIN1@DF_QNA_EXPENDITURE_USD(1.1),Q,Y,USA,S1,S1,B1GQ,_Z,_Z,_Z,USD_PPP,LR,LA,T0102,2019-Q2,21710144.6,2020,,F,1,A,6,USD
OECD.SDD.NAD:DSD_NAMAIN1@DF_QNA_EXPENDITURE_USD(1.1),Q,Y,USA,S1,S1,B1GQ,_Z,_Z,_Z,USD_PPP,LR,LA,T0102,2019-Q3,21964153.7,2020,,F,1,A,6,USD
OECD.SDD.NAD:DSD_NAMAIN1@DF_QNA_EXPENDITURE_USD(1.1),Q,Y,USA,S1,S1,B1GQ,_Z,_Z,_Z,USD_PPP,LR,LA,T0102,2019-Q4,22113922.4,2020,,F,1,A,6,USD
OECD.SDD.NAD:DSD_NAMAIN1@DF_QNA_EXPENDITURE_USD(1.1),Q,Y,USA,S1,S1,B1GQ,_Z,_Z,_Z,USD_PPP,LR,LA,T0102,2020-Q1,21822832,2020,,F,1,A,6,USD
OECD.SDD.NAD:DSD_NAMAIN1@DF_QNA_EXPENDITURE_USD(1.1),Q,Y,USA,S1,S1,B1GQ,_Z,_Z,_Z,USD_PPP,LR,LA,T0102,2020-Q2,20103894.6,2020,,F,1,A,6,USD
OECD.SDD.NAD:DSD_NAMAIN1@DF_QNA_EXPENDITURE_USD(1.1),Q,Y,USA,S1,S1,B1GQ,_Z,_Z,_Z,USD_PPP,LR,LA,T0102,2020-Q3,21664415,2020,,F,1,A,6,USD
OECD.SDD.NAD:DSD_NAMAIN1@DF_QNA_EXPENDITURE_USD(1.1),Q,Y,USA,S1,S1,B1GQ,_Z,_Z,_Z,USD_PPP,LR,LA,T0102,2020-Q4,21909984.4,2020,,F,1,A,6,USD
OECD.SDD.NAD:DSD_NAMAIN1@DF_QNA_EXPENDITURE_USD(1.1),Q,Y,USA,S1,S1,B1GQ,_Z,_Z,_Z,USD_PPP,LR,LA,T0102,2021-Q1,22215807.6,2020,,F,1,A,6,USD
OECD.SDD.NAD:DSD_NAMAIN1@DF_QNA_EXPENDITURE_USD(1.1),Q,Y,USA,S1,S1,B1GQ,_Z,_Z,_Z,USD_PPP,LR,LA,T0102,2021-Q2,22593896.5,2020,,F,1,A,6,USD
OECD.SDD.NAD:DSD_NAMAIN1@DF_QNA_EXPENDITURE_USD(1.1),Q,Y,USA,S1,S1,B1GQ,_Z,_Z,_Z,USD_PPP,LR,LA,T0102,2021-Q3,22780308.1,2020,,F,1,A,6,USD
OECD.SDD.NAD:DSD_NAMAIN1@DF_QNA_EXPENDITURE_USD(1.1),Q,Y,USA,S1,S1,B1GQ,_Z,_Z,_Z,USD_PPP,LR,LA,T0102,2021-Q4,23171162.4,2020,,F,1,A,6,USD
OECD.SDD.NAD:DSD_NAMAIN1@DF_QNA_EXPENDITURE_USD(1.1),Q,Y,USA,S1,S1,B1GQ,_Z,_Z,_Z,USD_PPP,LR,LA,T0102,2022-Q1,23112122.6,2020,,F,1,A,6,USD
OECD.SDD.NAD:DSD_NAMAIN1@DF_QNA_EXPENDITURE_USD(1.1),Q,Y,USA,S1,S1,B1GQ,_Z,_Z,_Z,USD_PPP,LR,LA,T0102,2022-Q2,23148303.9,2020,,F,1,A,6,USD
OECD.SDD.NAD:DSD_NAMAIN1@DF_QNA_EXPENDITURE_USD(1.1),Q,Y,USA,S1,S1,B1GQ,_Z,_Z,_Z,USD_PPP,LR,LA,T0102,2022-Q3,23315411.4,2020,,F,1,A,6,USD
OECD.SDD.NAD:DSD_NAMAIN1@DF_QNA_EXPENDITURE_USD(1.1),Q,Y,USA,S1,S1,B1GQ,_Z,_Z,_Z,USD_PPP,LR,LA,T0102,2022-Q4,23476343.8,2020,,F,1,A,6,USD
OECD.SDD.NAD:DSD_NAMAIN1@DF_QNA_EXPENDITURE_USD(1.1),Q,Y,USA,S1,S1,B1GQ,_Z,_Z,_Z,USD_PPP,LR,LA,T0102,2023-Q1,23646277.5,2020,,F,1,A,6,USD
OECD.SDD.NAD:DSD_NAMAIN1@DF_QNA_EXPENDITURE_USD(1.1),Q,Y,USA,S1,S1,B1GQ,_Z,_Z,_Z,USD_PPP,LR,LA,T0102,2023-Q2,23794745.9,2020,,F,1,A,6,USD
OECD.SDD.NAD:DSD_NAMAIN1@DF_QNA_EXPENDITURE_USD(1.1),Q,Y,USA,S1,S1,B1GQ,_Z,_Z,_Z,USD_PPP,LR,LA,T0102,2023-Q3,24069243.5,2020,,F,1,A,6,USD
OECD.SDD.NAD:DSD_NAMAIN1@DF_QNA_EXPENDITURE_USD(1.1),Q,Y,USA,S1,S1,B1GQ,_Z,_Z,_Z,USD_PPP,LR,LA,T0102,2023-Q4,24272401.7,2020,,F,1,A,6,USD
OECD.SDD.NAD:DSD_NAMAIN1@DF_QNA_EXPENDITURE_USD(1.1),Q,Y,USA,S1,S1,B1GQ,_Z,_Z,_Z,USD_PPP,LR,LA,T0102,2024-Q1,24323340,2020,,F,1,A,6,USD
OECD.SDD.NAD:DSD_NAMAIN1@DF_QNA_EXPENDITURE_USD(1.1),Q,Y,USA,S1,S1,B1GQ,_Z,_Z,_Z,USD_PPP,LR,LA,T0102,2024-Q2,24538719.9,2020,,F,1,A,6,USD
OECD.SDD.NAD:DSD_NAMAIN1@DF_QNA_EXPENDITURE_USD(1.1),Q,Y,USA,S1,S1,B1GQ,_Z,_Z,_Z,USD_PPP,LR,LA,T0102,2024-Q3,24741109.9,2020,,F,1,A,6,USD
OECD.SDD.NAD:DSD_NAMAIN1@DF_QNA_EXPENDITURE_USD(1.1),Q,Y,USA,S1,S1,B1GQ,_Z,_Z,_Z,USD_PPP,LR,LA,T0102,2024-Q4,24854888,2020,,F,1,A,6,USD
OECD.SDD.NAD:DSD_NAMAIN1@DF_QNA_EXPENDITURE_USD(1.1),Q,Y,USA,S1,S1,B1GQ,_Z,_Z,_Z,USD_PPP,LR,LA,T0102,2025-Q1,24814494.7,2020,,F,1,A,6,USD
OECD.SDD.NAD:DSD_NAMAIN1@DF_QNA_EXPENDITURE_USD(1.1),Q,Y,USA,S1,S1,B1GQ,_Z,_Z,_Z,USD_PPP,LR,LA,T0102,2025-Q2,25049239.7,2020,,F,1,A,6,USD
OECD.SDD.NAD:DSD_NAMAIN1@DF_QNA_EXPENDITURE_USD(1.1),Q,Y,USA,S1,S1,B1GQ,_Z,_Z,_Z,USD_PPP,LR,LA,T0102,2025-Q3,25318856.3,2020,,F,1,A,6,USD
OECD.SDD.NAD:DSD_NAMAIN1@DF_QNA_EXPENDITURE_USD(1.1),Q,Y,USA,S1,S1,B1GQ,_Z,_Z,_Z,USD_PPP,LR,LA,T0102,2025-Q4,25349326.2,2020,,F,1,A,6,USD
OECD.SDD.NAD:DSD_NAMAIN1@DF_QNA_EXPENDITURE_USD(1.1),Q,Y,USA,S1,S1,P51G,_Z,_T,_Z,USD_PPP,LR,LA,T0102,2002-Q1,3035593.2,2020,,F,1,A,6,USD
OECD.SDD.NAD:DSD_NAMAIN1@DF_QNA_EXPENDITURE_USD(1.1),Q,Y,USA,S1,S1,P51G,_Z,_T,_Z,USD_PPP,LR,LA,T0102,2002-Q2,3036147,2020,,F,1,A,6,USD
OECD.SDD.NAD:DSD_NAMAIN1@DF_QNA_EXPENDITURE_USD(1.1),Q,Y,USA,S1,S1,P51G,_Z,_T,_Z,USD_PPP,LR,LA,T0102,2002-Q3,3042075.6,2020,,F,1,A,6,USD
OECD.SDD.NAD:DSD_NAMAIN1@DF_QNA_EXPENDITURE_USD(1.1),Q,Y,USA,S1,S1,P51G,_Z,_T,_Z,USD_PPP,LR,LA,T0102,2002-Q4,3040474.9,2020,,F,1,A,6,USD
OECD.SDD.NAD:DSD_NAMAIN1@DF_QNA_EXPENDITURE_USD(1.1),Q,Y,USA,S1,S1,P51G,_Z,_T,_Z,USD_PPP,LR,LA,T0102,2003-Q1,3062749.4,2020,,F,1,A,6,USD
OECD.SDD.NAD:DSD_NAMAIN1@DF_QNA_EXPENDITURE_USD(1.1),Q,Y,USA,S1,S1,P51G,_Z,_T,_Z,USD_PPP,LR,LA,T0102,2003-Q2,3122471,2020,,F,1,A,6,USD
OECD.SDD.NAD:DSD_NAMAIN1@DF_QNA_EXPENDITURE_USD(1.1),Q,Y,USA,S1,S1,P51G,_Z,_T,_Z,USD_PPP,LR,LA,T0102,2003-Q3,3216986.7,2020,,F,1,A,6,USD
OECD.SDD.NAD:DSD_NAMAIN1@DF_QNA_EXPENDITURE_USD(1.1),Q,Y,USA,S1,S1,P51G,_Z,_T,_Z,USD_PPP,LR,LA,T0102,2003-Q4,3267049.5,2020,,F,1,A,6,USD
OECD.SDD.NAD:DSD_NAMAIN1@DF_QNA_EXPENDITURE_USD(1.1),Q,Y,USA,S1,S1,P51G,_Z,_T,_Z,USD_PPP,LR,LA,T0102,2004-Q1,3259067.7,2020,,F,1,A,6,USD
OECD.SDD.NAD:DSD_NAMAIN1@DF_QNA_EXPENDITURE_USD(1.1),Q,Y,USA,S1,S1,P51G,_Z,_T,_Z,USD_PPP,LR,LA,T0102,2004-Q2,3335568.9,2020,,F,1,A,6,USD
OECD.SDD.NAD:DSD_NAMAIN1@DF_QNA_EXPENDITURE_USD(1.1),Q,Y,USA,S1,S1,P51G,_Z,_T,_Z,USD_PPP,LR,LA,T0102,2004-Q3,3392178.8,2020,,F,1,A,6,USD
OECD.SDD.NAD:DSD_NAMAIN1@DF_QNA_EXPENDITURE_USD(1.1),Q,Y,USA,S1,S1,P51G,_Z,_T,_Z,USD_PPP,LR,LA,T0102,2004-Q4,3441692,2020,,F,1,A,6,USD
OECD.SDD.NAD:DSD_NAMAIN1@DF_QNA_EXPENDITURE_USD(1.1),Q,Y,USA,S1,S1,P51G,_Z,_T,_Z,USD_PPP,LR,LA,T0102,2005-Q1,3492366.1,2020,,F,1,A,6,USD
OECD.SDD.NAD:DSD_NAMAIN1@DF_QNA_EXPENDITURE_USD(1.1),Q,Y,USA,S1,S1,P51G,_Z,_T,_Z,USD_PPP,LR,LA,T0102,2005-Q2,3544143.5,2020,,F,1,A,6,USD
OECD.SDD.NAD:DSD_NAMAIN1@DF_QNA_EXPENDITURE_USD(1.1),Q,Y,USA,S1,S1,P51G,_Z,_T,_Z,USD_PPP,LR,LA,T0102,2005-Q3,3595335.8,2020,,F,1,A,6,USD
OECD.SDD.NAD:DSD_NAMAIN1@DF_QNA_EXPENDITURE_USD(1.1),Q,Y,USA,S1,S1,P51G,_Z,_T,_Z,USD_PPP,LR,LA,T0102,2005-Q4,3610342.2,2020,,F,1,A,6,USD
OECD.SDD.NAD:DSD_NAMAIN1@DF_QNA_EXPENDITURE_USD(1.1),Q,Y,USA,S1,S1,P51G,_Z,_T,_Z,USD_PPP,LR,LA,T0102,2006-Q1,3681808.2,2020,,F,1,A,6,USD
OECD.SDD.NAD:DSD_NAMAIN1@DF_QNA_EXPENDITURE_USD(1.1),Q,Y,USA,S1,S1,P51G,_Z,_T,_Z,USD_PPP,LR,LA,T0102,2006-Q2,3670981.2,2020,,F,1,A,6,USD
OECD.SDD.NAD:DSD_NAMAIN1@DF_QNA_EXPENDITURE_USD(1.1),Q,Y,USA,S1,S1,P51G,_Z,_T,_Z,USD_PPP,LR,LA,T0102,2006-Q3,3643513.7,2020,,F,1,A,6,USD
OECD.SDD.NAD:DSD_NAMAIN1@DF_QNA_EXPENDITURE_USD(1.1),Q,Y,USA,S1,S1,P51G,_Z,_T,_Z,USD_PPP,LR,LA,T0102,2006-Q4,3626769.7,2020,,F,1,A,6,USD
OECD.SDD.NAD:DSD_NAMAIN1@DF_QNA_EXPENDITURE_USD(1.1),Q,Y,USA,S1,S1,P51G,_Z,_T,_Z,USD_PPP,LR,LA,T0102,2007-Q1,3627487.5,2020,,F,1,A,6,USD
OECD.SDD.NAD:DSD_NAMAIN1@DF_QNA_EXPENDITURE_USD(1.1),Q,Y,USA,S1,S1,P51G,_Z,_T,_Z,USD_PPP,LR,LA,T0102,2007-Q2,3653965.5,2020,,F,1,A,6,USD
OECD.SDD.NAD:DSD_NAMAIN1@DF_QNA_EXPENDITURE_USD(1.1),Q,Y,USA,S1,S1,P51G,_Z,_T,_Z,USD_PPP,LR,LA,T0102,2007-Q3,3638689.5,2020,,F,1,A,6,USD
OECD.SDD.NAD:DSD_NAMAIN1@DF_QNA_EXPENDITURE_USD(1.1),Q,Y,USA,S1,S1,P51G,_Z,_T,_Z,USD_PPP,LR,LA,T0102,2007-Q4,3618271.8,2020,,F,1,A,6,USD
OECD.SDD.NAD:DSD_NAMAIN1@DF_QNA_EXPENDITURE_USD(1.1),Q,Y,USA,S1,S1,P51G,_Z,_T,_Z,USD_PPP,LR,LA,T0102,2008-Q1,3570713.5,2020,,F,1,A,6,USD
OECD.SDD.NAD:DSD_NAMAIN1@DF_QNA_EXPENDITURE_USD(1.1),Q,Y,USA,S1,S1,P51G,_Z,_T,_Z,USD_PPP,LR,LA,T0102,2008-Q2,3559933.6,2020,,F,1,A,6,USD
OECD.SDD.NAD:DSD_NAMAIN1@DF_QNA_EXPENDITURE_USD(1.1),Q,Y,USA,S1,S1,P51G,_Z,_T,_Z,USD_PPP,LR,LA,T0102,2008-Q3,3491989.9,2020,,F,1,A,6,USD
OECD.SDD.NAD:DSD_NAMAIN1@DF_QNA_EXPENDITURE_USD(1.1),Q,Y,USA,S1,S1,P51G,_Z,_T,_Z,USD_PPP,LR,LA,T0102,2008-Q4,3304338.8,2020,,F,1,A,6,USD
OECD.SDD.NAD:DSD_NAMAIN1@DF_QNA_EXPENDITURE_USD(1.1),Q,Y,USA,S1,S1,P51G,_Z,_T,_Z,USD_PPP,LR,LA,T0102,2009-Q1,3094987.8,2020,,F,1,A,6,USD
OECD.SDD.NAD:DSD_NAMAIN1@DF_QNA_EXPENDITURE_USD(1.1),Q,Y,USA,S1,S1,P51G,_Z,_T,_Z,USD_PPP,LR,LA,T0102,2009-Q2,3020176.2,2020,,F,1,A,6,USD
OECD.SDD.NAD:DSD_NAMAIN1@DF_QNA_EXPENDITURE_USD(1.1),Q,Y,USA,S1,S1,P51G,_Z,_T,_Z,USD_PPP,LR,LA,T0102,2009-Q3,3031329.1,2020,,F,1,A,6,USD
OECD.SDD.NAD:DSD_NAMAIN1@DF_QNA_EXPENDITURE_USD(1.1),Q,Y,USA,S1,S1,P51G,_Z,_T,_Z,USD_PPP,LR,LA,T0102,2009-Q4,3036540.9,2020,,F,1,A,6,USD
OECD.SDD.NAD:DSD_NAMAIN1@DF_QNA_EXPENDITURE_USD(1.1),Q,Y,USA,S1,S1,P51G,_Z,_T,_Z,USD_PPP,LR,LA,T0102,2010-Q1,3025671.2,2020,,F,1,A,6,USD
OECD.SDD.NAD:DSD_NAMAIN1@DF_QNA_EXPENDITURE_USD(1.1),Q,Y,USA,S1,S1,P51G,_Z,_T,_Z,USD_PPP,LR,LA,T0102,2010-Q2,3122907.7,2020,,F,1,A,6,USD
OECD.SDD.NAD:DSD_NAMAIN1@DF_QNA_EXPENDITURE_USD(1.1),Q,Y,USA,S1,S1,P51G,_Z,_T,_Z,USD_PPP,LR,LA,T0102,2010-Q3,3135008.3,2020,,F,1,A,6,USD
OECD.SDD.NAD:DSD_NAMAIN1@DF_QNA_EXPENDITURE_USD(1.1),Q,Y,USA,S1,S1,P51G,_Z,_T,_Z,USD_PPP,LR,LA,T0102,2010-Q4,3174438.6,2020,,F,1,A,6,USD
OECD.SDD.NAD:DSD_NAMAIN1@DF_QNA_EXPENDITURE_USD(1.1),Q,Y,USA,S1,S1,P51G,_Z,_T,_Z,USD_PPP,LR,LA,T0102,2011-Q1,3156309,2020,,F,1,A,6,USD
OECD.SDD.NAD:DSD_NAMAIN1@DF_QNA_EXPENDITURE_USD(1.1),Q,Y,USA,S1,S1,P51G,_Z,_T,_Z,USD_PPP,LR,LA,T0102,2011-Q2,3205509.8,2020,,F,1,A,6,USD
OECD.SDD.NAD:DSD_NAMAIN1@DF_QNA_EXPENDITURE_USD(1.1),Q,Y,USA,S1,S1,P51G,_Z,_T,_Z,USD_PPP,LR,LA,T0102,2011-Q3,3304128.7,2020,,F,1,A,6,USD
OECD.SDD.NAD:DSD_NAMAIN1@DF_QNA_EXPENDITURE_USD(1.1),Q,Y,USA,S1,S1,P51G,_Z,_T,_Z,USD_PPP,LR,LA,T0102,2011-Q4,3368504.2,2020,,F,1,A,6,USD
OECD.SDD.NAD:DSD_NAMAIN1@DF_QNA_EXPENDITURE_USD(1.1),Q,Y,USA,S1,S1,P51G,_Z,_T,_Z,USD_PPP,LR,LA,T0102,2012-Q1,3437764.4,2020,,F,1,A,6,USD
OECD.SDD.NAD:DSD_NAMAIN1@DF_QNA_EXPENDITURE_USD(1.1),Q,Y,USA,S1,S1,P51G,_Z,_T,_Z,USD_PPP,LR,LA,T0102,2012-Q2,3490027.7,2020,,F,1,A,6,USD
OECD.SDD.NAD:DSD_NAMAIN1@DF_QNA_EXPENDITURE_USD(1.1),Q,Y,USA,S1,S1,P51G,_Z,_T,_Z,USD_PPP,LR,LA,T0102,2012-Q3,3483266.3,2020,,F,1,A,6,USD
OECD.SDD.NAD:DSD_NAMAIN1@DF_QNA_EXPENDITURE_USD(1.1),Q,Y,USA,S1,S1,P51G,_Z,_T,_Z,USD_PPP,LR,LA,T0102,2012-Q4,3524198,2020,,F,1,A,6,USD
OECD.SDD.NAD:DSD_NAMAIN1@DF_QNA_EXPENDITURE_USD(1.1),Q,Y,USA,S1,S1,P51G,_Z,_T,_Z,USD_PPP,LR,LA,T0102,2013-Q1,3565774.4,2020,,F,1,A,6,USD
OECD.SDD.NAD:DSD_NAMAIN1@DF_QNA_EXPENDITURE_USD(1.1),Q,Y,USA,S1,S1,P51G,_Z,_T,_Z,USD_PPP,LR,LA,T0102,2013-Q2,3593823.9,2020,,F,1,A,6,USD
OECD.SDD.NAD:DSD_NAMAIN1@DF_QNA_EXPENDITURE_USD(1.1),Q,Y,USA,S1,S1,P51G,_Z,_T,_Z,USD_PPP,LR,LA,T0102,2013-Q3,3650181,2020,,F,1,A,6,USD
OECD.SDD.NAD:DSD_NAMAIN1@DF_QNA_EXPENDITURE_USD(1.1),Q,Y,USA,S1,S1,P51G,_Z,_T,_Z,USD_PPP,LR,LA,T0102,2013-Q4,3693809.5,2020,,F,1,A,6,USD
OECD.SDD.NAD:DSD_NAMAIN1@DF_QNA_EXPENDITURE_USD(1.1),Q,Y,USA,S1,S1,P51G,_Z,_T,_Z,USD_PPP,LR,LA,T0102,2014-Q1,3714630.6,2020,,F,1,A,6,USD
OECD.SDD.NAD:DSD_NAMAIN1@DF_QNA_EXPENDITURE_USD(1.1),Q,Y,USA,S1,S1,P51G,_Z,_T,_Z,USD_PPP,LR,LA,T0102,2014-Q2,3819065.3,2020,,F,1,A,6,USD
OECD.SDD.NAD:DSD_NAMAIN1@DF_QNA_EXPENDITURE_USD(1.1),Q,Y,USA,S1,S1,P51G,_Z,_T,_Z,USD_PPP,LR,LA,T0102,2014-Q3,3886382,2020,,F,1,A,6,USD
OECD.SDD.NAD:DSD_NAMAIN1@DF_QNA_EXPENDITURE_USD(1.1),Q,Y,USA,S1,S1,P51G,_Z,_T,_Z,USD_PPP,LR,LA,T0102,2014-Q4,3938005.9,2020,,F,1,A,6,USD
OECD.SDD.NAD:DSD_NAMAIN1@DF_QNA_EXPENDITURE_USD(1.1),Q,Y,USA,S1,S1,P51G,_Z,_T,_Z,USD_PPP,LR,LA,T0102,2015-Q1,3947131.7,2020,,F,1,A,6,USD
OECD.SDD.NAD:DSD_NAMAIN1@DF_QNA_EXPENDITURE_USD(1.1),Q,Y,USA,S1,S1,P51G,_Z,_T,_Z,USD_PPP,LR,LA,T0102,2015-Q2,4002467,2020,,F,1,A,6,USD
OECD.SDD.NAD:DSD_NAMAIN1@DF_QNA_EXPENDITURE_USD(1.1),Q,Y,USA,S1,S1,P51G,_Z,_T,_Z,USD_PPP,LR,LA,T0102,2015-Q3,4044109.2,2020,,F,1,A,6,USD
OECD.SDD.NAD:DSD_NAMAIN1@DF_QNA_EXPENDITURE_USD(1.1),Q,Y,USA,S1,S1,P51G,_Z,_T,_Z,USD_PPP,LR,LA,T0102,2015-Q4,4040277.6,2020,,F,1,A,6,USD
OECD.SDD.NAD:DSD_NAMAIN1@DF_QNA_EXPENDITURE_USD(1.1),Q,Y,USA,S1,S1,P51G,_Z,_T,_Z,USD_PPP,LR,LA,T0102,2016-Q1,4082562.4,2020,,F,1,A,6,USD
OECD.SDD.NAD:DSD_NAMAIN1@DF_QNA_EXPENDITURE_USD(1.1),Q,Y,USA,S1,S1,P51G,_Z,_T,_Z,USD_PPP,LR,LA,T0102,2016-Q2,4101114.1,2020,,F,1,A,6,USD
OECD.SDD.NAD:DSD_NAMAIN1@DF_QNA_EXPENDITURE_USD(1.1),Q,Y,USA,S1,S1,P51G,_Z,_T,_Z,USD_PPP,LR,LA,T0102,2016-Q3,4138707.4,2020,,F,1,A,6,USD
OECD.SDD.NAD:DSD_NAMAIN1@DF_QNA_EXPENDITURE_USD(1.1),Q,Y,USA,S1,S1,P51G,_Z,_T,_Z,USD_PPP,LR,LA,T0102,2016-Q4,4177043.7,2020,,F,1,A,6,USD
OECD.SDD.NAD:DSD_NAMAIN1@DF_QNA_EXPENDITURE_USD(1.1),Q,Y,USA,S1,S1,P51G,_Z,_T,_Z,USD_PPP,LR,LA,T0102,2017-Q1,4226553.8,2020,,F,1,A,6,USD
OECD.SDD.NAD:DSD_NAMAIN1@DF_QNA_EXPENDITURE_USD(1.1),Q,Y,USA,S1,S1,P51G,_Z,_T,_Z,USD_PPP,LR,LA,T0102,2017-Q2,4270924.1,2020,,F,1,A,6,USD
OECD.SDD.NAD:DSD_NAMAIN1@DF_QNA_EXPENDITURE_USD(1.1),Q,Y,USA,S1,S1,P51G,_Z,_T,_Z,USD_PPP,LR,LA,T0102,2017-Q3,4302533.5,2020,,F,1,A,6,USD
OECD.SDD.NAD:DSD_NAMAIN1@DF_QNA_EXPENDITURE_USD(1.1),Q,Y,USA,S1,S1,P51G,_Z,_T,_Z,USD_PPP,LR,LA,T0102,2017-Q4,4404455.3,2020,,F,1,A,6,USD
OECD.SDD.NAD:DSD_NAMAIN1@DF_QNA_EXPENDITURE_USD(1.1),Q,Y,USA,S1,S1,P51G,_Z,_T,_Z,USD_PPP,LR,LA,T0102,2018-Q1,4470605.9,2020,,F,1,A,6,USD
OECD.SDD.NAD:DSD_NAMAIN1@DF_QNA_EXPENDITURE_USD(1.1),Q,Y,USA,S1,S1,P51G,_Z,_T,_Z,USD_PPP,LR,LA,T0102,2018-Q2,4521869.3,2020,,F,1,A,6,USD
OECD.SDD.NAD:DSD_NAMAIN1@DF_QNA_EXPENDITURE_USD(1.1),Q,Y,USA,S1,S1,P51G,_Z,_T,_Z,USD_PPP,LR,LA,T0102,2018-Q3,4537328.1,2020,,F,1,A,6,USD
OECD.SDD.NAD:DSD_NAMAIN1@DF_QNA_EXPENDITURE_USD(1.1),Q,Y,USA,S1,S1,P51G,_Z,_T,_Z,USD_PPP,LR,LA,T0102,2018-Q4,4539232.9,2020,,F,1,A,6,USD
OECD.SDD.NAD:DSD_NAMAIN1@DF_QNA_EXPENDITURE_USD(1.1),Q,Y,USA,S1,S1,P51G,_Z,_T,_Z,USD_PPP,LR,LA,T0102,2019-Q1,4573036.5,2020,,F,1,A,6,USD
OECD.SDD.NAD:DSD_NAMAIN1@DF_QNA_EXPENDITURE_USD(1.1),Q,Y,USA,S1,S1,P51G,_Z,_T,_Z,USD_PPP,LR,LA,T0102,2019-Q2,4642686.4,2020,,F,1,A,6,USD
OECD.SDD.NAD:DSD_NAMAIN1@DF_QNA_EXPENDITURE_USD(1.1),Q,Y,USA,S1,S1,P51G,_Z,_T,_Z,USD_PPP,LR,LA,T0102,2019-Q3,4695623.7,2020,,F,1,A,6,USD
OECD.SDD.NAD:DSD_NAMAIN1@DF_QNA_EXPENDITURE_USD(1.1),Q,Y,USA,S1,S1,P51G,_Z,_T,_Z,USD_PPP,LR,LA,T0102,2019-Q4,4686706.8,2020,,F,1,A,6,USD
OECD.SDD.NAD:DSD_NAMAIN1@DF_QNA_EXPENDITURE_USD(1.1),Q,Y,USA,S1,S1,P51G,_Z,_T,_Z,USD_PPP,LR,LA,T0102,2020-Q1,4678860.8,2020,,F,1,A,6,USD
OECD.SDD.NAD:DSD_NAMAIN1@DF_QNA_EXPENDITURE_USD(1.1),Q,Y,USA,S1,S1,P51G,_Z,_T,_Z,USD_PPP,LR,LA,T0102,2020-Q2,4384007.2,2020,,F,1,A,6,USD
OECD.SDD.NAD:DSD_NAMAIN1@DF_QNA_EXPENDITURE_USD(1.1),Q,Y,USA,S1,S1,P51G,_Z,_T,_Z,USD_PPP,LR,LA,T0102,2020-Q3,4615200.1,2020,,F,1,A,6,USD
OECD.SDD.NAD:DSD_NAMAIN1@DF_QNA_EXPENDITURE_USD(1.1),Q,Y,USA,S1,S1,P51G,_Z,_T,_Z,USD_PPP,LR,LA,T0102,2020-Q4,4773313.9,2020,,F,1,A,6,USD
OECD.SDD.NAD:DSD_NAMAIN1@DF_QNA_EXPENDITURE_USD(1.1),Q,Y,USA,S1,S1,P51G,_Z,_T,_Z,USD_PPP,LR,LA,T0102,2021-Q1,4837882.6,2020,,F,1,A,6,USD
OECD.SDD.NAD:DSD_NAMAIN1@DF_QNA_EXPENDITURE_USD(1.1),Q,Y,USA,S1,S1,P51G,_Z,_T,_Z,USD_PPP,LR,LA,T0102,2021-Q2,4883666.7,2020,,F,1,A,6,USD
OECD.SDD.NAD:DSD_NAMAIN1@DF_QNA_EXPENDITURE_USD(1.1),Q,Y,USA,S1,S1,P51G,_Z,_T,_Z,USD_PPP,LR,LA,T0102,2021-Q3,4865564.3,2020,,F,1,A,6,USD
OECD.SDD.NAD:DSD_NAMAIN1@DF_QNA_EXPENDITURE_USD(1.1),Q,Y,USA,S1,S1,P51G,_Z,_T,_Z,USD_PPP,LR,LA,T0102,2021-Q4,4892980.6,2020,,F,1,A,6,USD
OECD.SDD.NAD:DSD_NAMAIN1@DF_QNA_EXPENDITURE_USD(1.1),Q,Y,USA,S1,S1,P51G,_Z,_T,_Z,USD_PPP,LR,LA,T0102,2022-Q1,4961151,2020,,F,1,A,6,USD
OECD.SDD.NAD:DSD_NAMAIN1@DF_QNA_EXPENDITURE_USD(1.1),Q,Y,USA,S1,S1,P51G,_Z,_T,_Z,USD_PPP,LR,LA,T0102,2022-Q2,4979011,2020,,F,1,A,6,USD
OECD.SDD.NAD:DSD_NAMAIN1@DF_QNA_EXPENDITURE_USD(1.1),Q,Y,USA,S1,S1,P51G,_Z,_T,_Z,USD_PPP,LR,LA,T0102,2022-Q3,4953005.2,2020,,F,1,A,6,USD
OECD.SDD.NAD:DSD_NAMAIN1@DF_QNA_EXPENDITURE_USD(1.1),Q,Y,USA,S1,S1,P51G,_Z,_T,_Z,USD_PPP,LR,LA,T0102,2022-Q4,4960693.4,2020,,F,1,A,6,USD
OECD.SDD.NAD:DSD_NAMAIN1@DF_QNA_EXPENDITURE_USD(1.1),Q,Y,USA,S1,S1,P51G,_Z,_T,_Z,USD_PPP,LR,LA,T0102,2023-Q1,5018411.9,2020,,F,1,A,6,USD
OECD.SDD.NAD:DSD_NAMAIN1@DF_QNA_EXPENDITURE_USD(1.1),Q,Y,USA,S1,S1,P51G,_Z,_T,_Z,USD_PPP,LR,LA,T0102,2023-Q2,5137501.9,2020,,F,1,A,6,USD
OECD.SDD.NAD:DSD_NAMAIN1@DF_QNA_EXPENDITURE_USD(1.1),Q,Y,USA,S1,S1,P51G,_Z,_T,_Z,USD_PPP,LR,LA,T0102,2023-Q3,5188726.6,2020,,F,1,A,6,USD
OECD.SDD.NAD:DSD_NAMAIN1@DF_QNA_EXPENDITURE_USD(1.1),Q,Y,USA,S1,S1,P51G,_Z,_T,_Z,USD_PPP,LR,LA,T0102,2023-Q4,5261856,2020,,F,1,A,6,USD
OECD.SDD.NAD:DSD_NAMAIN1@DF_QNA_EXPENDITURE_USD(1.1),Q,Y,USA,S1,S1,P51G,_Z,_T,_Z,USD_PPP,LR,LA,T0102,2024-Q1,5294777.7,2020,,F,1,A,6,USD
OECD.SDD.NAD:DSD_NAMAIN1@DF_QNA_EXPENDITURE_USD(1.1),Q,Y,USA,S1,S1,P51G,_Z,_T,_Z,USD_PPP,LR,LA,T0102,2024-Q2,5322810.5,2020,,F,1,A,6,USD
OECD.SDD.NAD:DSD_NAMAIN1@DF_QNA_EXPENDITURE_USD(1.1),Q,Y,USA,S1,S1,P51G,_Z,_T,_Z,USD_PPP,LR,LA,T0102,2024-Q3,5359212.7,2020,,F,1,A,6,USD
OECD.SDD.NAD:DSD_NAMAIN1@DF_QNA_EXPENDITURE_USD(1.1),Q,Y,USA,S1,S1,P51G,_Z,_T,_Z,USD_PPP,LR,LA,T0102,2024-Q4,5344739.2,2020,,F,1,A,6,USD
OECD.SDD.NAD:DSD_NAMAIN1@DF_QNA_EXPENDITURE_USD(1.1),Q,Y,USA,S1,S1,P51G,_Z,_T,_Z,USD_PPP,LR,LA,T0102,2025-Q1,5424985.1,2020,,F,1,A,6,USD
OECD.SDD.NAD:DSD_NAMAIN1@DF_QNA_EXPENDITURE_USD(1.1),Q,Y,USA,S1,S1,P51G,_Z,_T,_Z,USD_PPP,LR,LA,T0102,2025-Q2,5481447.7,2020,,F,1,A,6,USD
OECD.SDD.NAD:DSD_NAMAIN1@DF_QNA_EXPENDITURE_USD(1.1),Q,Y,USA,S1,S1,P51G,_Z,_T,_Z,USD_PPP,LR,LA,T0102,2025-Q3,5492025,2020,,F,1,A,6,USD
OECD.SDD.NAD:DSD_NAMAIN1@DF_QNA_EXPENDITURE_USD(1.1),Q,Y,USA,S1,S1,P51G,_Z,_T,_Z,USD_PPP,LR,LA,T0102,2025-Q4,5508609.1,2020,,F,1,A,6,USD
OECD.SDD.NAD:DSD_NAMAIN1@DF_QNA_EXPENDITURE_USD(1.1),Q,Y,USA,S1,S1,B1GQ,_Z,_Z,_Z,USD_PPP,V,LA,T0102,2000-Q1,10002179,,,F,1,A,6,USD
OECD.SDD.NAD:DSD_NAMAIN1@DF_QNA_EXPENDITURE_USD(1.1),Q,Y,USA,S1,S1,B1GQ,_Z,_Z,_Z,USD_PPP,V,LA,T0102,2000-Q2,10247720,,,F,1,A,6,USD
OECD.SDD.NAD:DSD_NAMAIN1@DF_QNA_EXPENDITURE_USD(1.1),Q,Y,USA,S1,S1,B1GQ,_Z,_Z,_Z,USD_PPP,V,LA,T0102,2000-Q3,10318165,,,F,1,A,6,USD
OECD.SDD.NAD:DSD_NAMAIN1@DF_QNA_EXPENDITURE_USD(1.1),Q,Y,USA,S1,S1,B1GQ,_Z,_Z,_Z,USD_PPP,V,LA,T0102,2000-Q4,10435744,,,F,1,A,6,USD
OECD.SDD.NAD:DSD_NAMAIN1@DF_QNA_EXPENDITURE_USD(1.1),Q,Y,USA,S1,S1,B1GQ,_Z,_Z,_Z,USD_PPP,V,LA,T0102,2001-Q1,10470231,,,F,1,A,6,USD
OECD.SDD.NAD:DSD_NAMAIN1@DF_QNA_EXPENDITURE_USD(1.1),Q,Y,USA,S1,S1,B1GQ,_Z,_Z,_Z,USD_PPP,V,LA,T0102,2001-Q2,10599000,,,F,1,A,6,USD
OECD.SDD.NAD:DSD_NAMAIN1@DF_QNA_EXPENDITURE_USD(1.1),Q,Y,USA,S1,S1,B1GQ,_Z,_Z,_Z,USD_PPP,V,LA,T0102,2001-Q3,10598020,,,F,1,A,6,USD
OECD.SDD.NAD:DSD_NAMAIN1@DF_QNA_EXPENDITURE_USD(1.1),Q,Y,USA,S1,S1,B1GQ,_Z,_Z,_Z,USD_PPP,V,LA,T0102,2001-Q4,10660465,,,F,1,A,6,USD
OECD.SDD.NAD:DSD_NAMAIN1@DF_QNA_EXPENDITURE_USD(1.1),Q,Y,USA,S1,S1,B1GQ,_Z,_Z,_Z,USD_PPP,V,LA,T0102,2002-Q1,10783500,,,F,1,A,6,USD
OECD.SDD.NAD:DSD_NAMAIN1@DF_QNA_EXPENDITURE_USD(1.1),Q,Y,USA,S1,S1,B1GQ,_Z,_Z,_Z,USD_PPP,V,LA,T0102,2002-Q2,10887460,,,F,1,A,6,USD
OECD.SDD.NAD:DSD_NAMAIN1@DF_QNA_EXPENDITURE_USD(1.1),Q,Y,USA,S1,S1,B1GQ,_Z,_Z,_Z,USD_PPP,V,LA,T0102,2002-Q3,10984040,,,F,1,A,6,USD
OECD.SDD.NAD:DSD_NAMAIN1@DF_QNA_EXPENDITURE_USD(1.1),Q,Y,USA,S1,S1,B1GQ,_Z,_Z,_Z,USD_PPP,V,LA,T0102,2002-Q4,11061433,,,F,1,A,6,USD
OECD.SDD.NAD:DSD_NAMAIN1@DF_QNA_EXPENDITURE_USD(1.1),Q,Y,USA,S1,S1,B1GQ,_Z,_Z,_Z,USD_PPP,V,LA,T0102,2003-Q1,11174129,,,F,1,A,6,USD
OECD.SDD.NAD:DSD_NAMAIN1@DF_QNA_EXPENDITURE_USD(1.1),Q,Y,USA,S1,S1,B1GQ,_Z,_Z,_Z,USD_PPP,V,LA,T0102,2003-Q2,11312766,,,F,1,A,6,USD
OECD.SDD.NAD:DSD_NAMAIN1@DF_QNA_EXPENDITURE_USD(1.1),Q,Y,USA,S1,S1,B1GQ,_Z,_Z,_Z,USD_PPP,V,LA,T0102,2003-Q3,11566669,,,F,1,A,6,USD
OECD.SDD.NAD:DSD_NAMAIN1@DF_QNA_EXPENDITURE_USD(1.1),Q,Y,USA,S1,S1,B1GQ,_Z,_Z,_Z,USD_PPP,V,LA,T0102,2003-Q4,11772234,,,F,1,A,6,USD
OECD.SDD.NAD:DSD_NAMAIN1@DF_QNA_EXPENDITURE_USD(1.1),Q,Y,USA,S1,S1,B1GQ,_Z,_Z,_Z,USD_PPP,V,LA,T0102,2004-Q1,11923447,,,F,1,A,6,USD
OECD.SDD.NAD:DSD_NAMAIN1@DF_QNA_EXPENDITURE_USD(1.1),Q,Y,USA,S1,S1,B1GQ,_Z,_Z,_Z,USD_PPP,V,LA,T0102,2004-Q2,12112815,,,F,1,A,6,USD
OECD.SDD.NAD:DSD_NAMAIN1@DF_QNA_EXPENDITURE_USD(1.1),Q,Y,USA,S1,S1,B1GQ,_Z,_Z,_Z,USD_PPP,V,LA,T0102,2004-Q3,12305307,,,F,1,A,6,USD
OECD.SDD.NAD:DSD_NAMAIN1@DF_QNA_EXPENDITURE_USD(1.1),Q,Y,USA,S1,S1,B1GQ,_Z,_Z,_Z,USD_PPP,V,LA,T0102,2004-Q4,12527214,,,F,1,A,6,USD
OECD.SDD.NAD:DSD_NAMAIN1@DF_QNA_EXPENDITURE_USD(1.1),Q,Y,USA,S1,S1,B1GQ,_Z,_Z,_Z,USD_PPP,V,LA,T0102,2005-Q1,12767286,,,F,1,A,6,USD
OECD.SDD.NAD:DSD_NAMAIN1@DF_QNA_EXPENDITURE_USD(1.1),Q,Y,USA,S1,S1,B1GQ,_Z,_Z,_Z,USD_PPP,V,LA,T0102,2005-Q2,12922656,,,F,1,A,6,USD
OECD.SDD.NAD:DSD_NAMAIN1@DF_QNA_EXPENDITURE_USD(1.1),Q,Y,USA,S1,S1,B1GQ,_Z,_Z,_Z,USD_PPP,V,LA,T0102,2005-Q3,13142642,,,F,1,A,6,USD
OECD.SDD.NAD:DSD_NAMAIN1@DF_QNA_EXPENDITURE_USD(1.1),Q,Y,USA,S1,S1,B1GQ,_Z,_Z,_Z,USD_PPP,V,LA,T0102,2005-Q4,13324204,,,F,1,A,6,USD
OECD.SDD.NAD:DSD_NAMAIN1@DF_QNA_EXPENDITURE_USD(1.1),Q,Y,USA,S1,S1,B1GQ,_Z,_Z,_Z,USD_PPP,V,LA,T0102,2006-Q1,13599160,,,F,1,A,6,USD
OECD.SDD.NAD:DSD_NAMAIN1@DF_QNA_EXPENDITURE_USD(1.1),Q,Y,USA,S1,S1,B1GQ,_Z,_Z,_Z,USD_PPP,V,LA,T0102,2006-Q2,13753424,,,F,1,A,6,USD
OECD.SDD.NAD:DSD_NAMAIN1@DF_QNA_EXPENDITURE_USD(1.1),Q,Y,USA,S1,S1,B1GQ,_Z,_Z,_Z,USD_PPP,V,LA,T0102,2006-Q3,13870188,,,F,1,A,6,USD
OECD.SDD.NAD:DSD_NAMAIN1@DF_QNA_EXPENDITURE_USD(1.1),Q,Y,USA,S1,S1,B1GQ,_Z,_Z,_Z,USD_PPP,V,LA,T0102,2006-Q4,14039560,,,F,1,A,6,USD
OECD.SDD.NAD:DSD_NAMAIN1@DF_QNA_EXPENDITURE_USD(1.1),Q,Y,USA,S1,S1,B1GQ,_Z,_Z,_Z,USD_PPP,V,LA,T0102,2007-Q1,14215651,,,F,1,A,6,USD
OECD.SDD.NAD:DSD_NAMAIN1@DF_QNA_EXPENDITURE_USD(1.1),Q,Y,USA,S1,S1,B1GQ,_Z,_Z,_Z,USD_PPP,V,LA,T0102,2007-Q2,14402082,,,F,1,A,6,USD
OECD.SDD.NAD:DSD_NAMAIN1@DF_QNA_EXPENDITURE_USD(1.1),Q,Y,USA,S1,S1,B1GQ,_Z,_Z,_Z,USD_PPP,V,LA,T0102,2007-Q3,14564117,,,F,1,A,6,USD
OECD.SDD.NAD:DSD_NAMAIN1@DF_QNA_EXPENDITURE_USD(1.1),Q,Y,USA,S1,S1,B1GQ,_Z,_Z,_Z,USD_PPP,V,LA,T0102,2007-Q4,14715058,,,F,1,A,6,USD
OECD.SDD.NAD:DSD_NAMAIN1@DF_QNA_EXPENDITURE_USD(1.1),Q,Y,USA,S1,S1,B1GQ,_Z,_Z,_Z,USD_PPP,V,LA,T0102,2008-Q1,14706538,,,F,1,A,6,USD
OECD.SDD.NAD:DSD_NAMAIN1@DF_QNA_EXPENDITURE_USD(1.1),Q,Y,USA,S1,S1,B1GQ,_Z,_Z,_Z,USD_PPP,V,LA,T0102,2008-Q2,14865701,,,F,1,A,6,USD
OECD.SDD.NAD:DSD_NAMAIN1@DF_QNA_EXPENDITURE_USD(1.1),Q,Y,USA,S1,S1,B1GQ,_Z,_Z,_Z,USD_PPP,V,LA,T0102,2008-Q3,14898999,,,F,1,A,6,USD
OECD.SDD.NAD:DSD_NAMAIN1@DF_QNA_EXPENDITURE_USD(1.1),Q,Y,USA,S1,S1,B1GQ,_Z,_Z,_Z,USD_PPP,V,LA,T0102,2008-Q4,14608209,,,F,1,A,6,USD
OECD.SDD.NAD:DSD_NAMAIN1@DF_QNA_EXPENDITURE_USD(1.1),Q,Y,USA,S1,S1,B1GQ,_Z,_Z,_Z,USD_PPP,V,LA,T0102,2009-Q1,14430902,,,F,1,A,6,USD
OECD.SDD.NAD:DSD_NAMAIN1@DF_QNA_EXPENDITURE_USD(1.1),Q,Y,USA,S1,S1,B1GQ,_Z,_Z,_Z,USD_PPP,V,LA,T0102,2009-Q2,14381236,,,F,1,A,6,USD
OECD.SDD.NAD:DSD_NAMAIN1@DF_QNA_EXPENDITURE_USD(1.1),Q,Y,USA,S1,S1,B1GQ,_Z,_Z,_Z,USD_PPP,V,LA,T0102,2009-Q3,14448882,,,F,1,A,6,USD
OECD.SDD.NAD:DSD_NAMAIN1@DF_QNA_EXPENDITURE_USD(1.1),Q,Y,USA,S1,S1,B1GQ,_Z,_Z,_Z,USD_PPP,V,LA,T0102,2009-Q4,14651249,,,F,1,A,6,USD
OECD.SDD.NAD:DSD_NAMAIN1@DF_QNA_EXPENDITURE_USD(1.1),Q,Y,USA,S1,S1,B1GQ,_Z,_Z,_Z,USD_PPP,V,LA,T0102,2010-Q1,14764610,,,F,1,A,6,USD
OECD.SDD.NAD:DSD_NAMAIN1@DF_QNA_EXPENDITURE_USD(1.1),Q,Y,USA,S1,S1,B1GQ,_Z,_Z,_Z,USD_PPP,V,LA,T0102,2010-Q2,14980193,,,F,1,A,6,USD
OECD.SDD.NAD:DSD_NAMAIN1@DF_QNA_EXPENDITURE_USD(1.1),Q,Y,USA,S1,S1,B1GQ,_Z,_Z,_Z,USD_PPP,V,LA,T0102,2010-Q3,15141607,,,F,1,A,6,USD
OECD.SDD.NAD:DSD_NAMAIN1@DF_QNA_EXPENDITURE_USD(1.1),Q,Y,USA,S1,S1,B1GQ,_Z,_Z,_Z,USD_PPP,V,LA,T0102,2010-Q4,15309474,,,F,1,A,6,USD
OECD.SDD.NAD:DSD_NAMAIN1@DF_QNA_EXPENDITURE_USD(1.1),Q,Y,USA,S1,S1,B1GQ,_Z,_Z,_Z,USD_PPP,V,LA,T0102,2011-Q1,15351448,,,F,1,A,6,USD
OECD.SDD.NAD:DSD_NAMAIN1@DF_QNA_EXPENDITURE_USD(1.1),Q,Y,USA,S1,S1,B1GQ,_Z,_Z,_Z,USD_PPP,V,LA,T0102,2011-Q2,15557539,,,F,1,A,6,USD
OECD.SDD.NAD:DSD_NAMAIN1@DF_QNA_EXPENDITURE_USD(1.1),Q,Y,USA,S1,S1,B1GQ,_Z,_Z,_Z,USD_PPP,V,LA,T0102,2011-Q3,15647680,,,F,1,A,6,USD
OECD.SDD.NAD:DSD_NAMAIN1@DF_QNA_EXPENDITURE_USD(1.1),Q,Y,USA,S1,S1,B1GQ,_Z,_Z,_Z,USD_PPP,V,LA,T0102,2011-Q4,15842259,,,F,1,A,6,USD
OECD.SDD.NAD:DSD_NAMAIN1@DF_QNA_EXPENDITURE_USD(1.1),Q,Y,USA,S1,S1,B1GQ,_Z,_Z,_Z,USD_PPP,V,LA,T0102,2012-Q1,16068805,,,F,1,A,6,USD
OECD.SDD.NAD:DSD_NAMAIN1@DF_QNA_EXPENDITURE_USD(1.1),Q,Y,USA,S1,S1,B1GQ,_Z,_Z,_Z,USD_PPP,V,LA,T0102,2012-Q2,16207115,,,F,1,A,6,USD
OECD.SDD.NAD:DSD_NAMAIN1@DF_QNA_EXPENDITURE_USD(1.1),Q,Y,USA,S1,S1,B1GQ,_Z,_Z,_Z,USD_PPP,V,LA,T0102,2012-Q3,16319541,,,F,1,A,6,USD
OECD.SDD.NAD:DSD_NAMAIN1@DF_QNA_EXPENDITURE_USD(1.1),Q,Y,USA,S1,S1,B1GQ,_Z,_Z,_Z,USD_PPP,V,LA,T0102,2012-Q4,16420419,,,F,1,A,6,USD
OECD.SDD.NAD:DSD_NAMAIN1@DF_QNA_EXPENDITURE_USD(1.1),Q,Y,USA,S1,S1,B1GQ,_Z,_Z,_Z,USD_PPP,V,LA,T0102,2013-Q1,16648189,,,F,1,A,6,USD
OECD.SDD.NAD:DSD_NAMAIN1@DF_QNA_EXPENDITURE_USD(1.1),Q,Y,USA,S1,S1,B1GQ,_Z,_Z,_Z,USD_PPP,V,LA,T0102,2013-Q2,16728687,,,F,1,A,6,USD
OECD.SDD.NAD:DSD_NAMAIN1@DF_QNA_EXPENDITURE_USD(1.1),Q,Y,USA,S1,S1,B1GQ,_Z,_Z,_Z,USD_PPP,V,LA,T0102,2013-Q3,16953838,,,F,1,A,6,USD
OECD.SDD.NAD:DSD_NAMAIN1@DF_QNA_EXPENDITURE_USD(1.1),Q,Y,USA,S1,S1,B1GQ,_Z,_Z,_Z,USD_PPP,V,LA,T0102,2013-Q4,17192019,,,F,1,A,6,USD
OECD.SDD.NAD:DSD_NAMAIN1@DF_QNA_EXPENDITURE_USD(1.1),Q,Y,USA,S1,S1,B1GQ,_Z,_Z,_Z,USD_PPP,V,LA,T0102,2014-Q1,17197738,,,F,1,A,6,USD
OECD.SDD.NAD:DSD_NAMAIN1@DF_QNA_EXPENDITURE_USD(1.1),Q,Y,USA,S1,S1,B1GQ,_Z,_Z,_Z,USD_PPP,V,LA,T0102,2014-Q2,17518508,,,F,1,A,6,USD
OECD.SDD.NAD:DSD_NAMAIN1@DF_QNA_EXPENDITURE_USD(1.1),Q,Y,USA,S1,S1,B1GQ,_Z,_Z,_Z,USD_PPP,V,LA,T0102,2014-Q3,17804228,,,F,1,A,6,USD
OECD.SDD.NAD:DSD_NAMAIN1@DF_QNA_EXPENDITURE_USD(1.1),Q,Y,USA,S1,S1,B1GQ,_Z,_Z,_Z,USD_PPP,V,LA,T0102,2014-Q4,17912079,,,F,1,A,6,USD
OECD.SDD.NAD:DSD_NAMAIN1@DF_QNA_EXPENDITURE_USD(1.1),Q,Y,USA,S1,S1,B1GQ,_Z,_Z,_Z,USD_PPP,V,LA,T0102,2015-Q1,18063529,,,F,1,A,6,USD
OECD.SDD.NAD:DSD_NAMAIN1@DF_QNA_EXPENDITURE_USD(1.1),Q,Y,USA,S1,S1,B1GQ,_Z,_Z,_Z,USD_PPP,V,LA,T0102,2015-Q2,18279784,,,F,1,A,6,USD
OECD.SDD.NAD:DSD_NAMAIN1@DF_QNA_EXPENDITURE_USD(1.1),Q,Y,USA,S1,S1,B1GQ,_Z,_Z,_Z,USD_PPP,V,LA,T0102,2015-Q3,18401626,,,F,1,A,6,USD
OECD.SDD.NAD:DSD_NAMAIN1@DF_QNA_EXPENDITURE_USD(1.1),Q,Y,USA,S1,S1,B1GQ,_Z,_Z,_Z,USD_PPP,V,LA,T0102,2015-Q4,18435137,,,F,1,A,6,USD
OECD.SDD.NAD:DSD_NAMAIN1@DF_QNA_EXPENDITURE_USD(1.1),Q,Y,USA,S1,S1,B1GQ,_Z,_Z,_Z,USD_PPP,V,LA,T0102,2016-Q1,18525933,,,F,1,A,6,USD
OECD.SDD.NAD:DSD_NAMAIN1@DF_QNA_EXPENDITURE_USD(1.1),Q,Y,USA,S1,S1,B1GQ,_Z,_Z,_Z,USD_PPP,V,LA,T0102,2016-Q2,18711702,,,F,1,A,6,USD
OECD.SDD.NAD:DSD_NAMAIN1@DF_QNA_EXPENDITURE_USD(1.1),Q,Y,USA,S1,S1,B1GQ,_Z,_Z,_Z,USD_PPP,V,LA,T0102,2016-Q3,18892639,,,F,1,A,6,USD
OECD.SDD.NAD:DSD_NAMAIN1@DF_QNA_EXPENDITURE_USD(1.1),Q,Y,USA,S1,S1,B1GQ,_Z,_Z,_Z,USD_PPP,V,LA,T0102,2016-Q4,19089379,,,F,1,A,6,USD
OECD.SDD.NAD:DSD_NAMAIN1@DF_QNA_EXPENDITURE_USD(1.1),Q,Y,USA,S1,S1,B1GQ,_Z,_Z,_Z,USD_PPP,V,LA,T0102,2017-Q1,19280084,,,F,1,A,6,USD
OECD.SDD.NAD:DSD_NAMAIN1@DF_QNA_EXPENDITURE_USD(1.1),Q,Y,USA,S1,S1,B1GQ,_Z,_Z,_Z,USD_PPP,V,LA,T0102,2017-Q2,19438643,,,F,1,A,6,USD
OECD.SDD.NAD:DSD_NAMAIN1@DF_QNA_EXPENDITURE_USD(1.1),Q,Y,USA,S1,S1,B1GQ,_Z,_Z,_Z,USD_PPP,V,LA,T0102,2017-Q3,19692595,,,F,1,A,6,USD
OECD.SDD.NAD:DSD_NAMAIN1@DF_QNA_EXPENDITURE_USD(1.1),Q,Y,USA,S1,S1,B1GQ,_Z,_Z,_Z,USD_PPP,V,LA,T0102,2017-Q4,20037088,,,F,1,A,6,USD
OECD.SDD.NAD:DSD_NAMAIN1@DF_QNA_EXPENDITURE_USD(1.1),Q,Y,USA,S1,S1,B1GQ,_Z,_Z,_Z,USD_PPP,V,LA,T0102,2018-Q1,20328553,,,F,1,A,6,USD
OECD.SDD.NAD:DSD_NAMAIN1@DF_QNA_EXPENDITURE_USD(1.1),Q,Y,USA,S1,S1,B1GQ,_Z,_Z,_Z,USD_PPP,V,LA,T0102,2018-Q2,20580912,,,F,1,A,6,USD
OECD.SDD.NAD:DSD_NAMAIN1@DF_QNA_EXPENDITURE_USD(1.1),Q,Y,USA,S1,S1,B1GQ,_Z,_Z,_Z,USD_PPP,V,LA,T0102,2018-Q3,20798730,,,F,1,A,6,USD
OECD.SDD.NAD:DSD_NAMAIN1@DF_QNA_EXPENDITURE_USD(1.1),Q,Y,USA,S1,S1,B1GQ,_Z,_Z,_Z,USD_PPP,V,LA,T0102,2018-Q4,20917867,,,F,1,A,6,USD
OECD.SDD.NAD:DSD_NAMAIN1@DF_QNA_EXPENDITURE_USD(1.1),Q,Y,USA,S1,S1,B1GQ,_Z,_Z,_Z,USD_PPP,V,LA,T0102,2019-Q1,21111600,,,F,1,A,6,USD
OECD.SDD.NAD:DSD_NAMAIN1@DF_QNA_EXPENDITURE_USD(1.1),Q,Y,USA,S1,S1,B1GQ,_Z,_Z,_Z,USD_PPP,V,LA,T0102,2019-Q2,21397938,,,F,1,A,6,USD
OECD.SDD.NAD:DSD_NAMAIN1@DF_QNA_EXPENDITURE_USD(1.1),Q,Y,USA,S1,S1,B1GQ,_Z,_Z,_Z,USD_PPP,V,LA,T0102,2019-Q3,21717171,,,F,1,A,6,USD
OECD.SDD.NAD:DSD_NAMAIN1@DF_QNA_EXPENDITURE_USD(1.1),Q,Y,USA,S1,S1,B1GQ,_Z,_Z,_Z,USD_PPP,V,LA,T0102,2019-Q4,21933217,,,F,1,A,6,USD
OECD.SDD.NAD:DSD_NAMAIN1@DF_QNA_EXPENDITURE_USD(1.1),Q,Y,USA,S1,S1,B1GQ,_Z,_Z,_Z,USD_PPP,V,LA,T0102,2020-Q1,21751238,,,F,1,A,6,USD
OECD.SDD.NAD:DSD_NAMAIN1@DF_QNA_EXPENDITURE_USD(1.1),Q,Y,USA,S1,S1,B1GQ,_Z,_Z,_Z,USD_PPP,V,LA,T0102,2020-Q2,19958291,,,F,1,A,6,USD
OECD.SDD.NAD:DSD_NAMAIN1@DF_QNA_EXPENDITURE_USD(1.1),Q,Y,USA,S1,S1,B1GQ,_Z,_Z,_Z,USD_PPP,V,LA,T0102,2020-Q3,21704437,,,F,1,A,6,USD
OECD.SDD.NAD:DSD_NAMAIN1@DF_QNA_EXPENDITURE_USD(1.1),Q,Y,USA,S1,S1,B1GQ,_Z,_Z,_Z,USD_PPP,V,LA,T0102,2020-Q4,22087160,,,F,1,A,6,USD
OECD.SDD.NAD:DSD_NAMAIN1@DF_QNA_EXPENDITURE_USD(1.1),Q,Y,USA,S1,S1,B1GQ,_Z,_Z,_Z,USD_PPP,V,LA,T0102,2021-Q1,22680693,,,F,1,A,6,USD
OECD.SDD.NAD:DSD_NAMAIN1@DF_QNA_EXPENDITURE_USD(1.1),Q,Y,USA,S1,S1,B1GQ,_Z,_Z,_Z,USD_PPP,V,LA,T0102,2021-Q2,23425910,,,F,1,A,6,USD
OECD.SDD.NAD:DSD_NAMAIN1@DF_QNA_EXPENDITURE_USD(1.1),Q,Y,USA,S1,S1,B1GQ,_Z,_Z,_Z,USD_PPP,V,LA,T0102,2021-Q3,23982379,,,F,1,A,6,USD
OECD.SDD.NAD:DSD_NAMAIN1@DF_QNA_EXPENDITURE_USD(1.1),Q,Y,USA,S1,S1,B1GQ,_Z,_Z,_Z,USD_PPP,V,LA,T0102,2021-Q4,24813600,,,F,1,A,6,USD
OECD.SDD.NAD:DSD_NAMAIN1@DF_QNA_EXPENDITURE_USD(1.1),Q,Y,USA,S1,S1,B1GQ,_Z,_Z,_Z,USD_PPP,V,LA,T0102,2022-Q1,25250347,,,F,1,A,6,USD
OECD.SDD.NAD:DSD_NAMAIN1@DF_QNA_EXPENDITURE_USD(1.1),Q,Y,USA,S1,S1,B1GQ,_Z,_Z,_Z,USD_PPP,V,LA,T0102,2022-Q2,25861292,,,F,1,A,6,USD
OECD.SDD.NAD:DSD_NAMAIN1@DF_QNA_EXPENDITURE_USD(1.1),Q,Y,USA,S1,S1,B1GQ,_Z,_Z,_Z,USD_PPP,V,LA,T0102,2022-Q3,26336304,,,F,1,A,6,USD
OECD.SDD.NAD:DSD_NAMAIN1@DF_QNA_EXPENDITURE_USD(1.1),Q,Y,USA,S1,S1,B1GQ,_Z,_Z,_Z,USD_PPP,V,LA,T0102,2022-Q4,26770514,,,F,1,A,6,USD
OECD.SDD.NAD:DSD_NAMAIN1@DF_QNA_EXPENDITURE_USD(1.1),Q,Y,USA,S1,S1,B1GQ,_Z,_Z,_Z,USD_PPP,V,LA,T0102,2023-Q1,27216445,,,F,1,A,6,USD
OECD.SDD.NAD:DSD_NAMAIN1@DF_QNA_EXPENDITURE_USD(1.1),Q,Y,USA,S1,S1,B1GQ,_Z,_Z,_Z,USD_PPP,V,LA,T0102,2023-Q2,27530055,,,F,1,A,6,USD
OECD.SDD.NAD:DSD_NAMAIN1@DF_QNA_EXPENDITURE_USD(1.1),Q,Y,USA,S1,S1,B1GQ,_Z,_Z,_Z,USD_PPP,V,LA,T0102,2023-Q3,28074846,,,F,1,A,6,USD
OECD.SDD.NAD:DSD_NAMAIN1@DF_QNA_EXPENDITURE_USD(1.1),Q,Y,USA,S1,S1,B1GQ,_Z,_Z,_Z,USD_PPP,V,LA,T0102,2023-Q4,28424722,,,F,1,A,6,USD
OECD.SDD.NAD:DSD_NAMAIN1@DF_QNA_EXPENDITURE_USD(1.1),Q,Y,USA,S1,S1,B1GQ,_Z,_Z,_Z,USD_PPP,V,LA,T0102,2024-Q1,28708161,,,F,1,A,6,USD
OECD.SDD.NAD:DSD_NAMAIN1@DF_QNA_EXPENDITURE_USD(1.1),Q,Y,USA,S1,S1,B1GQ,_Z,_Z,_Z,USD_PPP,V,LA,T0102,2024-Q2,29147044,,,F,1,A,6,USD
OECD.SDD.NAD:DSD_NAMAIN1@DF_QNA_EXPENDITURE_USD(1.1),Q,Y,USA,S1,S1,B1GQ,_Z,_Z,_Z,USD_PPP,V,LA,T0102,2024-Q3,29511664,,,F,1,A,6,USD
OECD.SDD.NAD:DSD_NAMAIN1@DF_QNA_EXPENDITURE_USD(1.1),Q,Y,USA,S1,S1,B1GQ,_Z,_Z,_Z,USD_PPP,V,LA,T0102,2024-Q4,29825182,,,F,1,A,6,USD
OECD.SDD.NAD:DSD_NAMAIN1@DF_QNA_EXPENDITURE_USD(1.1),Q,Y,USA,S1,S1,B1GQ,_Z,_Z,_Z,USD_PPP,V,LA,T0102,2025-Q1,30042113,,,F,1,A,6,USD
OECD.SDD.NAD:DSD_NAMAIN1@DF_QNA_EXPENDITURE_USD(1.1),Q,Y,USA,S1,S1,B1GQ,_Z,_Z,_Z,USD_PPP,V,LA,T0102,2025-Q2,30485729,,,F,1,A,6,USD
OECD.SDD.NAD:DSD_NAMAIN1@DF_QNA_EXPENDITURE_USD(1.1),Q,Y,USA,S1,S1,B1GQ,_Z,_Z,_Z,USD_PPP,V,LA,T0102,2025-Q3,31098027,,,F,1,A,6,USD
OECD.SDD.NAD:DSD_NAMAIN1@DF_QNA_EXPENDITURE_USD(1.1),Q,Y,USA,S1,S1,B1GQ,_Z,_Z,_Z,USD_PPP,V,LA,T0102,2025-Q4,31422526,,,F,1,A,6,USD
OECD.SDD.NAD:DSD_NAMAIN1@DF_QNA_EXPENDITURE_USD(1.1),Q,Y,USA,S1,S1,P51G,_Z,_T,_Z,USD_PPP,V,LA,T0102,2000-Q1,2323648,,,F,1,A,6,USD
OECD.SDD.NAD:DSD_NAMAIN1@DF_QNA_EXPENDITURE_USD(1.1),Q,Y,USA,S1,S1,P51G,_Z,_T,_Z,USD_PPP,V,LA,T0102,2000-Q2,2371159,,,F,1,A,6,USD
OECD.SDD.NAD:DSD_NAMAIN1@DF_QNA_EXPENDITURE_USD(1.1),Q,Y,USA,S1,S1,P51G,_Z,_T,_Z,USD_PPP,V,LA,T0102,2000-Q3,2388941,,,F,1,A,6,USD
OECD.SDD.NAD:DSD_NAMAIN1@DF_QNA_EXPENDITURE_USD(1.1),Q,Y,USA,S1,S1,P51G,_Z,_T,_Z,USD_PPP,V,LA,T0102,2000-Q4,2407106,,,F,1,A,6,USD
OECD.SDD.NAD:DSD_NAMAIN1@DF_QNA_EXPENDITURE_USD(1.1),Q,Y,USA,S1,S1,P51G,_Z,_T,_Z,USD_PPP,V,LA,T0102,2001-Q1,2402841,,,F,1,A,6,USD
OECD.SDD.NAD:DSD_NAMAIN1@DF_QNA_EXPENDITURE_USD(1.1),Q,Y,USA,S1,S1,P51G,_Z,_T,_Z,USD_PPP,V,LA,T0102,2001-Q2,2403511,,,F,1,A,6,USD
OECD.SDD.NAD:DSD_NAMAIN1@DF_QNA_EXPENDITURE_USD(1.1),Q,Y,USA,S1,S1,P51G,_Z,_T,_Z,USD_PPP,V,LA,T0102,2001-Q3,2378507,,,F,1,A,6,USD
OECD.SDD.NAD:DSD_NAMAIN1@DF_QNA_EXPENDITURE_USD(1.1),Q,Y,USA,S1,S1,P51G,_Z,_T,_Z,USD_PPP,V,LA,T0102,2001-Q4,2355176,,,F,1,A,6,USD
OECD.SDD.NAD:DSD_NAMAIN1@DF_QNA_EXPENDITURE_USD(1.1),Q,Y,USA,S1,S1,P51G,_Z,_T,_Z,USD_PPP,V,LA,T0102,2002-Q1,2347084,,,F,1,A,6,USD
OECD.SDD.NAD:DSD_NAMAIN1@DF_QNA_EXPENDITURE_USD(1.1),Q,Y,USA,S1,S1,P51G,_Z,_T,_Z,USD_PPP,V,LA,T0102,2002-Q2,2350563,,,F,1,A,6,USD
OECD.SDD.NAD:DSD_NAMAIN1@DF_QNA_EXPENDITURE_USD(1.1),Q,Y,USA,S1,S1,P51G,_Z,_T,_Z,USD_PPP,V,LA,T0102,2002-Q3,2354830,,,F,1,A,6,USD
OECD.SDD.NAD:DSD_NAMAIN1@DF_QNA_EXPENDITURE_USD(1.1),Q,Y,USA,S1,S1,P51G,_Z,_T,_Z,USD_PPP,V,LA,T0102,2002-Q4,2363998,,,F,1,A,6,USD
OECD.SDD.NAD:DSD_NAMAIN1@DF_QNA_EXPENDITURE_USD(1.1),Q,Y,USA,S1,S1,P51G,_Z,_T,_Z,USD_PPP,V,LA,T0102,2003-Q1,2391251,,,F,1,A,6,USD
OECD.SDD.NAD:DSD_NAMAIN1@DF_QNA_EXPENDITURE_USD(1.1),Q,Y,USA,S1,S1,P51G,_Z,_T,_Z,USD_PPP,V,LA,T0102,2003-Q2,2437164,,,F,1,A,6,USD
OECD.SDD.NAD:DSD_NAMAIN1@DF_QNA_EXPENDITURE_USD(1.1),Q,Y,USA,S1,S1,P51G,_Z,_T,_Z,USD_PPP,V,LA,T0102,2003-Q3,2512937,,,F,1,A,6,USD
OECD.SDD.NAD:DSD_NAMAIN1@DF_QNA_EXPENDITURE_USD(1.1),Q,Y,USA,S1,S1,P51G,_Z,_T,_Z,USD_PPP,V,LA,T0102,2003-Q4,2567380,,,F,1,A,6,USD
OECD.SDD.NAD:DSD_NAMAIN1@DF_QNA_EXPENDITURE_USD(1.1),Q,Y,USA,S1,S1,P51G,_Z,_T,_Z,USD_PPP,V,LA,T0102,2004-Q1,2582348,,,F,1,A,6,USD
OECD.SDD.NAD:DSD_NAMAIN1@DF_QNA_EXPENDITURE_USD(1.1),Q,Y,USA,S1,S1,P51G,_Z,_T,_Z,USD_PPP,V,LA,T0102,2004-Q2,2671889,,,F,1,A,6,USD
OECD.SDD.NAD:DSD_NAMAIN1@DF_QNA_EXPENDITURE_USD(1.1),Q,Y,USA,S1,S1,P51G,_Z,_T,_Z,USD_PPP,V,LA,T0102,2004-Q3,2744200,,,F,1,A,6,USD
OECD.SDD.NAD:DSD_NAMAIN1@DF_QNA_EXPENDITURE_USD(1.1),Q,Y,USA,S1,S1,P51G,_Z,_T,_Z,USD_PPP,V,LA,T0102,2004-Q4,2815121,,,F,1,A,6,USD
OECD.SDD.NAD:DSD_NAMAIN1@DF_QNA_EXPENDITURE_USD(1.1),Q,Y,USA,S1,S1,P51G,_Z,_T,_Z,USD_PPP,V,LA,T0102,2005-Q1,2885152,,,F,1,A,6,USD
OECD.SDD.NAD:DSD_NAMAIN1@DF_QNA_EXPENDITURE_USD(1.1),Q,Y,USA,S1,S1,P51G,_Z,_T,_Z,USD_PPP,V,LA,T0102,2005-Q2,2957870,,,F,1,A,6,USD
OECD.SDD.NAD:DSD_NAMAIN1@DF_QNA_EXPENDITURE_USD(1.1),Q,Y,USA,S1,S1,P51G,_Z,_T,_Z,USD_PPP,V,LA,T0102,2005-Q3,3036054,,,F,1,A,6,USD
OECD.SDD.NAD:DSD_NAMAIN1@DF_QNA_EXPENDITURE_USD(1.1),Q,Y,USA,S1,S1,P51G,_Z,_T,_Z,USD_PPP,V,LA,T0102,2005-Q4,3082896,,,F,1,A,6,USD
OECD.SDD.NAD:DSD_NAMAIN1@DF_QNA_EXPENDITURE_USD(1.1),Q,Y,USA,S1,S1,P51G,_Z,_T,_Z,USD_PPP,V,LA,T0102,2006-Q1,3171210,,,F,1,A,6,USD
OECD.SDD.NAD:DSD_NAMAIN1@DF_QNA_EXPENDITURE_USD(1.1),Q,Y,USA,S1,S1,P51G,_Z,_T,_Z,USD_PPP,V,LA,T0102,2006-Q2,3185552,,,F,1,A,6,USD
OECD.SDD.NAD:DSD_NAMAIN1@DF_QNA_EXPENDITURE_USD(1.1),Q,Y,USA,S1,S1,P51G,_Z,_T,_Z,USD_PPP,V,LA,T0102,2006-Q3,3180743,,,F,1,A,6,USD
OECD.SDD.NAD:DSD_NAMAIN1@DF_QNA_EXPENDITURE_USD(1.1),Q,Y,USA,S1,S1,P51G,_Z,_T,_Z,USD_PPP,V,LA,T0102,2006-Q4,3193927,,,F,1,A,6,USD
OECD.SDD.NAD:DSD_NAMAIN1@DF_QNA_EXPENDITURE_USD(1.1),Q,Y,USA,S1,S1,P51G,_Z,_T,_Z,USD_PPP,V,LA,T0102,2007-Q1,3217207,,,F,1,A,6,USD
OECD.SDD.NAD:DSD_NAMAIN1@DF_QNA_EXPENDITURE_USD(1.1),Q,Y,USA,S1,S1,P51G,_Z,_T,_Z,USD_PPP,V,LA,T0102,2007-Q2,3246636,,,F,1,A,6,USD
OECD.SDD.NAD:DSD_NAMAIN1@DF_QNA_EXPENDITURE_USD(1.1),Q,Y,USA,S1,S1,P51G,_Z,_T,_Z,USD_PPP,V,LA,T0102,2007-Q3,3237021,,,F,1,A,6,USD
OECD.SDD.NAD:DSD_NAMAIN1@DF_QNA_EXPENDITURE_USD(1.1),Q,Y,USA,S1,S1,P51G,_Z,_T,_Z,USD_PPP,V,LA,T0102,2007-Q4,3223472,,,F,1,A,6,USD
OECD.SDD.NAD:DSD_NAMAIN1@DF_QNA_EXPENDITURE_USD(1.1),Q,Y,USA,S1,S1,P51G,_Z,_T,_Z,USD_PPP,V,LA,T0102,2008-Q1,3192019,,,F,1,A,6,USD
OECD.SDD.NAD:DSD_NAMAIN1@DF_QNA_EXPENDITURE_USD(1.1),Q,Y,USA,S1,S1,P51G,_Z,_T,_Z,USD_PPP,V,LA,T0102,2008-Q2,3190434,,,F,1,A,6,USD
OECD.SDD.NAD:DSD_NAMAIN1@DF_QNA_EXPENDITURE_USD(1.1),Q,Y,USA,S1,S1,P51G,_Z,_T,_Z,USD_PPP,V,LA,T0102,2008-Q3,3151808,,,F,1,A,6,USD
OECD.SDD.NAD:DSD_NAMAIN1@DF_QNA_EXPENDITURE_USD(1.1),Q,Y,USA,S1,S1,P51G,_Z,_T,_Z,USD_PPP,V,LA,T0102,2008-Q4,3011537,,,F,1,A,6,USD
OECD.SDD.NAD:DSD_NAMAIN1@DF_QNA_EXPENDITURE_USD(1.1),Q,Y,USA,S1,S1,P51G,_Z,_T,_Z,USD_PPP,V,LA,T0102,2009-Q1,2805922,,,F,1,A,6,USD
OECD.SDD.NAD:DSD_NAMAIN1@DF_QNA_EXPENDITURE_USD(1.1),Q,Y,USA,S1,S1,P51G,_Z,_T,_Z,USD_PPP,V,LA,T0102,2009-Q2,2706181,,,F,1,A,6,USD
OECD.SDD.NAD:DSD_NAMAIN1@DF_QNA_EXPENDITURE_USD(1.1),Q,Y,USA,S1,S1,P51G,_Z,_T,_Z,USD_PPP,V,LA,T0102,2009-Q3,2690366,,,F,1,A,6,USD
OECD.SDD.NAD:DSD_NAMAIN1@DF_QNA_EXPENDITURE_USD(1.1),Q,Y,USA,S1,S1,P51G,_Z,_T,_Z,USD_PPP,V,LA,T0102,2009-Q4,2690909,,,F,1,A,6,USD
OECD.SDD.NAD:DSD_NAMAIN1@DF_QNA_EXPENDITURE_USD(1.1),Q,Y,USA,S1,S1,P51G,_Z,_T,_Z,USD_PPP,V,LA,T0102,2010-Q1,2672577,,,F,1,A,6,USD
OECD.SDD.NAD:DSD_NAMAIN1@DF_QNA_EXPENDITURE_USD(1.1),Q,Y,USA,S1,S1,P51G,_Z,_T,_Z,USD_PPP,V,LA,T0102,2010-Q2,2760113,,,F,1,A,6,USD
OECD.SDD.NAD:DSD_NAMAIN1@DF_QNA_EXPENDITURE_USD(1.1),Q,Y,USA,S1,S1,P51G,_Z,_T,_Z,USD_PPP,V,LA,T0102,2010-Q3,2773014,,,F,1,A,6,USD
OECD.SDD.NAD:DSD_NAMAIN1@DF_QNA_EXPENDITURE_USD(1.1),Q,Y,USA,S1,S1,P51G,_Z,_T,_Z,USD_PPP,V,LA,T0102,2010-Q4,2818534,,,F,1,A,6,USD
OECD.SDD.NAD:DSD_NAMAIN1@DF_QNA_EXPENDITURE_USD(1.1),Q,Y,USA,S1,S1,P51G,_Z,_T,_Z,USD_PPP,V,LA,T0102,2011-Q1,2813236,,,F,1,A,6,USD
OECD.SDD.NAD:DSD_NAMAIN1@DF_QNA_EXPENDITURE_USD(1.1),Q,Y,USA,S1,S1,P51G,_Z,_T,_Z,USD_PPP,V,LA,T0102,2011-Q2,2872584,,,F,1,A,6,USD
OECD.SDD.NAD:DSD_NAMAIN1@DF_QNA_EXPENDITURE_USD(1.1),Q,Y,USA,S1,S1,P51G,_Z,_T,_Z,USD_PPP,V,LA,T0102,2011-Q3,2969985,,,F,1,A,6,USD
OECD.SDD.NAD:DSD_NAMAIN1@DF_QNA_EXPENDITURE_USD(1.1),Q,Y,USA,S1,S1,P51G,_Z,_T,_Z,USD_PPP,V,LA,T0102,2011-Q4,3035869,,,F,1,A,6,USD
OECD.SDD.NAD:DSD_NAMAIN1@DF_QNA_EXPENDITURE_USD(1.1),Q,Y,USA,S1,S1,P51G,_Z,_T,_Z,USD_PPP,V,LA,T0102,2012-Q1,3114313,,,F,1,A,6,USD
OECD.SDD.NAD:DSD_NAMAIN1@DF_QNA_EXPENDITURE_USD(1.1),Q,Y,USA,S1,S1,P51G,_Z,_T,_Z,USD_PPP,V,LA,T0102,2012-Q2,3172556,,,F,1,A,6,USD
OECD.SDD.NAD:DSD_NAMAIN1@DF_QNA_EXPENDITURE_USD(1.1),Q,Y,USA,S1,S1,P51G,_Z,_T,_Z,USD_PPP,V,LA,T0102,2012-Q3,3179117,,,F,1,A,6,USD
OECD.SDD.NAD:DSD_NAMAIN1@DF_QNA_EXPENDITURE_USD(1.1),Q,Y,USA,S1,S1,P51G,_Z,_T,_Z,USD_PPP,V,LA,T0102,2012-Q4,3220306,,,F,1,A,6,USD
OECD.SDD.NAD:DSD_NAMAIN1@DF_QNA_EXPENDITURE_USD(1.1),Q,Y,USA,S1,S1,P51G,_Z,_T,_Z,USD_PPP,V,LA,T0102,2013-Q1,3260481,,,F,1,A,6,USD
OECD.SDD.NAD:DSD_NAMAIN1@DF_QNA_EXPENDITURE_USD(1.1),Q,Y,USA,S1,S1,P51G,_Z,_T,_Z,USD_PPP,V,LA,T0102,2013-Q2,3297080,,,F,1,A,6,USD
OECD.SDD.NAD:DSD_NAMAIN1@DF_QNA_EXPENDITURE_USD(1.1),Q,Y,USA,S1,S1,P51G,_Z,_T,_Z,USD_PPP,V,LA,T0102,2013-Q3,3360163,,,F,1,A,6,USD
OECD.SDD.NAD:DSD_NAMAIN1@DF_QNA_EXPENDITURE_USD(1.1),Q,Y,USA,S1,S1,P51G,_Z,_T,_Z,USD_PPP,V,LA,T0102,2013-Q4,3421002,,,F,1,A,6,USD
OECD.SDD.NAD:DSD_NAMAIN1@DF_QNA_EXPENDITURE_USD(1.1),Q,Y,USA,S1,S1,P51G,_Z,_T,_Z,USD_PPP,V,LA,T0102,2014-Q1,3462438,,,F,1,A,6,USD
OECD.SDD.NAD:DSD_NAMAIN1@DF_QNA_EXPENDITURE_USD(1.1),Q,Y,USA,S1,S1,P51G,_Z,_T,_Z,USD_PPP,V,LA,T0102,2014-Q2,3567283,,,F,1,A,6,USD
OECD.SDD.NAD:DSD_NAMAIN1@DF_QNA_EXPENDITURE_USD(1.1),Q,Y,USA,S1,S1,P51G,_Z,_T,_Z,USD_PPP,V,LA,T0102,2014-Q3,3648462,,,F,1,A,6,USD
OECD.SDD.NAD:DSD_NAMAIN1@DF_QNA_EXPENDITURE_USD(1.1),Q,Y,USA,S1,S1,P51G,_Z,_T,_Z,USD_PPP,V,LA,T0102,2014-Q4,3703894,,,F,1,A,6,USD
OECD.SDD.NAD:DSD_NAMAIN1@DF_QNA_EXPENDITURE_USD(1.1),Q,Y,USA,S1,S1,P51G,_Z,_T,_Z,USD_PPP,V,LA,T0102,2015-Q1,3720629,,,F,1,A,6,USD
OECD.SDD.NAD:DSD_NAMAIN1@DF_QNA_EXPENDITURE_USD(1.1),Q,Y,USA,S1,S1,P51G,_Z,_T,_Z,USD_PPP,V,LA,T0102,2015-Q2,3772548,,,F,1,A,6,USD
OECD.SDD.NAD:DSD_NAMAIN1@DF_QNA_EXPENDITURE_USD(1.1),Q,Y,USA,S1,S1,P51G,_Z,_T,_Z,USD_PPP,V,LA,T0102,2015-Q3,3814467,,,F,1,A,6,USD
OECD.SDD.NAD:DSD_NAMAIN1@DF_QNA_EXPENDITURE_USD(1.1),Q,Y,USA,S1,S1,P51G,_Z,_T,_Z,USD_PPP,V,LA,T0102,2015-Q4,3803516,,,F,1,A,6,USD
OECD.SDD.NAD:DSD_NAMAIN1@DF_QNA_EXPENDITURE_USD(1.1),Q,Y,USA,S1,S1,P51G,_Z,_T,_Z,USD_PPP,V,LA,T0102,2016-Q1,3830844,,,F,1,A,6,USD
OECD.SDD.NAD:DSD_NAMAIN1@DF_QNA_EXPENDITURE_USD(1.1),Q,Y,USA,S1,S1,P51G,_Z,_T,_Z,USD_PPP,V,LA,T0102,2016-Q2,3862541,,,F,1,A,6,USD
OECD.SDD.NAD:DSD_NAMAIN1@DF_QNA_EXPENDITURE_USD(1.1),Q,Y,USA,S1,S1,P51G,_Z,_T,_Z,USD_PPP,V,LA,T0102,2016-Q3,3903137,,,F,1,A,6,USD
OECD.SDD.NAD:DSD_NAMAIN1@DF_QNA_EXPENDITURE_USD(1.1),Q,Y,USA,S1,S1,P51G,_Z,_T,_Z,USD_PPP,V,LA,T0102,2016-Q4,3959053,,,F,1,A,6,USD
OECD.SDD.NAD:DSD_NAMAIN1@DF_QNA_EXPENDITURE_USD(1.1),Q,Y,USA,S1,S1,P51G,_Z,_T,_Z,USD_PPP,V,LA,T0102,2017-Q1,4019981,,,F,1,A,6,USD
OECD.SDD.NAD:DSD_NAMAIN1@DF_QNA_EXPENDITURE_USD(1.1),Q,Y,USA,S1,S1,P51G,_Z,_T,_Z,USD_PPP,V,LA,T0102,2017-Q2,4082160,,,F,1,A,6,USD
OECD.SDD.NAD:DSD_NAMAIN1@DF_QNA_EXPENDITURE_USD(1.1),Q,Y,USA,S1,S1,P51G,_Z,_T,_Z,USD_PPP,V,LA,T0102,2017-Q3,4128318,,,F,1,A,6,USD
OECD.SDD.NAD:DSD_NAMAIN1@DF_QNA_EXPENDITURE_USD(1.1),Q,Y,USA,S1,S1,P51G,_Z,_T,_Z,USD_PPP,V,LA,T0102,2017-Q4,4235210,,,F,1,A,6,USD
OECD.SDD.NAD:DSD_NAMAIN1@DF_QNA_EXPENDITURE_USD(1.1),Q,Y,USA,S1,S1,P51G,_Z,_T,_Z,USD_PPP,V,LA,T0102,2018-Q1,4323166,,,F,1,A,6,USD
OECD.SDD.NAD:DSD_NAMAIN1@DF_QNA_EXPENDITURE_USD(1.1),Q,Y,USA,S1,S1,P51G,_Z,_T,_Z,USD_PPP,V,LA,T0102,2018-Q2,4397696,,,F,1,A,6,USD
OECD.SDD.NAD:DSD_NAMAIN1@DF_QNA_EXPENDITURE_USD(1.1),Q,Y,USA,S1,S1,P51G,_Z,_T,_Z,USD_PPP,V,LA,T0102,2018-Q3,4430592,,,F,1,A,6,USD
OECD.SDD.NAD:DSD_NAMAIN1@DF_QNA_EXPENDITURE_USD(1.1),Q,Y,USA,S1,S1,P51G,_Z,_T,_Z,USD_PPP,V,LA,T0102,2018-Q4,4444591,,,F,1,A,6,USD
OECD.SDD.NAD:DSD_NAMAIN1@DF_QNA_EXPENDITURE_USD(1.1),Q,Y,USA,S1,S1,P51G,_Z,_T,_Z,USD_PPP,V,LA,T0102,2019-Q1,4499854,,,F,1,A,6,USD
OECD.SDD.NAD:DSD_NAMAIN1@DF_QNA_EXPENDITURE_USD(1.1),Q,Y,USA,S1,S1,P51G,_Z,_T,_Z,USD_PPP,V,LA,T0102,2019-Q2,4587808,,,F,1,A,6,USD
OECD.SDD.NAD:DSD_NAMAIN1@DF_QNA_EXPENDITURE_USD(1.1),Q,Y,USA,S1,S1,P51G,_Z,_T,_Z,USD_PPP,V,LA,T0102,2019-Q3,4650063,,,F,1,A,6,USD
OECD.SDD.NAD:DSD_NAMAIN1@DF_QNA_EXPENDITURE_USD(1.1),Q,Y,USA,S1,S1,P51G,_Z,_T,_Z,USD_PPP,V,LA,T0102,2019-Q4,4641147,,,F,1,A,6,USD
OECD.SDD.NAD:DSD_NAMAIN1@DF_QNA_EXPENDITURE_USD(1.1),Q,Y,USA,S1,S1,P51G,_Z,_T,_Z,USD_PPP,V,LA,T0102,2020-Q1,4649719,,,F,1,A,6,USD
OECD.SDD.NAD:DSD_NAMAIN1@DF_QNA_EXPENDITURE_USD(1.1),Q,Y,USA,S1,S1,P51G,_Z,_T,_Z,USD_PPP,V,LA,T0102,2020-Q2,4368891,,,F,1,A,6,USD
OECD.SDD.NAD:DSD_NAMAIN1@DF_QNA_EXPENDITURE_USD(1.1),Q,Y,USA,S1,S1,P51G,_Z,_T,_Z,USD_PPP,V,LA,T0102,2020-Q3,4622723,,,F,1,A,6,USD
OECD.SDD.NAD:DSD_NAMAIN1@DF_QNA_EXPENDITURE_USD(1.1),Q,Y,USA,S1,S1,P51G,_Z,_T,_Z,USD_PPP,V,LA,T0102,2020-Q4,4810049,,,F,1,A,6,USD
OECD.SDD.NAD:DSD_NAMAIN1@DF_QNA_EXPENDITURE_USD(1.1),Q,Y,USA,S1,S1,P51G,_Z,_T,_Z,USD_PPP,V,LA,T0102,2021-Q1,4910288,,,F,1,A,6,USD
OECD.SDD.NAD:DSD_NAMAIN1@DF_QNA_EXPENDITURE_USD(1.1),Q,Y,USA,S1,S1,P51G,_Z,_T,_Z,USD_PPP,V,LA,T0102,2021-Q2,5013561,,,F,1,A,6,USD
OECD.SDD.NAD:DSD_NAMAIN1@DF_QNA_EXPENDITURE_USD(1.1),Q,Y,USA,S1,S1,P51G,_Z,_T,_Z,USD_PPP,V,LA,T0102,2021-Q3,5075923,,,F,1,A,6,USD
OECD.SDD.NAD:DSD_NAMAIN1@DF_QNA_EXPENDITURE_USD(1.1),Q,Y,USA,S1,S1,P51G,_Z,_T,_Z,USD_PPP,V,LA,T0102,2021-Q4,5207969,,,F,1,A,6,USD
OECD.SDD.NAD:DSD_NAMAIN1@DF_QNA_EXPENDITURE_USD(1.1),Q,Y,USA,S1,S1,P51G,_Z,_T,_Z,USD_PPP,V,LA,T0102,2022-Q1,5399444,,,F,1,A,6,USD
OECD.SDD.NAD:DSD_NAMAIN1@DF_QNA_EXPENDITURE_USD(1.1),Q,Y,USA,S1,S1,P51G,_Z,_T,_Z,USD_PPP,V,LA,T0102,2022-Q2,5548713,,,F,1,A,6,USD
OECD.SDD.NAD:DSD_NAMAIN1@DF_QNA_EXPENDITURE_USD(1.1),Q,Y,USA,S1,S1,P51G,_Z,_T,_Z,USD_PPP,V,LA,T0102,2022-Q3,5612637,,,F,1,A,6,USD
OECD.SDD.NAD:DSD_NAMAIN1@DF_QNA_EXPENDITURE_USD(1.1),Q,Y,USA,S1,S1,P51G,_Z,_T,_Z,USD_PPP,V,LA,T0102,2022-Q4,5670266,,,F,1,A,6,USD
OECD.SDD.NAD:DSD_NAMAIN1@DF_QNA_EXPENDITURE_USD(1.1),Q,Y,USA,S1,S1,P51G,_Z,_T,_Z,USD_PPP,V,LA,T0102,2023-Q1,5777565,,,F,1,A,6,USD
OECD.SDD.NAD:DSD_NAMAIN1@DF_QNA_EXPENDITURE_USD(1.1),Q,Y,USA,S1,S1,P51G,_Z,_T,_Z,USD_PPP,V,LA,T0102,2023-Q2,5910666,,,F,1,A,6,USD
OECD.SDD.NAD:DSD_NAMAIN1@DF_QNA_EXPENDITURE_USD(1.1),Q,Y,USA,S1,S1,P51G,_Z,_T,_Z,USD_PPP,V,LA,T0102,2023-Q3,5987700,,,F,1,A,6,USD
OECD.SDD.NAD:DSD_NAMAIN1@DF_QNA_EXPENDITURE_USD(1.1),Q,Y,USA,S1,S1,P51G,_Z,_T,_Z,USD_PPP,V,LA,T0102,2023-Q4,6105171,,,F,1,A,6,USD
OECD.SDD.NAD:DSD_NAMAIN1@DF_QNA_EXPENDITURE_USD(1.1),Q,Y,USA,S1,S1,P51G,_Z,_T,_Z,USD_PPP,V,LA,T0102,2024-Q1,6156769,,,F,1,A,6,USD
OECD.SDD.NAD:DSD_NAMAIN1@DF_QNA_EXPENDITURE_USD(1.1),Q,Y,USA,S1,S1,P51G,_Z,_T,_Z,USD_PPP,V,LA,T0102,2024-Q2,6228153,,,F,1,A,6,USD
OECD.SDD.NAD:DSD_NAMAIN1@DF_QNA_EXPENDITURE_USD(1.1),Q,Y,USA,S1,S1,P51G,_Z,_T,_Z,USD_PPP,V,LA,T0102,2024-Q3,6312035,,,F,1,A,6,USD
OECD.SDD.NAD:DSD_NAMAIN1@DF_QNA_EXPENDITURE_USD(1.1),Q,Y,USA,S1,S1,P51G,_Z,_T,_Z,USD_PPP,V,LA,T0102,2024-Q4,6323352,,,F,1,A,6,USD
OECD.SDD.NAD:DSD_NAMAIN1@DF_QNA_EXPENDITURE_USD(1.1),Q,Y,USA,S1,S1,P51G,_Z,_T,_Z,USD_PPP,V,LA,T0102,2025-Q1,6434665,,,F,1,A,6,USD
OECD.SDD.NAD:DSD_NAMAIN1@DF_QNA_EXPENDITURE_USD(1.1),Q,Y,USA,S1,S1,P51G,_Z,_T,_Z,USD_PPP,V,LA,T0102,2025-Q2,6509423,,,F,1,A,6,USD
OECD.SDD.NAD:DSD_NAMAIN1@DF_QNA_EXPENDITURE_USD(1.1),Q,Y,USA,S1,S1,P51G,_Z,_T,_Z,USD_PPP,V,LA,T0102,2025-Q3,6594637,,,F,1,A,6,USD
OECD.SDD.NAD:DSD_NAMAIN1@DF_QNA_EXPENDITURE_USD(1.1),Q,Y,USA,S1,S1,P51G,_Z,_T,_Z,USD_PPP,V,LA,T0102,2025-Q4,6674356,,,F,1,A,6,USD
OECD.SDD.NAD:DSD_NAMAIN1@DF_QNA_EXPENDITURE_USD(1.1),Q,Y,USA,S1,S1,P51G,_Z,_T,_Z,USD_PPP,LR,LA,T0102,2000-Q1,3099805.5,2020,,F,1,E,6,USD
OECD.SDD.NAD:DSD_NAMAIN1@DF_QNA_EXPENDITURE_USD(1.1),Q,Y,USA,S1,S1,P51G,_Z,_T,_Z,USD_PPP,LR,LA,T0102,2000-Q2,3157822.8,2020,,F,1,E,6,USD
OECD.SDD.NAD:DSD_NAMAIN1@DF_QNA_EXPENDITURE_USD(1.1),Q,Y,USA,S1,S1,P51G,_Z,_T,_Z,USD_PPP,LR,LA,T0102,2000-Q3,3170964.1,2020,,F,1,E,6,USD
OECD.SDD.NAD:DSD_NAMAIN1@DF_QNA_EXPENDITURE_USD(1.1),Q,Y,USA,S1,S1,P51G,_Z,_T,_Z,USD_PPP,LR,LA,T0102,2000-Q4,3180330.8,2020,,F,1,E,6,USD
OECD.SDD.NAD:DSD_NAMAIN1@DF_QNA_EXPENDITURE_USD(1.1),Q,Y,USA,S1,S1,P51G,_Z,_T,_Z,USD_PPP,LR,LA,T0102,2001-Q1,3170964.1,2020,,F,1,E,6,USD
OECD.SDD.NAD:DSD_NAMAIN1@DF_QNA_EXPENDITURE_USD(1.1),Q,Y,USA,S1,S1,P51G,_Z,_T,_Z,USD_PPP,LR,LA,T0102,2001-Q2,3156145.2,2020,,F,1,E,6,USD
OECD.SDD.NAD:DSD_NAMAIN1@DF_QNA_EXPENDITURE_USD(1.1),Q,Y,USA,S1,S1,P51G,_Z,_T,_Z,USD_PPP,LR,LA,T0102,2001-Q3,3101762.7,2020,,F,1,E,6,USD
OECD.SDD.NAD:DSD_NAMAIN1@DF_QNA_EXPENDITURE_USD(1.1),Q,Y,USA,S1,S1,P51G,_Z,_T,_Z,USD_PPP,LR,LA,T0102,2001-Q4,3059682.6,2020,,F,1,E,6,USD
OECD.SDD.NAD:DSD_NAMAIN1@DF_QNA_EXPENDITURE_USD(1.1),Q,Y,USA,S13,S1,P3,_Z,_Z,_T,USD_PPP,LR,LA,T0102,2000-Q1,2261482.2,2020,,F,1,E,6,USD
OECD.SDD.NAD:DSD_NAMAIN1@DF_QNA_EXPENDITURE_USD(1.1),Q,Y,USA,S13,S1,P3,_Z,_Z,_T,USD_PPP,LR,LA,T0102,2000-Q2,2306497.2,2020,,F,1,E,6,USD
OECD.SDD.NAD:DSD_NAMAIN1@DF_QNA_EXPENDITURE_USD(1.1),Q,Y,USA,S13,S1,P3,_Z,_Z,_T,USD_PPP,LR,LA,T0102,2000-Q3,2293934.9,2020,,F,1,E,6,USD
OECD.SDD.NAD:DSD_NAMAIN1@DF_QNA_EXPENDITURE_USD(1.1),Q,Y,USA,S13,S1,P3,_Z,_Z,_T,USD_PPP,LR,LA,T0102,2000-Q4,2301262.9,2020,,F,1,E,6,USD
OECD.SDD.NAD:DSD_NAMAIN1@DF_QNA_EXPENDITURE_USD(1.1),Q,Y,USA,S13,S1,P3,_Z,_Z,_T,USD_PPP,LR,LA,T0102,2001-Q1,2335678.5,2020,,F,1,E,6,USD
OECD.SDD.NAD:DSD_NAMAIN1@DF_QNA_EXPENDITURE_USD(1.1),Q,Y,USA,S13,S1,P3,_Z,_Z,_T,USD_PPP,LR,LA,T0102,2001-Q2,2366691.7,2020,,F,1,E,6,USD
OECD.SDD.NAD:DSD_NAMAIN1@DF_QNA_EXPENDITURE_USD(1.1),Q,Y,USA,S13,S1,P3,_Z,_Z,_T,USD_PPP,LR,LA,T0102,2001-Q3,2388152.4,2020,,F,1,E,6,USD
OECD.SDD.NAD:DSD_NAMAIN1@DF_QNA_EXPENDITURE_USD(1.1),Q,Y,USA,S13,S1,P3,_Z,_Z,_T,USD_PPP,LR,LA,T0102,2001-Q4,2414847.4,2020,,F,1,E,6,USD
OECD.SDD.NAD:DSD_NAMAIN1@DF_QNA_EXPENDITURE_USD(1.1),Q,Y,USA,S1M,S1,P3,_Z,_Z,_T,USD_PPP,LR,LA,T0102,2000-Q1,9461580,2020,,F,1,A,6,USD
OECD.SDD.NAD:DSD_NAMAIN1@DF_QNA_EXPENDITURE_USD(1.1),Q,Y,USA,S1M,S1,P3,_Z,_Z,_T,USD_PPP,LR,LA,T0102,2000-Q2,9549927.9,2020,,F,1,A,6,USD
OECD.SDD.NAD:DSD_NAMAIN1@DF_QNA_EXPENDITURE_USD(1.1),Q,Y,USA,S1M,S1,P3,_Z,_Z,_T,USD_PPP,LR,LA,T0102,2000-Q3,9641424.2,2020,,F,1,A,6,USD
OECD.SDD.NAD:DSD_NAMAIN1@DF_QNA_EXPENDITURE_USD(1.1),Q,Y,USA,S1M,S1,P3,_Z,_Z,_T,USD_PPP,LR,LA,T0102,2000-Q4,9725660.8,2020,,F,1,A,6,USD
OECD.SDD.NAD:DSD_NAMAIN1@DF_QNA_EXPENDITURE_USD(1.1),Q,Y,USA,S1M,S1,P3,_Z,_Z,_T,USD_PPP,LR,LA,T0102,2001-Q1,9760934.5,2020,,F,1,A,6,USD
OECD.SDD.NAD:DSD_NAMAIN1@DF_QNA_EXPENDITURE_USD(1.1),Q,Y,USA,S1M,S1,P3,_Z,_Z,_T,USD_PPP,LR,LA,T0102,2001-Q2,9780543.7,2020,,F,1,A,6,USD
OECD.SDD.NAD:DSD_NAMAIN1@DF_QNA_EXPENDITURE_USD(1.1),Q,Y,USA,S1M,S1,P3,_Z,_Z,_T,USD_PPP,LR,LA,T0102,2001-Q3,9814578.1,2020,,F,1,A,6,USD
OECD.SDD.NAD:DSD_NAMAIN1@DF_QNA_EXPENDITURE_USD(1.1),Q,Y,USA,S1M,S1,P3,_Z,_Z,_T,USD_PPP,LR,LA,T0102,2001-Q4,9972937.4,2020,,F,1,A,6,USD
OECD.SDD.NAD:DSD_NAMAIN1@DF_QNA_EXPENDITURE_USD(1.1),Q,Y,USA,S1M,S1,P3,_Z,_Z,_T,USD_PPP,LR,LA,T0102,2002-Q1,9995141.4,2020,,F,1,A,6,USD
OECD.SDD.NAD:DSD_NAMAIN1@DF_QNA_EXPENDITURE_USD(1.1),Q,Y,USA,S1M,S1,P3,_Z,_Z,_T,USD_PPP,LR,LA,T0102,2002-Q2,10045699.5,2020,,F,1,A,6,USD
OECD.SDD.NAD:DSD_NAMAIN1@DF_QNA_EXPENDITURE_USD(1.1),Q,Y,USA,S1M,S1,P3,_Z,_Z,_T,USD_PPP,LR,LA,T0102,2002-Q3,10116001.8,2020,,F,1,A,6,USD
OECD.SDD.NAD:DSD_NAMAIN1@DF_QNA_EXPENDITURE_USD(1.1),Q,Y,USA,S1M,S1,P3,_Z,_Z,_T,USD_PPP,LR,LA,T0102,2002-Q4,10172267.4,2020,,F,1,A,6,USD
OECD.SDD.NAD:DSD_NAMAIN1@DF_QNA_EXPENDITURE_USD(1.1),Q,Y,USA,S1M,S1,P3,_Z,_Z,_T,USD_PPP,LR,LA,T0102,2003-Q1,10222372.3,2020,,F,1,A,6,USD
OECD.SDD.NAD:DSD_NAMAIN1@DF_QNA_EXPENDITURE_USD(1.1),Q,Y,USA,S1M,S1,P3,_Z,_Z,_T,USD_PPP,LR,LA,T0102,2003-Q2,10339416.6,2020,,F,1,A,6,USD
OECD.SDD.NAD:DSD_NAMAIN1@DF_QNA_EXPENDITURE_USD(1.1),Q,Y,USA,S1M,S1,P3,_Z,_Z,_T,USD_PPP,LR,LA,T0102,2003-Q3,10485614.7,2020,,F,1,A,6,USD
OECD.SDD.NAD:DSD_NAMAIN1@DF_QNA_EXPENDITURE_USD(1.1),Q,Y,USA,S1M,S1,P3,_Z,_Z,_T,USD_PPP,LR,LA,T0102,2003-Q4,10557803.2,2020,,F,1,A,6,USD
OECD.SDD.NAD:DSD_NAMAIN1@DF_QNA_EXPENDITURE_USD(1.1),Q,Y,USA,S1M,S1,P3,_Z,_Z,_T,USD_PPP,LR,LA,T0102,2004-Q1,10656241,2020,,F,1,A,6,USD
OECD.SDD.NAD:DSD_NAMAIN1@DF_QNA_EXPENDITURE_USD(1.1),Q,Y,USA,S1M,S1,P3,_Z,_Z,_T,USD_PPP,LR,LA,T0102,2004-Q2,10714386.3,2020,,F,1,A,6,USD
OECD.SDD.NAD:DSD_NAMAIN1@DF_QNA_EXPENDITURE_USD(1.1),Q,Y,USA,S1M,S1,P3,_Z,_Z,_T,USD_PPP,LR,LA,T0102,2004-Q3,10840239.4,2020,,F,1,A,6,USD
OECD.SDD.NAD:DSD_NAMAIN1@DF_QNA_EXPENDITURE_USD(1.1),Q,Y,USA,S1M,S1,P3,_Z,_Z,_T,USD_PPP,LR,LA,T0102,2004-Q4,10962854.1,2020,,F,1,A,6,USD
OECD.SDD.NAD:DSD_NAMAIN1@DF_QNA_EXPENDITURE_USD(1.1),Q,Y,USA,S1M,S1,P3,_Z,_Z,_T,USD_PPP,LR,LA,T0102,2005-Q1,11032513.8,2020,,F,1,A,6,USD
OECD.SDD.NAD:DSD_NAMAIN1@DF_QNA_EXPENDITURE_USD(1.1),Q,Y,USA,S1M,S1,P3,_Z,_Z,_T,USD_PPP,LR,LA,T0102,2005-Q2,11154775.8,2020,,F,1,A,6,USD
OECD.SDD.NAD:DSD_NAMAIN1@DF_QNA_EXPENDITURE_USD(1.1),Q,Y,USA,S1M,S1,P3,_Z,_Z,_T,USD_PPP,LR,LA,T0102,2005-Q3,11247326,2020,,F,1,A,6,USD
OECD.SDD.NAD:DSD_NAMAIN1@DF_QNA_EXPENDITURE_USD(1.1),Q,Y,USA,S1M,S1,P3,_Z,_Z,_T,USD_PPP,LR,LA,T0102,2005-Q4,11268057.3,2020,,F,1,A,6,USD
OECD.SDD.NAD:DSD_NAMAIN1@DF_QNA_EXPENDITURE_USD(1.1),Q,Y,USA,S1M,S1,P3,_Z,_Z,_T,USD_PPP,LR,LA,T0102,2006-Q1,11390930.5,2020,,F,1,A,6,USD
OECD.SDD.NAD:DSD_NAMAIN1@DF_QNA_EXPENDITURE_USD(1.1),Q,Y,USA,S1M,S1,P3,_Z,_Z,_T,USD_PPP,LR,LA,T0102,2006-Q2,11449986.5,2020,,F,1,A,6,USD
OECD.SDD.NAD:DSD_NAMAIN1@DF_QNA_EXPENDITURE_USD(1.1),Q,Y,USA,S1M,S1,P3,_Z,_Z,_T,USD_PPP,LR,LA,T0102,2006-Q3,11523514.7,2020,,F,1,A,6,USD
OECD.SDD.NAD:DSD_NAMAIN1@DF_QNA_EXPENDITURE_USD(1.1),Q,Y,USA,S1M,S1,P3,_Z,_Z,_T,USD_PPP,LR,LA,T0102,2006-Q4,11633438.6,2020,,F,1,A,6,USD
OECD.SDD.NAD:DSD_NAMAIN1@DF_QNA_EXPENDITURE_USD(1.1),Q,Y,USA,S1M,S1,P3,_Z,_Z,_T,USD_PPP,LR,LA,T0102,2007-Q1,11705189.5,2020,,F,1,A,6,USD
OECD.SDD.NAD:DSD_NAMAIN1@DF_QNA_EXPENDITURE_USD(1.1),Q,Y,USA,S1M,S1,P3,_Z,_Z,_T,USD_PPP,LR,LA,T0102,2007-Q2,11735904.9,2020,,F,1,A,6,USD
OECD.SDD.NAD:DSD_NAMAIN1@DF_QNA_EXPENDITURE_USD(1.1),Q,Y,USA,S1M,S1,P3,_Z,_Z,_T,USD_PPP,LR,LA,T0102,2007-Q3,11814194.4,2020,,F,1,A,6,USD
OECD.SDD.NAD:DSD_NAMAIN1@DF_QNA_EXPENDITURE_USD(1.1),Q,Y,USA,S1M,S1,P3,_Z,_Z,_T,USD_PPP,LR,LA,T0102,2007-Q4,11860751.1,2020,,F,1,A,6,USD
OECD.SDD.NAD:DSD_NAMAIN1@DF_QNA_EXPENDITURE_USD(1.1),Q,Y,USA,S1M,S1,P3,_Z,_Z,_T,USD_PPP,LR,LA,T0102,2008-Q1,11844488,2020,,F,1,A,6,USD
OECD.SDD.NAD:DSD_NAMAIN1@DF_QNA_EXPENDITURE_USD(1.1),Q,Y,USA,S1M,S1,P3,_Z,_Z,_T,USD_PPP,LR,LA,T0102,2008-Q2,11877127.2,2020,,F,1,A,6,USD
OECD.SDD.NAD:DSD_NAMAIN1@DF_QNA_EXPENDITURE_USD(1.1),Q,Y,USA,S1M,S1,P3,_Z,_Z,_T,USD_PPP,LR,LA,T0102,2008-Q3,11785587,2020,,F,1,A,6,USD
OECD.SDD.NAD:DSD_NAMAIN1@DF_QNA_EXPENDITURE_USD(1.1),Q,Y,USA,S1M,S1,P3,_Z,_Z,_T,USD_PPP,LR,LA,T0102,2008-Q4,11679523.2,2020,,F,1,A,6,USD
OECD.SDD.NAD:DSD_NAMAIN1@DF_QNA_EXPENDITURE_USD(1.1),Q,Y,USA,S1M,S1,P3,_Z,_Z,_T,USD_PPP,LR,LA,T0102,2009-Q1,11649863.9,2020,,F,1,A,6,USD
OECD.SDD.NAD:DSD_NAMAIN1@DF_QNA_EXPENDITURE_USD(1.1),Q,Y,USA,S1M,S1,P3,_Z,_Z,_T,USD_PPP,LR,LA,T0102,2009-Q2,11592594.6,2020,,F,1,A,6,USD
OECD.SDD.NAD:DSD_NAMAIN1@DF_QNA_EXPENDITURE_USD(1.1),Q,Y,USA,S1M,S1,P3,_Z,_Z,_T,USD_PPP,LR,LA,T0102,2009-Q3,11670552.2,2020,,F,1,A,6,USD
OECD.SDD.NAD:DSD_NAMAIN1@DF_QNA_EXPENDITURE_USD(1.1),Q,Y,USA,S1M,S1,P3,_Z,_Z,_T,USD_PPP,LR,LA,T0102,2009-Q4,11657695,2020,,F,1,A,6,USD
OECD.SDD.NAD:DSD_NAMAIN1@DF_QNA_EXPENDITURE_USD(1.1),Q,Y,USA,S1M,S1,P3,_Z,_Z,_T,USD_PPP,LR,LA,T0102,2010-Q1,11725256.2,2020,,F,1,A,6,USD
OECD.SDD.NAD:DSD_NAMAIN1@DF_QNA_EXPENDITURE_USD(1.1),Q,Y,USA,S1M,S1,P3,_Z,_Z,_T,USD_PPP,LR,LA,T0102,2010-Q2,11830404.1,2020,,F,1,A,6,USD
OECD.SDD.NAD:DSD_NAMAIN1@DF_QNA_EXPENDITURE_USD(1.1),Q,Y,USA,S1M,S1,P3,_Z,_Z,_T,USD_PPP,LR,LA,T0102,2010-Q3,11914808.2,2020,,F,1,A,6,USD
OECD.SDD.NAD:DSD_NAMAIN1@DF_QNA_EXPENDITURE_USD(1.1),Q,Y,USA,S1M,S1,P3,_Z,_Z,_T,USD_PPP,LR,LA,T0102,2010-Q4,11987836.1,2020,,F,1,A,6,USD
OECD.SDD.NAD:DSD_NAMAIN1@DF_QNA_EXPENDITURE_USD(1.1),Q,Y,USA,S1M,S1,P3,_Z,_Z,_T,USD_PPP,LR,LA,T0102,2011-Q1,12033629.8,2020,,F,1,A,6,USD
OECD.SDD.NAD:DSD_NAMAIN1@DF_QNA_EXPENDITURE_USD(1.1),Q,Y,USA,S1M,S1,P3,_Z,_Z,_T,USD_PPP,LR,LA,T0102,2011-Q2,12046011.8,2020,,F,1,A,6,USD
OECD.SDD.NAD:DSD_NAMAIN1@DF_QNA_EXPENDITURE_USD(1.1),Q,Y,USA,S1M,S1,P3,_Z,_Z,_T,USD_PPP,LR,LA,T0102,2011-Q3,12082671.2,2020,,F,1,A,6,USD
OECD.SDD.NAD:DSD_NAMAIN1@DF_QNA_EXPENDITURE_USD(1.1),Q,Y,USA,S1M,S1,P3,_Z,_Z,_T,USD_PPP,LR,LA,T0102,2011-Q4,12103515.6,2020,,F,1,A,6,USD
OECD.SDD.NAD:DSD_NAMAIN1@DF_QNA_EXPENDITURE_USD(1.1),Q,Y,USA,S1M,S1,P3,_Z,_Z,_T,USD_PPP,LR,LA,T0102,2012-Q1,12190814.7,2020,,F,1,A,6,USD
OECD.SDD.NAD:DSD_NAMAIN1@DF_QNA_EXPENDITURE_USD(1.1),Q,Y,USA,S1M,S1,P3,_Z,_Z,_T,USD_PPP,LR,LA,T0102,2012-Q2,12212225.3,2020,,F,1,A,6,USD
OECD.SDD.NAD:DSD_NAMAIN1@DF_QNA_EXPENDITURE_USD(1.1),Q,Y,USA,S1M,S1,P3,_Z,_Z,_T,USD_PPP,LR,LA,T0102,2012-Q3,12236990.4,2020,,F,1,A,6,USD
OECD.SDD.NAD:DSD_NAMAIN1@DF_QNA_EXPENDITURE_USD(1.1),Q,Y,USA,S1M,S1,P3,_Z,_Z,_T,USD_PPP,LR,LA,T0102,2012-Q4,12285757.7,2020,,F,1,A,6,USD
OECD.SDD.NAD:DSD_NAMAIN1@DF_QNA_EXPENDITURE_USD(1.1),Q,Y,USA,S1M,S1,P3,_Z,_Z,_T,USD_PPP,LR,LA,T0102,2013-Q1,12365638.1,2020,,F,1,A,6,USD
OECD.SDD.NAD:DSD_NAMAIN1@DF_QNA_EXPENDITURE_USD(1.1),Q,Y,USA,S1M,S1,P3,_Z,_Z,_T,USD_PPP,LR,LA,T0102,2013-Q2,12400976.6,2020,,F,1,A,6,USD
OECD.SDD.NAD:DSD_NAMAIN1@DF_QNA_EXPENDITURE_USD(1.1),Q,Y,USA,S1M,S1,P3,_Z,_Z,_T,USD_PPP,LR,LA,T0102,2013-Q3,12451393.4,2020,,F,1,A,6,USD
OECD.SDD.NAD:DSD_NAMAIN1@DF_QNA_EXPENDITURE_USD(1.1),Q,Y,USA,S1M,S1,P3,_Z,_Z,_T,USD_PPP,LR,LA,T0102,2013-Q4,12561051.4,2020,,F,1,A,6,USD
OECD.SDD.NAD:DSD_NAMAIN1@DF_QNA_EXPENDITURE_USD(1.1),Q,Y,USA,S1M,S1,P3,_Z,_Z,_T,USD_PPP,LR,LA,T0102,2014-Q1,12606242.2,2020,,F,1,A,6,USD
OECD.SDD.NAD:DSD_NAMAIN1@DF_QNA_EXPENDITURE_USD(1.1),Q,Y,USA,S1M,S1,P3,_Z,_Z,_T,USD_PPP,LR,LA,T0102,2014-Q2,12727337.1,2020,,F,1,A,6,USD
OECD.SDD.NAD:DSD_NAMAIN1@DF_QNA_EXPENDITURE_USD(1.1),Q,Y,USA,S1M,S1,P3,_Z,_Z,_T,USD_PPP,LR,LA,T0102,2014-Q3,12853132.6,2020,,F,1,A,6,USD
OECD.SDD.NAD:DSD_NAMAIN1@DF_QNA_EXPENDITURE_USD(1.1),Q,Y,USA,S1M,S1,P3,_Z,_Z,_T,USD_PPP,LR,LA,T0102,2014-Q4,13001245.1,2020,,F,1,A,6,USD
OECD.SDD.NAD:DSD_NAMAIN1@DF_QNA_EXPENDITURE_USD(1.1),Q,Y,USA,S1M,S1,P3,_Z,_Z,_T,USD_PPP,LR,LA,T0102,2015-Q1,13100999.6,2020,,F,1,A,6,USD
OECD.SDD.NAD:DSD_NAMAIN1@DF_QNA_EXPENDITURE_USD(1.1),Q,Y,USA,S1M,S1,P3,_Z,_Z,_T,USD_PPP,LR,LA,T0102,2015-Q2,13191170.8,2020,,F,1,A,6,USD
OECD.SDD.NAD:DSD_NAMAIN1@DF_QNA_EXPENDITURE_USD(1.1),Q,Y,USA,S1M,S1,P3,_Z,_Z,_T,USD_PPP,LR,LA,T0102,2015-Q3,13284048.7,2020,,F,1,A,6,USD
OECD.SDD.NAD:DSD_NAMAIN1@DF_QNA_EXPENDITURE_USD(1.1),Q,Y,USA,S1M,S1,P3,_Z,_Z,_T,USD_PPP,LR,LA,T0102,2015-Q4,13338078.6,2020,,F,1,A,6,USD
OECD.SDD.NAD:DSD_NAMAIN1@DF_QNA_EXPENDITURE_USD(1.1),Q,Y,USA,S1M,S1,P3,_Z,_Z,_T,USD_PPP,LR,LA,T0102,2016-Q1,13438775,2020,,F,1,A,6,USD
OECD.SDD.NAD:DSD_NAMAIN1@DF_QNA_EXPENDITURE_USD(1.1),Q,Y,USA,S1M,S1,P3,_Z,_Z,_T,USD_PPP,LR,LA,T0102,2016-Q2,13505435,2020,,F,1,A,6,USD
OECD.SDD.NAD:DSD_NAMAIN1@DF_QNA_EXPENDITURE_USD(1.1),Q,Y,USA,S1M,S1,P3,_Z,_Z,_T,USD_PPP,LR,LA,T0102,2016-Q3,13599381.5,2020,,F,1,A,6,USD
OECD.SDD.NAD:DSD_NAMAIN1@DF_QNA_EXPENDITURE_USD(1.1),Q,Y,USA,S1M,S1,P3,_Z,_Z,_T,USD_PPP,LR,LA,T0102,2016-Q4,13669504.9,2020,,F,1,A,6,USD
OECD.SDD.NAD:DSD_NAMAIN1@DF_QNA_EXPENDITURE_USD(1.1),Q,Y,USA,S1M,S1,P3,_Z,_Z,_T,USD_PPP,LR,LA,T0102,2017-Q1,13774604.7,2020,,F,1,A,6,USD
OECD.SDD.NAD:DSD_NAMAIN1@DF_QNA_EXPENDITURE_USD(1.1),Q,Y,USA,S1M,S1,P3,_Z,_Z,_T,USD_PPP,LR,LA,T0102,2017-Q2,13842918.4,2020,,F,1,A,6,USD
OECD.SDD.NAD:DSD_NAMAIN1@DF_QNA_EXPENDITURE_USD(1.1),Q,Y,USA,S1M,S1,P3,_Z,_Z,_T,USD_PPP,LR,LA,T0102,2017-Q3,13936740.4,2020,,F,1,A,6,USD
OECD.SDD.NAD:DSD_NAMAIN1@DF_QNA_EXPENDITURE_USD(1.1),Q,Y,USA,S1M,S1,P3,_Z,_Z,_T,USD_PPP,LR,LA,T0102,2017-Q4,14089051.1,2020,,F,1,A,6,USD
OECD.SDD.NAD:DSD_NAMAIN1@DF_QNA_EXPENDITURE_USD(1.1),Q,Y,USA,S1M,S1,P3,_Z,_Z,_T,USD_PPP,LR,LA,T0102,2018-Q1,14191070.5,2020,,F,1,A,6,USD
OECD.SDD.NAD:DSD_NAMAIN1@DF_QNA_EXPENDITURE_USD(1.1),Q,Y,USA,S1M,S1,P3,_Z,_Z,_T,USD_PPP,LR,LA,T0102,2018-Q2,14267052.1,2020,,F,1,A,6,USD
OECD.SDD.NAD:DSD_NAMAIN1@DF_QNA_EXPENDITURE_USD(1.1),Q,Y,USA,S1M,S1,P3,_Z,_Z,_T,USD_PPP,LR,LA,T0102,2018-Q3,14332806.7,2020,,F,1,A,6,USD
OECD.SDD.NAD:DSD_NAMAIN1@DF_QNA_EXPENDITURE_USD(1.1),Q,Y,USA,S1M,S1,P3,_Z,_Z,_T,USD_PPP,LR,LA,T0102,2018-Q4,14377585.1,2020,,F,1,A,6,USD
OECD.SDD.NAD:DSD_NAMAIN1@DF_QNA_EXPENDITURE_USD(1.1),Q,Y,USA,S1M,S1,P3,_Z,_Z,_T,USD_PPP,LR,LA,T0102,2019-Q1,14400359.5,2020,,F,1,A,6,USD
OECD.SDD.NAD:DSD_NAMAIN1@DF_QNA_EXPENDITURE_USD(1.1),Q,Y,USA,S1M,S1,P3,_Z,_Z,_T,USD_PPP,LR,LA,T0102,2019-Q2,14523210.7,2020,,F,1,A,6,USD
OECD.SDD.NAD:DSD_NAMAIN1@DF_QNA_EXPENDITURE_USD(1.1),Q,Y,USA,S1M,S1,P3,_Z,_Z,_T,USD_PPP,LR,LA,T0102,2019-Q3,14688078.2,2020,,F,1,A,6,USD
OECD.SDD.NAD:DSD_NAMAIN1@DF_QNA_EXPENDITURE_USD(1.1),Q,Y,USA,S1M,S1,P3,_Z,_Z,_T,USD_PPP,LR,LA,T0102,2019-Q4,14784425.8,2020,,F,1,A,6,USD
OECD.SDD.NAD:DSD_NAMAIN1@DF_QNA_EXPENDITURE_USD(1.1),Q,Y,USA,S1M,S1,P3,_Z,_Z,_T,USD_PPP,LR,LA,T0102,2020-Q1,14535083.1,2020,,F,1,A,6,USD
OECD.SDD.NAD:DSD_NAMAIN1@DF_QNA_EXPENDITURE_USD(1.1),Q,Y,USA,S1M,S1,P3,_Z,_Z,_T,USD_PPP,LR,LA,T0102,2020-Q2,13277275.7,2020,,F,1,A,6,USD
OECD.SDD.NAD:DSD_NAMAIN1@DF_QNA_EXPENDITURE_USD(1.1),Q,Y,USA,S1M,S1,P3,_Z,_Z,_T,USD_PPP,LR,LA,T0102,2020-Q3,14458318.6,2020,,F,1,A,6,USD
OECD.SDD.NAD:DSD_NAMAIN1@DF_QNA_EXPENDITURE_USD(1.1),Q,Y,USA,S1M,S1,P3,_Z,_Z,_T,USD_PPP,LR,LA,T0102,2020-Q4,14654735.7,2020,,F,1,A,6,USD
OECD.SDD.NAD:DSD_NAMAIN1@DF_QNA_EXPENDITURE_USD(1.1),Q,Y,USA,S1M,S1,P3,_Z,_Z,_T,USD_PPP,LR,LA,T0102,2021-Q1,14987837.8,2020,,F,1,A,6,USD
OECD.SDD.NAD:DSD_NAMAIN1@DF_QNA_EXPENDITURE_USD(1.1),Q,Y,USA,S1M,S1,P3,_Z,_Z,_T,USD_PPP,LR,LA,T0102,2021-Q2,15511585.6,2020,,F,1,A,6,USD
OECD.SDD.NAD:DSD_NAMAIN1@DF_QNA_EXPENDITURE_USD(1.1),Q,Y,USA,S1M,S1,P3,_Z,_Z,_T,USD_PPP,LR,LA,T0102,2021-Q3,15640566.1,2020,,F,1,A,6,USD
OECD.SDD.NAD:DSD_NAMAIN1@DF_QNA_EXPENDITURE_USD(1.1),Q,Y,USA,S1M,S1,P3,_Z,_Z,_T,USD_PPP,LR,LA,T0102,2021-Q4,15790886,2020,,F,1,A,6,USD
OECD.SDD.NAD:DSD_NAMAIN1@DF_QNA_EXPENDITURE_USD(1.1),Q,Y,USA,S1M,S1,P3,_Z,_Z,_T,USD_PPP,LR,LA,T0102,2022-Q1,15805526.8,2020,,F,1,A,6,USD
OECD.SDD.NAD:DSD_NAMAIN1@DF_QNA_EXPENDITURE_USD(1.1),Q,Y,USA,S1M,S1,P3,_Z,_Z,_T,USD_PPP,LR,LA,T0102,2022-Q2,15934797.2,2020,,F,1,A,6,USD
OECD.SDD.NAD:DSD_NAMAIN1@DF_QNA_EXPENDITURE_USD(1.1),Q,Y,USA,S1M,S1,P3,_Z,_Z,_T,USD_PPP,LR,LA,T0102,2022-Q3,16009603.4,2020,,F,1,A,6,USD
OECD.SDD.NAD:DSD_NAMAIN1@DF_QNA_EXPENDITURE_USD(1.1),Q,Y,USA,S1M,S1,P3,_Z,_Z,_T,USD_PPP,LR,LA,T0102,2022-Q4,16041442.9,2020,,F,1,A,6,USD
OECD.SDD.NAD:DSD_NAMAIN1@DF_QNA_EXPENDITURE_USD(1.1),Q,Y,USA,S1M,S1,P3,_Z,_Z,_T,USD_PPP,LR,LA,T0102,2023-Q1,16218858.8,2020,,F,1,A,6,USD
OECD.SDD.NAD:DSD_NAMAIN1@DF_QNA_EXPENDITURE_USD(1.1),Q,Y,USA,S1M,S1,P3,_Z,_Z,_T,USD_PPP,LR,LA,T0102,2023-Q2,16279528.8,2020,,F,1,A,6,USD
OECD.SDD.NAD:DSD_NAMAIN1@DF_QNA_EXPENDITURE_USD(1.1),Q,Y,USA,S1M,S1,P3,_Z,_Z,_T,USD_PPP,LR,LA,T0102,2023-Q3,16403230.9,2020,,F,1,A,6,USD
OECD.SDD.NAD:DSD_NAMAIN1@DF_QNA_EXPENDITURE_USD(1.1),Q,Y,USA,S1M,S1,P3,_Z,_Z,_T,USD_PPP,LR,LA,T0102,2023-Q4,16526539.5,2020,,F,1,A,6,USD
OECD.SDD.NAD:DSD_NAMAIN1@DF_QNA_EXPENDITURE_USD(1.1),Q,Y,USA,S1M,S1,P3,_Z,_Z,_T,USD_PPP,LR,LA,T0102,2024-Q1,16597699.1,2020,,F,1,A,6,USD
OECD.SDD.NAD:DSD_NAMAIN1@DF_QNA_EXPENDITURE_USD(1.1),Q,Y,USA,S1M,S1,P3,_Z,_Z,_T,USD_PPP,LR,LA,T0102,2024-Q2,16756722,2020,,F,1,A,6,USD
OECD.SDD.NAD:DSD_NAMAIN1@DF_QNA_EXPENDITURE_USD(1.1),Q,Y,USA,S1M,S1,P3,_Z,_Z,_T,USD_PPP,LR,LA,T0102,2024-Q3,16920138.9,2020,,F,1,A,6,USD
OECD.SDD.NAD:DSD_NAMAIN1@DF_QNA_EXPENDITURE_USD(1.1),Q,Y,USA,S1M,S1,P3,_Z,_Z,_T,USD_PPP,LR,LA,T0102,2024-Q4,17082499.6,2020,,F,1,A,6,USD
OECD.SDD.NAD:DSD_NAMAIN1@DF_QNA_EXPENDITURE_USD(1.1),Q,Y,USA,S1M,S1,P3,_Z,_Z,_T,USD_PPP,LR,LA,T0102,2025-Q1,17108564.7,2020,,F,1,A,6,USD
OECD.SDD.NAD:DSD_NAMAIN1@DF_QNA_EXPENDITURE_USD(1.1),Q,Y,USA,S1M,S1,P3,_Z,_Z,_T,USD_PPP,LR,LA,T0102,2025-Q2,17213118.1,2020,,F,1,A,6,USD
OECD.SDD.NAD:DSD_NAMAIN1@DF_QNA_EXPENDITURE_USD(1.1),Q,Y,USA,S1M,S1,P3,_Z,_Z,_T,USD_PPP,LR,LA,T0102,2025-Q3,17359853.2,2020,,F,1,A,6,USD
OECD.SDD.NAD:DSD_NAMAIN1@DF_QNA_EXPENDITURE_USD(1.1),Q,Y,USA,S1M,S1,P3,_Z,_Z,_T,USD_PPP,LR,LA,T0102,2025-Q4,17442896.6,2020,,F,1,A,6,USD
OECD.SDD.NAD:DSD_NAMAIN1@DF_QNA_EXPENDITURE_USD(1.1),Q,Y,USA,S1M,S1,P3,_Z,_Z,_T,USD_PPP,V,LA,T0102,2000-Q1,6618217,,,F,1,A,6,USD
OECD.SDD.NAD:DSD_NAMAIN1@DF_QNA_EXPENDITURE_USD(1.1),Q,Y,USA,S1M,S1,P3,_Z,_Z,_T,USD_PPP,V,LA,T0102,2000-Q2,6711911,,,F,1,A,6,USD
OECD.SDD.NAD:DSD_NAMAIN1@DF_QNA_EXPENDITURE_USD(1.1),Q,Y,USA,S1M,S1,P3,_Z,_Z,_T,USD_PPP,V,LA,T0102,2000-Q3,6819984,,,F,1,A,6,USD
OECD.SDD.NAD:DSD_NAMAIN1@DF_QNA_EXPENDITURE_USD(1.1),Q,Y,USA,S1M,S1,P3,_Z,_Z,_T,USD_PPP,V,LA,T0102,2000-Q4,6918606,,,F,1,A,6,USD
OECD.SDD.NAD:DSD_NAMAIN1@DF_QNA_EXPENDITURE_USD(1.1),Q,Y,USA,S1M,S1,P3,_Z,_Z,_T,USD_PPP,V,LA,T0102,2001-Q1,6995298,,,F,1,A,6,USD
OECD.SDD.NAD:DSD_NAMAIN1@DF_QNA_EXPENDITURE_USD(1.1),Q,Y,USA,S1M,S1,P3,_Z,_Z,_T,USD_PPP,V,LA,T0102,2001-Q2,7042250,,,F,1,A,6,USD
OECD.SDD.NAD:DSD_NAMAIN1@DF_QNA_EXPENDITURE_USD(1.1),Q,Y,USA,S1M,S1,P3,_Z,_Z,_T,USD_PPP,V,LA,T0102,2001-Q3,7070337,,,F,1,A,6,USD
OECD.SDD.NAD:DSD_NAMAIN1@DF_QNA_EXPENDITURE_USD(1.1),Q,Y,USA,S1M,S1,P3,_Z,_Z,_T,USD_PPP,V,LA,T0102,2001-Q4,7187320,,,F,1,A,6,USD
OECD.SDD.NAD:DSD_NAMAIN1@DF_QNA_EXPENDITURE_USD(1.1),Q,Y,USA,S1M,S1,P3,_Z,_Z,_T,USD_PPP,V,LA,T0102,2002-Q1,7217715,,,F,1,A,6,USD
OECD.SDD.NAD:DSD_NAMAIN1@DF_QNA_EXPENDITURE_USD(1.1),Q,Y,USA,S1M,S1,P3,_Z,_Z,_T,USD_PPP,V,LA,T0102,2002-Q2,7307955,,,F,1,A,6,USD
OECD.SDD.NAD:DSD_NAMAIN1@DF_QNA_EXPENDITURE_USD(1.1),Q,Y,USA,S1M,S1,P3,_Z,_Z,_T,USD_PPP,V,LA,T0102,2002-Q3,7397135,,,F,1,A,6,USD
OECD.SDD.NAD:DSD_NAMAIN1@DF_QNA_EXPENDITURE_USD(1.1),Q,Y,USA,S1M,S1,P3,_Z,_Z,_T,USD_PPP,V,LA,T0102,2002-Q4,7472958,,,F,1,A,6,USD
OECD.SDD.NAD:DSD_NAMAIN1@DF_QNA_EXPENDITURE_USD(1.1),Q,Y,USA,S1M,S1,P3,_Z,_Z,_T,USD_PPP,V,LA,T0102,2003-Q1,7567160,,,F,1,A,6,USD
OECD.SDD.NAD:DSD_NAMAIN1@DF_QNA_EXPENDITURE_USD(1.1),Q,Y,USA,S1M,S1,P3,_Z,_Z,_T,USD_PPP,V,LA,T0102,2003-Q2,7661458,,,F,1,A,6,USD
OECD.SDD.NAD:DSD_NAMAIN1@DF_QNA_EXPENDITURE_USD(1.1),Q,Y,USA,S1M,S1,P3,_Z,_Z,_T,USD_PPP,V,LA,T0102,2003-Q3,7820927,,,F,1,A,6,USD
OECD.SDD.NAD:DSD_NAMAIN1@DF_QNA_EXPENDITURE_USD(1.1),Q,Y,USA,S1M,S1,P3,_Z,_Z,_T,USD_PPP,V,LA,T0102,2003-Q4,7913453,,,F,1,A,6,USD
OECD.SDD.NAD:DSD_NAMAIN1@DF_QNA_EXPENDITURE_USD(1.1),Q,Y,USA,S1M,S1,P3,_Z,_Z,_T,USD_PPP,V,LA,T0102,2004-Q1,8048777,,,F,1,A,6,USD
OECD.SDD.NAD:DSD_NAMAIN1@DF_QNA_EXPENDITURE_USD(1.1),Q,Y,USA,S1M,S1,P3,_Z,_Z,_T,USD_PPP,V,LA,T0102,2004-Q2,8147108,,,F,1,A,6,USD
OECD.SDD.NAD:DSD_NAMAIN1@DF_QNA_EXPENDITURE_USD(1.1),Q,Y,USA,S1M,S1,P3,_Z,_Z,_T,USD_PPP,V,LA,T0102,2004-Q3,8283335,,,F,1,A,6,USD
OECD.SDD.NAD:DSD_NAMAIN1@DF_QNA_EXPENDITURE_USD(1.1),Q,Y,USA,S1M,S1,P3,_Z,_Z,_T,USD_PPP,V,LA,T0102,2004-Q4,8448621,,,F,1,A,6,USD
OECD.SDD.NAD:DSD_NAMAIN1@DF_QNA_EXPENDITURE_USD(1.1),Q,Y,USA,S1M,S1,P3,_Z,_Z,_T,USD_PPP,V,LA,T0102,2005-Q1,8551735,,,F,1,A,6,USD
OECD.SDD.NAD:DSD_NAMAIN1@DF_QNA_EXPENDITURE_USD(1.1),Q,Y,USA,S1M,S1,P3,_Z,_Z,_T,USD_PPP,V,LA,T0102,2005-Q2,8701145,,,F,1,A,6,USD
OECD.SDD.NAD:DSD_NAMAIN1@DF_QNA_EXPENDITURE_USD(1.1),Q,Y,USA,S1M,S1,P3,_Z,_Z,_T,USD_PPP,V,LA,T0102,2005-Q3,8868089,,,F,1,A,6,USD
OECD.SDD.NAD:DSD_NAMAIN1@DF_QNA_EXPENDITURE_USD(1.1),Q,Y,USA,S1M,S1,P3,_Z,_Z,_T,USD_PPP,V,LA,T0102,2005-Q4,8955295,,,F,1,A,6,USD
OECD.SDD.NAD:DSD_NAMAIN1@DF_QNA_EXPENDITURE_USD(1.1),Q,Y,USA,S1M,S1,P3,_Z,_Z,_T,USD_PPP,V,LA,T0102,2006-Q1,9100153,,,F,1,A,6,USD
OECD.SDD.NAD:DSD_NAMAIN1@DF_QNA_EXPENDITURE_USD(1.1),Q,Y,USA,S1M,S1,P3,_Z,_Z,_T,USD_PPP,V,LA,T0102,2006-Q2,9227649,,,F,1,A,6,USD
OECD.SDD.NAD:DSD_NAMAIN1@DF_QNA_EXPENDITURE_USD(1.1),Q,Y,USA,S1M,S1,P3,_Z,_Z,_T,USD_PPP,V,LA,T0102,2006-Q3,9353772,,,F,1,A,6,USD
OECD.SDD.NAD:DSD_NAMAIN1@DF_QNA_EXPENDITURE_USD(1.1),Q,Y,USA,S1M,S1,P3,_Z,_Z,_T,USD_PPP,V,LA,T0102,2006-Q4,9427368,,,F,1,A,6,USD
OECD.SDD.NAD:DSD_NAMAIN1@DF_QNA_EXPENDITURE_USD(1.1),Q,Y,USA,S1M,S1,P3,_Z,_Z,_T,USD_PPP,V,LA,T0102,2007-Q1,9572138,,,F,1,A,6,USD
OECD.SDD.NAD:DSD_NAMAIN1@DF_QNA_EXPENDITURE_USD(1.1),Q,Y,USA,S1M,S1,P3,_Z,_Z,_T,USD_PPP,V,LA,T0102,2007-Q2,9678713,,,F,1,A,6,USD
OECD.SDD.NAD:DSD_NAMAIN1@DF_QNA_EXPENDITURE_USD(1.1),Q,Y,USA,S1M,S1,P3,_Z,_Z,_T,USD_PPP,V,LA,T0102,2007-Q3,9798383,,,F,1,A,6,USD
OECD.SDD.NAD:DSD_NAMAIN1@DF_QNA_EXPENDITURE_USD(1.1),Q,Y,USA,S1M,S1,P3,_Z,_Z,_T,USD_PPP,V,LA,T0102,2007-Q4,9937140,,,F,1,A,6,USD
OECD.SDD.NAD:DSD_NAMAIN1@DF_QNA_EXPENDITURE_USD(1.1),Q,Y,USA,S1M,S1,P3,_Z,_Z,_T,USD_PPP,V,LA,T0102,2008-Q1,10004445,,,F,1,A,6,USD
OECD.SDD.NAD:DSD_NAMAIN1@DF_QNA_EXPENDITURE_USD(1.1),Q,Y,USA,S1M,S1,P3,_Z,_Z,_T,USD_PPP,V,LA,T0102,2008-Q2,10129869,,,F,1,A,6,USD
OECD.SDD.NAD:DSD_NAMAIN1@DF_QNA_EXPENDITURE_USD(1.1),Q,Y,USA,S1M,S1,P3,_Z,_Z,_T,USD_PPP,V,LA,T0102,2008-Q3,10159078,,,F,1,A,6,USD
OECD.SDD.NAD:DSD_NAMAIN1@DF_QNA_EXPENDITURE_USD(1.1),Q,Y,USA,S1M,S1,P3,_Z,_Z,_T,USD_PPP,V,LA,T0102,2008-Q4,9906942,,,F,1,A,6,USD
OECD.SDD.NAD:DSD_NAMAIN1@DF_QNA_EXPENDITURE_USD(1.1),Q,Y,USA,S1M,S1,P3,_Z,_Z,_T,USD_PPP,V,LA,T0102,2009-Q1,9814969,,,F,1,A,6,USD
OECD.SDD.NAD:DSD_NAMAIN1@DF_QNA_EXPENDITURE_USD(1.1),Q,Y,USA,S1M,S1,P3,_Z,_Z,_T,USD_PPP,V,LA,T0102,2009-Q2,9805502,,,F,1,A,6,USD
OECD.SDD.NAD:DSD_NAMAIN1@DF_QNA_EXPENDITURE_USD(1.1),Q,Y,USA,S1M,S1,P3,_Z,_Z,_T,USD_PPP,V,LA,T0102,2009-Q3,9939406,,,F,1,A,6,USD
OECD.SDD.NAD:DSD_NAMAIN1@DF_QNA_EXPENDITURE_USD(1.1),Q,Y,USA,S1M,S1,P3,_Z,_Z,_T,USD_PPP,V,LA,T0102,2009-Q4,10004996,,,F,1,A,6,USD
OECD.SDD.NAD:DSD_NAMAIN1@DF_QNA_EXPENDITURE_USD(1.1),Q,Y,USA,S1M,S1,P3,_Z,_Z,_T,USD_PPP,V,LA,T0102,2010-Q1,10101822,,,F,1,A,6,USD
OECD.SDD.NAD:DSD_NAMAIN1@DF_QNA_EXPENDITURE_USD(1.1),Q,Y,USA,S1M,S1,P3,_Z,_Z,_T,USD_PPP,V,LA,T0102,2010-Q2,10208145,,,F,1,A,6,USD
OECD.SDD.NAD:DSD_NAMAIN1@DF_QNA_EXPENDITURE_USD(1.1),Q,Y,USA,S1M,S1,P3,_Z,_Z,_T,USD_PPP,V,LA,T0102,2010-Q3,10300754,,,F,1,A,6,USD
OECD.SDD.NAD:DSD_NAMAIN1@DF_QNA_EXPENDITURE_USD(1.1),Q,Y,USA,S1M,S1,P3,_Z,_Z,_T,USD_PPP,V,LA,T0102,2010-Q4,10430304,,,F,1,A,6,USD
OECD.SDD.NAD:DSD_NAMAIN1@DF_QNA_EXPENDITURE_USD(1.1),Q,Y,USA,S1M,S1,P3,_Z,_Z,_T,USD_PPP,V,LA,T0102,2011-Q1,10558195,,,F,1,A,6,USD
OECD.SDD.NAD:DSD_NAMAIN1@DF_QNA_EXPENDITURE_USD(1.1),Q,Y,USA,S1M,S1,P3,_Z,_Z,_T,USD_PPP,V,LA,T0102,2011-Q2,10673018,,,F,1,A,6,USD
OECD.SDD.NAD:DSD_NAMAIN1@DF_QNA_EXPENDITURE_USD(1.1),Q,Y,USA,S1M,S1,P3,_Z,_Z,_T,USD_PPP,V,LA,T0102,2011-Q3,10755029,,,F,1,A,6,USD
OECD.SDD.NAD:DSD_NAMAIN1@DF_QNA_EXPENDITURE_USD(1.1),Q,Y,USA,S1M,S1,P3,_Z,_Z,_T,USD_PPP,V,LA,T0102,2011-Q4,10809186,,,F,1,A,6,USD
OECD.SDD.NAD:DSD_NAMAIN1@DF_QNA_EXPENDITURE_USD(1.1),Q,Y,USA,S1M,S1,P3,_Z,_Z,_T,USD_PPP,V,LA,T0102,2012-Q1,10959301,,,F,1,A,6,USD
OECD.SDD.NAD:DSD_NAMAIN1@DF_QNA_EXPENDITURE_USD(1.1),Q,Y,USA,S1M,S1,P3,_Z,_Z,_T,USD_PPP,V,LA,T0102,2012-Q2,11005055,,,F,1,A,6,USD
OECD.SDD.NAD:DSD_NAMAIN1@DF_QNA_EXPENDITURE_USD(1.1),Q,Y,USA,S1M,S1,P3,_Z,_Z,_T,USD_PPP,V,LA,T0102,2012-Q3,11059393,,,F,1,A,6,USD
OECD.SDD.NAD:DSD_NAMAIN1@DF_QNA_EXPENDITURE_USD(1.1),Q,Y,USA,S1M,S1,P3,_Z,_Z,_T,USD_PPP,V,LA,T0102,2012-Q4,11165703,,,F,1,A,6,USD
OECD.SDD.NAD:DSD_NAMAIN1@DF_QNA_EXPENDITURE_USD(1.1),Q,Y,USA,S1M,S1,P3,_Z,_Z,_T,USD_PPP,V,LA,T0102,2013-Q1,11277664,,,F,1,A,6,USD
OECD.SDD.NAD:DSD_NAMAIN1@DF_QNA_EXPENDITURE_USD(1.1),Q,Y,USA,S1M,S1,P3,_Z,_Z,_T,USD_PPP,V,LA,T0102,2013-Q2,11315681,,,F,1,A,6,USD
OECD.SDD.NAD:DSD_NAMAIN1@DF_QNA_EXPENDITURE_USD(1.1),Q,Y,USA,S1M,S1,P3,_Z,_Z,_T,USD_PPP,V,LA,T0102,2013-Q3,11408359,,,F,1,A,6,USD
OECD.SDD.NAD:DSD_NAMAIN1@DF_QNA_EXPENDITURE_USD(1.1),Q,Y,USA,S1M,S1,P3,_Z,_Z,_T,USD_PPP,V,LA,T0102,2013-Q4,11551229,,,F,1,A,6,USD
OECD.SDD.NAD:DSD_NAMAIN1@DF_QNA_EXPENDITURE_USD(1.1),Q,Y,USA,S1M,S1,P3,_Z,_Z,_T,USD_PPP,V,LA,T0102,2014-Q1,11646001,,,F,1,A,6,USD
OECD.SDD.NAD:DSD_NAMAIN1@DF_QNA_EXPENDITURE_USD(1.1),Q,Y,USA,S1M,S1,P3,_Z,_Z,_T,USD_PPP,V,LA,T0102,2014-Q2,11810451,,,F,1,A,6,USD
OECD.SDD.NAD:DSD_NAMAIN1@DF_QNA_EXPENDITURE_USD(1.1),Q,Y,USA,S1M,S1,P3,_Z,_Z,_T,USD_PPP,V,LA,T0102,2014-Q3,11959790,,,F,1,A,6,USD
OECD.SDD.NAD:DSD_NAMAIN1@DF_QNA_EXPENDITURE_USD(1.1),Q,Y,USA,S1M,S1,P3,_Z,_Z,_T,USD_PPP,V,LA,T0102,2014-Q4,12081561,,,F,1,A,6,USD
OECD.SDD.NAD:DSD_NAMAIN1@DF_QNA_EXPENDITURE_USD(1.1),Q,Y,USA,S1M,S1,P3,_Z,_Z,_T,USD_PPP,V,LA,T0102,2015-Q1,12119763,,,F,1,A,6,USD
OECD.SDD.NAD:DSD_NAMAIN1@DF_QNA_EXPENDITURE_USD(1.1),Q,Y,USA,S1M,S1,P3,_Z,_Z,_T,USD_PPP,V,LA,T0102,2015-Q2,12264140,,,F,1,A,6,USD
OECD.SDD.NAD:DSD_NAMAIN1@DF_QNA_EXPENDITURE_USD(1.1),Q,Y,USA,S1M,S1,P3,_Z,_Z,_T,USD_PPP,V,LA,T0102,2015-Q3,12382494,,,F,1,A,6,USD
OECD.SDD.NAD:DSD_NAMAIN1@DF_QNA_EXPENDITURE_USD(1.1),Q,Y,USA,S1M,S1,P3,_Z,_Z,_T,USD_PPP,V,LA,T0102,2015-Q4,12423353,,,F,1,A,6,USD
OECD.SDD.NAD:DSD_NAMAIN1@DF_QNA_EXPENDITURE_USD(1.1),Q,Y,USA,S1M,S1,P3,_Z,_Z,_T,USD_PPP,V,LA,T0102,2016-Q1,12523156,,,F,1,A,6,USD
OECD.SDD.NAD:DSD_NAMAIN1@DF_QNA_EXPENDITURE_USD(1.1),Q,Y,USA,S1M,S1,P3,_Z,_Z,_T,USD_PPP,V,LA,T0102,2016-Q2,12665124,,,F,1,A,6,USD
OECD.SDD.NAD:DSD_NAMAIN1@DF_QNA_EXPENDITURE_USD(1.1),Q,Y,USA,S1M,S1,P3,_Z,_Z,_T,USD_PPP,V,LA,T0102,2016-Q3,12797126,,,F,1,A,6,USD
OECD.SDD.NAD:DSD_NAMAIN1@DF_QNA_EXPENDITURE_USD(1.1),Q,Y,USA,S1M,S1,P3,_Z,_Z,_T,USD_PPP,V,LA,T0102,2016-Q4,12921989,,,F,1,A,6,USD
OECD.SDD.NAD:DSD_NAMAIN1@DF_QNA_EXPENDITURE_USD(1.1),Q,Y,USA,S1M,S1,P3,_Z,_Z,_T,USD_PPP,V,LA,T0102,2017-Q1,13097306,,,F,1,A,6,USD
OECD.SDD.NAD:DSD_NAMAIN1@DF_QNA_EXPENDITURE_USD(1.1),Q,Y,USA,S1M,S1,P3,_Z,_Z,_T,USD_PPP,V,LA,T0102,2017-Q2,13188730,,,F,1,A,6,USD
OECD.SDD.NAD:DSD_NAMAIN1@DF_QNA_EXPENDITURE_USD(1.1),Q,Y,USA,S1M,S1,P3,_Z,_Z,_T,USD_PPP,V,LA,T0102,2017-Q3,13325065,,,F,1,A,6,USD
OECD.SDD.NAD:DSD_NAMAIN1@DF_QNA_EXPENDITURE_USD(1.1),Q,Y,USA,S1M,S1,P3,_Z,_Z,_T,USD_PPP,V,LA,T0102,2017-Q4,13551401,,,F,1,A,6,USD
OECD.SDD.NAD:DSD_NAMAIN1@DF_QNA_EXPENDITURE_USD(1.1),Q,Y,USA,S1M,S1,P3,_Z,_Z,_T,USD_PPP,V,LA,T0102,2018-Q1,13745074,,,F,1,A,6,USD
OECD.SDD.NAD:DSD_NAMAIN1@DF_QNA_EXPENDITURE_USD(1.1),Q,Y,USA,S1M,S1,P3,_Z,_Z,_T,USD_PPP,V,LA,T0102,2018-Q2,13891294,,,F,1,A,6,USD
OECD.SDD.NAD:DSD_NAMAIN1@DF_QNA_EXPENDITURE_USD(1.1),Q,Y,USA,S1M,S1,P3,_Z,_Z,_T,USD_PPP,V,LA,T0102,2018-Q3,14002199,,,F,1,A,6,USD
OECD.SDD.NAD:DSD_NAMAIN1@DF_QNA_EXPENDITURE_USD(1.1),Q,Y,USA,S1M,S1,P3,_Z,_Z,_T,USD_PPP,V,LA,T0102,2018-Q4,14099199,,,F,1,A,6,USD
OECD.SDD.NAD:DSD_NAMAIN1@DF_QNA_EXPENDITURE_USD(1.1),Q,Y,USA,S1M,S1,P3,_Z,_Z,_T,USD_PPP,V,LA,T0102,2019-Q1,14150191,,,F,1,A,6,USD
OECD.SDD.NAD:DSD_NAMAIN1@DF_QNA_EXPENDITURE_USD(1.1),Q,Y,USA,S1M,S1,P3,_Z,_Z,_T,USD_PPP,V,LA,T0102,2019-Q2,14350662,,,F,1,A,6,USD
OECD.SDD.NAD:DSD_NAMAIN1@DF_QNA_EXPENDITURE_USD(1.1),Q,Y,USA,S1M,S1,P3,_Z,_Z,_T,USD_PPP,V,LA,T0102,2019-Q3,14548282,,,F,1,A,6,USD
OECD.SDD.NAD:DSD_NAMAIN1@DF_QNA_EXPENDITURE_USD(1.1),Q,Y,USA,S1M,S1,P3,_Z,_Z,_T,USD_PPP,V,LA,T0102,2019-Q4,14701038,,,F,1,A,6,USD
OECD.SDD.NAD:DSD_NAMAIN1@DF_QNA_EXPENDITURE_USD(1.1),Q,Y,USA,S1M,S1,P3,_Z,_Z,_T,USD_PPP,V,LA,T0102,2020-Q1,14503098,,,F,1,A,6,USD
OECD.SDD.NAD:DSD_NAMAIN1@DF_QNA_EXPENDITURE_USD(1.1),Q,Y,USA,S1M,S1,P3,_Z,_Z,_T,USD_PPP,V,LA,T0102,2020-Q2,13193297,,,F,1,A,6,USD
OECD.SDD.NAD:DSD_NAMAIN1@DF_QNA_EXPENDITURE_USD(1.1),Q,Y,USA,S1M,S1,P3,_Z,_Z,_T,USD_PPP,V,LA,T0102,2020-Q3,14479206,,,F,1,A,6,USD
OECD.SDD.NAD:DSD_NAMAIN1@DF_QNA_EXPENDITURE_USD(1.1),Q,Y,USA,S1M,S1,P3,_Z,_Z,_T,USD_PPP,V,LA,T0102,2020-Q4,14749812,,,F,1,A,6,USD
OECD.SDD.NAD:DSD_NAMAIN1@DF_QNA_EXPENDITURE_USD(1.1),Q,Y,USA,S1M,S1,P3,_Z,_Z,_T,USD_PPP,V,LA,T0102,2021-Q1,15255411,,,F,1,A,6,USD
OECD.SDD.NAD:DSD_NAMAIN1@DF_QNA_EXPENDITURE_USD(1.1),Q,Y,USA,S1M,S1,P3,_Z,_Z,_T,USD_PPP,V,LA,T0102,2021-Q2,16027569,,,F,1,A,6,USD
OECD.SDD.NAD:DSD_NAMAIN1@DF_QNA_EXPENDITURE_USD(1.1),Q,Y,USA,S1M,S1,P3,_Z,_Z,_T,USD_PPP,V,LA,T0102,2021-Q3,16380730,,,F,1,A,6,USD
OECD.SDD.NAD:DSD_NAMAIN1@DF_QNA_EXPENDITURE_USD(1.1),Q,Y,USA,S1M,S1,P3,_Z,_Z,_T,USD_PPP,V,LA,T0102,2021-Q4,16815018,,,F,1,A,6,USD
OECD.SDD.NAD:DSD_NAMAIN1@DF_QNA_EXPENDITURE_USD(1.1),Q,Y,USA,S1M,S1,P3,_Z,_Z,_T,USD_PPP,V,LA,T0102,2022-Q1,17148997,,,F,1,A,6,USD
OECD.SDD.NAD:DSD_NAMAIN1@DF_QNA_EXPENDITURE_USD(1.1),Q,Y,USA,S1M,S1,P3,_Z,_Z,_T,USD_PPP,V,LA,T0102,2022-Q2,17606575,,,F,1,A,6,USD
OECD.SDD.NAD:DSD_NAMAIN1@DF_QNA_EXPENDITURE_USD(1.1),Q,Y,USA,S1M,S1,P3,_Z,_Z,_T,USD_PPP,V,LA,T0102,2022-Q3,17893122,,,F,1,A,6,USD
OECD.SDD.NAD:DSD_NAMAIN1@DF_QNA_EXPENDITURE_USD(1.1),Q,Y,USA,S1M,S1,P3,_Z,_Z,_T,USD_PPP,V,LA,T0102,2022-Q4,18111361,,,F,1,A,6,USD
OECD.SDD.NAD:DSD_NAMAIN1@DF_QNA_EXPENDITURE_USD(1.1),Q,Y,USA,S1M,S1,P3,_Z,_Z,_T,USD_PPP,V,LA,T0102,2023-Q1,18487025,,,F,1,A,6,USD
OECD.SDD.NAD:DSD_NAMAIN1@DF_QNA_EXPENDITURE_USD(1.1),Q,Y,USA,S1M,S1,P3,_Z,_Z,_T,USD_PPP,V,LA,T0102,2023-Q2,18693128,,,F,1,A,6,USD
OECD.SDD.NAD:DSD_NAMAIN1@DF_QNA_EXPENDITURE_USD(1.1),Q,Y,USA,S1M,S1,P3,_Z,_Z,_T,USD_PPP,V,LA,T0102,2023-Q3,18961848,,,F,1,A,6,USD
OECD.SDD.NAD:DSD_NAMAIN1@DF_QNA_EXPENDITURE_USD(1.1),Q,Y,USA,S1M,S1,P3,_Z,_Z,_T,USD_PPP,V,LA,T0102,2023-Q4,19190599,,,F,1,A,6,USD
OECD.SDD.NAD:DSD_NAMAIN1@DF_QNA_EXPENDITURE_USD(1.1),Q,Y,USA,S1M,S1,P3,_Z,_Z,_T,USD_PPP,V,LA,T0102,2024-Q1,19443834,,,F,1,A,6,USD
OECD.SDD.NAD:DSD_NAMAIN1@DF_QNA_EXPENDITURE_USD(1.1),Q,Y,USA,S1M,S1,P3,_Z,_Z,_T,USD_PPP,V,LA,T0102,2024-Q2,19756093,,,F,1,A,6,USD
OECD.SDD.NAD:DSD_NAMAIN1@DF_QNA_EXPENDITURE_USD(1.1),Q,Y,USA,S1M,S1,P3,_Z,_Z,_T,USD_PPP,V,LA,T0102,2024-Q3,20032818,,,F,1,A,6,USD
OECD.SDD.NAD:DSD_NAMAIN1@DF_QNA_EXPENDITURE_USD(1.1),Q,Y,USA,S1M,S1,P3,_Z,_Z,_T,USD_PPP,V,LA,T0102,2024-Q4,20351292,,,F,1,A,6,USD
OECD.SDD.NAD:DSD_NAMAIN1@DF_QNA_EXPENDITURE_USD(1.1),Q,Y,USA,S1M,S1,P3,_Z,_Z,_T,USD_PPP,V,LA,T0102,2025-Q1,20554984,,,F,1,A,6,USD
OECD.SDD.NAD:DSD_NAMAIN1@DF_QNA_EXPENDITURE_USD(1.1),Q,Y,USA,S1M,S1,P3,_Z,_Z,_T,USD_PPP,V,LA,T0102,2025-Q2,20789926,,,F,1,A,6,USD
OECD.SDD.NAD:DSD_NAMAIN1@DF_QNA_EXPENDITURE_USD(1.1),Q,Y,USA,S1M,S1,P3,_Z,_Z,_T,USD_PPP,V,LA,T0102,2025-Q3,21111166,,,F,1,A,6,USD
OECD.SDD.NAD:DSD_NAMAIN1@DF_QNA_EXPENDITURE_USD(1.1),Q,Y,USA,S1M,S1,P3,_Z,_Z,_T,USD_PPP,V,LA,T0102,2025-Q4,21363352,,,F,1,A,6,USD
OECD.SDD.NAD:DSD_NAMAIN1@DF_QNA_EXPENDITURE_USD(1.1),Q,Y,USA,S13,S1,P3,_Z,_Z,_T,USD_PPP,LR,LA,T0102,2002-Q1,2461612.2,2020,,F,1,A,6,USD
OECD.SDD.NAD:DSD_NAMAIN1@DF_QNA_EXPENDITURE_USD(1.1),Q,Y,USA,S13,S1,P3,_Z,_Z,_T,USD_PPP,LR,LA,T0102,2002-Q2,2481788.1,2020,,F,1,A,6,USD
OECD.SDD.NAD:DSD_NAMAIN1@DF_QNA_EXPENDITURE_USD(1.1),Q,Y,USA,S13,S1,P3,_Z,_Z,_T,USD_PPP,LR,LA,T0102,2002-Q3,2486931.1,2020,,F,1,A,6,USD
OECD.SDD.NAD:DSD_NAMAIN1@DF_QNA_EXPENDITURE_USD(1.1),Q,Y,USA,S13,S1,P3,_Z,_Z,_T,USD_PPP,LR,LA,T0102,2002-Q4,2500195.1,2020,,F,1,A,6,USD
OECD.SDD.NAD:DSD_NAMAIN1@DF_QNA_EXPENDITURE_USD(1.1),Q,Y,USA,S13,S1,P3,_Z,_Z,_T,USD_PPP,LR,LA,T0102,2003-Q1,2502680.3,2020,,F,1,A,6,USD
OECD.SDD.NAD:DSD_NAMAIN1@DF_QNA_EXPENDITURE_USD(1.1),Q,Y,USA,S13,S1,P3,_Z,_Z,_T,USD_PPP,LR,LA,T0102,2003-Q2,2531655.7,2020,,F,1,A,6,USD
OECD.SDD.NAD:DSD_NAMAIN1@DF_QNA_EXPENDITURE_USD(1.1),Q,Y,USA,S13,S1,P3,_Z,_Z,_T,USD_PPP,LR,LA,T0102,2003-Q3,2524909.9,2020,,F,1,A,6,USD
OECD.SDD.NAD:DSD_NAMAIN1@DF_QNA_EXPENDITURE_USD(1.1),Q,Y,USA,S13,S1,P3,_Z,_Z,_T,USD_PPP,LR,LA,T0102,2003-Q4,2541506.9,2020,,F,1,A,6,USD
OECD.SDD.NAD:DSD_NAMAIN1@DF_QNA_EXPENDITURE_USD(1.1),Q,Y,USA,S13,S1,P3,_Z,_Z,_T,USD_PPP,LR,LA,T0102,2004-Q1,2557012.3,2020,,F,1,A,6,USD
OECD.SDD.NAD:DSD_NAMAIN1@DF_QNA_EXPENDITURE_USD(1.1),Q,Y,USA,S13,S1,P3,_Z,_Z,_T,USD_PPP,LR,LA,T0102,2004-Q2,2561483.3,2020,,F,1,A,6,USD
OECD.SDD.NAD:DSD_NAMAIN1@DF_QNA_EXPENDITURE_USD(1.1),Q,Y,USA,S13,S1,P3,_Z,_Z,_T,USD_PPP,LR,LA,T0102,2004-Q3,2569086.6,2020,,F,1,A,6,USD
OECD.SDD.NAD:DSD_NAMAIN1@DF_QNA_EXPENDITURE_USD(1.1),Q,Y,USA,S13,S1,P3,_Z,_Z,_T,USD_PPP,LR,LA,T0102,2004-Q4,2568607.7,2020,,F,1,A,6,USD
OECD.SDD.NAD:DSD_NAMAIN1@DF_QNA_EXPENDITURE_USD(1.1),Q,Y,USA,S13,S1,P3,_Z,_Z,_T,USD_PPP,LR,LA,T0102,2005-Q1,2583712.9,2020,,F,1,A,6,USD
OECD.SDD.NAD:DSD_NAMAIN1@DF_QNA_EXPENDITURE_USD(1.1),Q,Y,USA,S13,S1,P3,_Z,_Z,_T,USD_PPP,LR,LA,T0102,2005-Q2,2578642.3,2020,,F,1,A,6,USD
OECD.SDD.NAD:DSD_NAMAIN1@DF_QNA_EXPENDITURE_USD(1.1),Q,Y,USA,S13,S1,P3,_Z,_Z,_T,USD_PPP,LR,LA,T0102,2005-Q3,2589489,2020,,F,1,A,6,USD
OECD.SDD.NAD:DSD_NAMAIN1@DF_QNA_EXPENDITURE_USD(1.1),Q,Y,USA,S13,S1,P3,_Z,_Z,_T,USD_PPP,LR,LA,T0102,2005-Q4,2590243,2020,,F,1,A,6,USD
OECD.SDD.NAD:DSD_NAMAIN1@DF_QNA_EXPENDITURE_USD(1.1),Q,Y,USA,S13,S1,P3,_Z,_Z,_T,USD_PPP,LR,LA,T0102,2006-Q1,2614980.5,2020,,F,1,A,6,USD
OECD.SDD.NAD:DSD_NAMAIN1@DF_QNA_EXPENDITURE_USD(1.1),Q,Y,USA,S13,S1,P3,_Z,_Z,_T,USD_PPP,LR,LA,T0102,2006-Q2,2607748.2,2020,,F,1,A,6,USD
OECD.SDD.NAD:DSD_NAMAIN1@DF_QNA_EXPENDITURE_USD(1.1),Q,Y,USA,S13,S1,P3,_Z,_Z,_T,USD_PPP,LR,LA,T0102,2006-Q3,2611709,2020,,F,1,A,6,USD
OECD.SDD.NAD:DSD_NAMAIN1@DF_QNA_EXPENDITURE_USD(1.1),Q,Y,USA,S13,S1,P3,_Z,_Z,_T,USD_PPP,LR,LA,T0102,2006-Q4,2633827.5,2020,,F,1,A,6,USD
OECD.SDD.NAD:DSD_NAMAIN1@DF_QNA_EXPENDITURE_USD(1.1),Q,Y,USA,S13,S1,P3,_Z,_Z,_T,USD_PPP,LR,LA,T0102,2007-Q1,2828554,2020,,F,1,A,6,USD
OECD.SDD.NAD:DSD_NAMAIN1@DF_QNA_EXPENDITURE_USD(1.1),Q,Y,USA,S13,S1,P3,_Z,_Z,_T,USD_PPP,LR,LA,T0102,2007-Q2,2846656.8,2020,,F,1,A,6,USD
OECD.SDD.NAD:DSD_NAMAIN1@DF_QNA_EXPENDITURE_USD(1.1),Q,Y,USA,S13,S1,P3,_Z,_Z,_T,USD_PPP,LR,LA,T0102,2007-Q3,2860927.2,2020,,F,1,A,6,USD
OECD.SDD.NAD:DSD_NAMAIN1@DF_QNA_EXPENDITURE_USD(1.1),Q,Y,USA,S13,S1,P3,_Z,_Z,_T,USD_PPP,LR,LA,T0102,2007-Q4,2880657.6,2020,,F,1,A,6,USD
OECD.SDD.NAD:DSD_NAMAIN1@DF_QNA_EXPENDITURE_USD(1.1),Q,Y,USA,S13,S1,P3,_Z,_Z,_T,USD_PPP,LR,LA,T0102,2008-Q1,2891249.8,2020,,F,1,A,6,USD
OECD.SDD.NAD:DSD_NAMAIN1@DF_QNA_EXPENDITURE_USD(1.1),Q,Y,USA,S13,S1,P3,_Z,_Z,_T,USD_PPP,LR,LA,T0102,2008-Q2,2908303.1,2020,,F,1,A,6,USD
OECD.SDD.NAD:DSD_NAMAIN1@DF_QNA_EXPENDITURE_USD(1.1),Q,Y,USA,S13,S1,P3,_Z,_Z,_T,USD_PPP,LR,LA,T0102,2008-Q3,2933039.5,2020,,F,1,A,6,USD
OECD.SDD.NAD:DSD_NAMAIN1@DF_QNA_EXPENDITURE_USD(1.1),Q,Y,USA,S13,S1,P3,_Z,_Z,_T,USD_PPP,LR,LA,T0102,2008-Q4,2963092.5,2020,,F,1,A,6,USD
OECD.SDD.NAD:DSD_NAMAIN1@DF_QNA_EXPENDITURE_USD(1.1),Q,Y,USA,S13,S1,P3,_Z,_Z,_T,USD_PPP,LR,LA,T0102,2009-Q1,3009107.2,2020,,F,1,A,6,USD
OECD.SDD.NAD:DSD_NAMAIN1@DF_QNA_EXPENDITURE_USD(1.1),Q,Y,USA,S13,S1,P3,_Z,_Z,_T,USD_PPP,LR,LA,T0102,2009-Q2,3051409.2,2020,,F,1,A,6,USD
OECD.SDD.NAD:DSD_NAMAIN1@DF_QNA_EXPENDITURE_USD(1.1),Q,Y,USA,S13,S1,P3,_Z,_Z,_T,USD_PPP,LR,LA,T0102,2009-Q3,3058888.5,2020,,F,1,A,6,USD
OECD.SDD.NAD:DSD_NAMAIN1@DF_QNA_EXPENDITURE_USD(1.1),Q,Y,USA,S13,S1,P3,_Z,_Z,_T,USD_PPP,LR,LA,T0102,2009-Q4,3073205.2,2020,,F,1,A,6,USD
OECD.SDD.NAD:DSD_NAMAIN1@DF_QNA_EXPENDITURE_USD(1.1),Q,Y,USA,S13,S1,P3,_Z,_Z,_T,USD_PPP,LR,LA,T0102,2010-Q1,3067464.7,2020,,F,1,A,6,USD
OECD.SDD.NAD:DSD_NAMAIN1@DF_QNA_EXPENDITURE_USD(1.1),Q,Y,USA,S13,S1,P3,_Z,_Z,_T,USD_PPP,LR,LA,T0102,2010-Q2,3065107.9,2020,,F,1,A,6,USD
OECD.SDD.NAD:DSD_NAMAIN1@DF_QNA_EXPENDITURE_USD(1.1),Q,Y,USA,S13,S1,P3,_Z,_Z,_T,USD_PPP,LR,LA,T0102,2010-Q3,3038991.9,2020,,F,1,A,6,USD
OECD.SDD.NAD:DSD_NAMAIN1@DF_QNA_EXPENDITURE_USD(1.1),Q,Y,USA,S13,S1,P3,_Z,_Z,_T,USD_PPP,LR,LA,T0102,2010-Q4,3021568.7,2020,,F,1,A,6,USD
OECD.SDD.NAD:DSD_NAMAIN1@DF_QNA_EXPENDITURE_USD(1.1),Q,Y,USA,S13,S1,P3,_Z,_Z,_T,USD_PPP,LR,LA,T0102,2011-Q1,2990290.4,2020,,F,1,A,6,USD
OECD.SDD.NAD:DSD_NAMAIN1@DF_QNA_EXPENDITURE_USD(1.1),Q,Y,USA,S13,S1,P3,_Z,_Z,_T,USD_PPP,LR,LA,T0102,2011-Q2,2973384.9,2020,,F,1,A,6,USD
OECD.SDD.NAD:DSD_NAMAIN1@DF_QNA_EXPENDITURE_USD(1.1),Q,Y,USA,S13,S1,P3,_Z,_Z,_T,USD_PPP,LR,LA,T0102,2011-Q3,2927212.7,2020,,F,1,A,6,USD
OECD.SDD.NAD:DSD_NAMAIN1@DF_QNA_EXPENDITURE_USD(1.1),Q,Y,USA,S13,S1,P3,_Z,_Z,_T,USD_PPP,LR,LA,T0102,2011-Q4,2927313,2020,,F,1,A,6,USD
OECD.SDD.NAD:DSD_NAMAIN1@DF_QNA_EXPENDITURE_USD(1.1),Q,Y,USA,S13,S1,P3,_Z,_Z,_T,USD_PPP,LR,LA,T0102,2012-Q1,2926690.6,2020,,F,1,A,6,USD
OECD.SDD.NAD:DSD_NAMAIN1@DF_QNA_EXPENDITURE_USD(1.1),Q,Y,USA,S13,S1,P3,_Z,_Z,_T,USD_PPP,LR,LA,T0102,2012-Q2,2910973.8,2020,,F,1,A,6,USD
OECD.SDD.NAD:DSD_NAMAIN1@DF_QNA_EXPENDITURE_USD(1.1),Q,Y,USA,S13,S1,P3,_Z,_Z,_T,USD_PPP,LR,LA,T0102,2012-Q3,2917041.1,2020,,F,1,A,6,USD
OECD.SDD.NAD:DSD_NAMAIN1@DF_QNA_EXPENDITURE_USD(1.1),Q,Y,USA,S13,S1,P3,_Z,_Z,_T,USD_PPP,LR,LA,T0102,2012-Q4,2891137.7,2020,,F,1,A,6,USD
OECD.SDD.NAD:DSD_NAMAIN1@DF_QNA_EXPENDITURE_USD(1.1),Q,Y,USA,S13,S1,P3,_Z,_Z,_T,USD_PPP,LR,LA,T0102,2013-Q1,2872323,2020,,F,1,A,6,USD
OECD.SDD.NAD:DSD_NAMAIN1@DF_QNA_EXPENDITURE_USD(1.1),Q,Y,USA,S13,S1,P3,_Z,_Z,_T,USD_PPP,LR,LA,T0102,2013-Q2,2870186.2,2020,,F,1,A,6,USD
OECD.SDD.NAD:DSD_NAMAIN1@DF_QNA_EXPENDITURE_USD(1.1),Q,Y,USA,S13,S1,P3,_Z,_Z,_T,USD_PPP,LR,LA,T0102,2013-Q3,2850425.5,2020,,F,1,A,6,USD
OECD.SDD.NAD:DSD_NAMAIN1@DF_QNA_EXPENDITURE_USD(1.1),Q,Y,USA,S13,S1,P3,_Z,_Z,_T,USD_PPP,LR,LA,T0102,2013-Q4,2828733.1,2020,,F,1,A,6,USD
OECD.SDD.NAD:DSD_NAMAIN1@DF_QNA_EXPENDITURE_USD(1.1),Q,Y,USA,S13,S1,P3,_Z,_Z,_T,USD_PPP,LR,LA,T0102,2014-Q1,2830915.1,2020,,F,1,A,6,USD
OECD.SDD.NAD:DSD_NAMAIN1@DF_QNA_EXPENDITURE_USD(1.1),Q,Y,USA,S13,S1,P3,_Z,_Z,_T,USD_PPP,LR,LA,T0102,2014-Q2,2821333.6,2020,,F,1,A,6,USD
OECD.SDD.NAD:DSD_NAMAIN1@DF_QNA_EXPENDITURE_USD(1.1),Q,Y,USA,S13,S1,P3,_Z,_Z,_T,USD_PPP,LR,LA,T0102,2014-Q3,2842182.6,2020,,F,1,A,6,USD
OECD.SDD.NAD:DSD_NAMAIN1@DF_QNA_EXPENDITURE_USD(1.1),Q,Y,USA,S13,S1,P3,_Z,_Z,_T,USD_PPP,LR,LA,T0102,2014-Q4,2832458.7,2020,,F,1,A,6,USD
OECD.SDD.NAD:DSD_NAMAIN1@DF_QNA_EXPENDITURE_USD(1.1),Q,Y,USA,S13,S1,P3,_Z,_Z,_T,USD_PPP,LR,LA,T0102,2015-Q1,2858417.2,2020,,F,1,A,6,USD
OECD.SDD.NAD:DSD_NAMAIN1@DF_QNA_EXPENDITURE_USD(1.1),Q,Y,USA,S13,S1,P3,_Z,_Z,_T,USD_PPP,LR,LA,T0102,2015-Q2,2872620.7,2020,,F,1,A,6,USD
OECD.SDD.NAD:DSD_NAMAIN1@DF_QNA_EXPENDITURE_USD(1.1),Q,Y,USA,S13,S1,P3,_Z,_Z,_T,USD_PPP,LR,LA,T0102,2015-Q3,2887105.7,2020,,F,1,A,6,USD
OECD.SDD.NAD:DSD_NAMAIN1@DF_QNA_EXPENDITURE_USD(1.1),Q,Y,USA,S13,S1,P3,_Z,_Z,_T,USD_PPP,LR,LA,T0102,2015-Q4,2905690.6,2020,,F,1,A,6,USD
OECD.SDD.NAD:DSD_NAMAIN1@DF_QNA_EXPENDITURE_USD(1.1),Q,Y,USA,S13,S1,P3,_Z,_Z,_T,USD_PPP,LR,LA,T0102,2016-Q1,2920454,2020,,F,1,A,6,USD
OECD.SDD.NAD:DSD_NAMAIN1@DF_QNA_EXPENDITURE_USD(1.1),Q,Y,USA,S13,S1,P3,_Z,_Z,_T,USD_PPP,LR,LA,T0102,2016-Q2,2924435.2,2020,,F,1,A,6,USD
OECD.SDD.NAD:DSD_NAMAIN1@DF_QNA_EXPENDITURE_USD(1.1),Q,Y,USA,S13,S1,P3,_Z,_Z,_T,USD_PPP,LR,LA,T0102,2016-Q3,2940840.2,2020,,F,1,A,6,USD
OECD.SDD.NAD:DSD_NAMAIN1@DF_QNA_EXPENDITURE_USD(1.1),Q,Y,USA,S13,S1,P3,_Z,_Z,_T,USD_PPP,LR,LA,T0102,2016-Q4,2940120.8,2020,,F,1,A,6,USD
OECD.SDD.NAD:DSD_NAMAIN1@DF_QNA_EXPENDITURE_USD(1.1),Q,Y,USA,S13,S1,P3,_Z,_Z,_T,USD_PPP,LR,LA,T0102,2017-Q1,2925377.9,2020,,F,1,A,6,USD
OECD.SDD.NAD:DSD_NAMAIN1@DF_QNA_EXPENDITURE_USD(1.1),Q,Y,USA,S13,S1,P3,_Z,_Z,_T,USD_PPP,LR,LA,T0102,2017-Q2,2926155.6,2020,,F,1,A,6,USD
OECD.SDD.NAD:DSD_NAMAIN1@DF_QNA_EXPENDITURE_USD(1.1),Q,Y,USA,S13,S1,P3,_Z,_Z,_T,USD_PPP,LR,LA,T0102,2017-Q3,2926102.8,2020,,F,1,A,6,USD
OECD.SDD.NAD:DSD_NAMAIN1@DF_QNA_EXPENDITURE_USD(1.1),Q,Y,USA,S13,S1,P3,_Z,_Z,_T,USD_PPP,LR,LA,T0102,2017-Q4,2939449.8,2020,,F,1,A,6,USD
OECD.SDD.NAD:DSD_NAMAIN1@DF_QNA_EXPENDITURE_USD(1.1),Q,Y,USA,S13,S1,P3,_Z,_Z,_T,USD_PPP,LR,LA,T0102,2018-Q1,2944555,2020,,F,1,A,6,USD
OECD.SDD.NAD:DSD_NAMAIN1@DF_QNA_EXPENDITURE_USD(1.1),Q,Y,USA,S13,S1,P3,_Z,_Z,_T,USD_PPP,LR,LA,T0102,2018-Q2,2958212.7,2020,,F,1,A,6,USD
OECD.SDD.NAD:DSD_NAMAIN1@DF_QNA_EXPENDITURE_USD(1.1),Q,Y,USA,S13,S1,P3,_Z,_Z,_T,USD_PPP,LR,LA,T0102,2018-Q3,2982190.9,2020,,F,1,A,6,USD
OECD.SDD.NAD:DSD_NAMAIN1@DF_QNA_EXPENDITURE_USD(1.1),Q,Y,USA,S13,S1,P3,_Z,_Z,_T,USD_PPP,LR,LA,T0102,2018-Q4,2995192.8,2020,,F,1,A,6,USD
OECD.SDD.NAD:DSD_NAMAIN1@DF_QNA_EXPENDITURE_USD(1.1),Q,Y,USA,S13,S1,P3,_Z,_Z,_T,USD_PPP,LR,LA,T0102,2019-Q1,3023848.9,2020,,F,1,A,6,USD
OECD.SDD.NAD:DSD_NAMAIN1@DF_QNA_EXPENDITURE_USD(1.1),Q,Y,USA,S13,S1,P3,_Z,_Z,_T,USD_PPP,LR,LA,T0102,2019-Q2,3076373.2,2020,,F,1,A,6,USD
OECD.SDD.NAD:DSD_NAMAIN1@DF_QNA_EXPENDITURE_USD(1.1),Q,Y,USA,S13,S1,P3,_Z,_Z,_T,USD_PPP,LR,LA,T0102,2019-Q3,3108399,2020,,F,1,A,6,USD
OECD.SDD.NAD:DSD_NAMAIN1@DF_QNA_EXPENDITURE_USD(1.1),Q,Y,USA,S13,S1,P3,_Z,_Z,_T,USD_PPP,LR,LA,T0102,2019-Q4,3137763.9,2020,,F,1,A,6,USD
OECD.SDD.NAD:DSD_NAMAIN1@DF_QNA_EXPENDITURE_USD(1.1),Q,Y,USA,S13,S1,P3,_Z,_Z,_T,USD_PPP,LR,LA,T0102,2020-Q1,3158371.3,2020,,F,1,A,6,USD
OECD.SDD.NAD:DSD_NAMAIN1@DF_QNA_EXPENDITURE_USD(1.1),Q,Y,USA,S13,S1,P3,_Z,_Z,_T,USD_PPP,LR,LA,T0102,2020-Q2,3234948.1,2020,,F,1,A,6,USD
OECD.SDD.NAD:DSD_NAMAIN1@DF_QNA_EXPENDITURE_USD(1.1),Q,Y,USA,S13,S1,P3,_Z,_Z,_T,USD_PPP,LR,LA,T0102,2020-Q3,3166646.6,2020,,F,1,A,6,USD
OECD.SDD.NAD:DSD_NAMAIN1@DF_QNA_EXPENDITURE_USD(1.1),Q,Y,USA,S13,S1,P3,_Z,_Z,_T,USD_PPP,LR,LA,T0102,2020-Q4,3160468.1,2020,,F,1,A,6,USD
OECD.SDD.NAD:DSD_NAMAIN1@DF_QNA_EXPENDITURE_USD(1.1),Q,Y,USA,S13,S1,P3,_Z,_Z,_T,USD_PPP,LR,LA,T0102,2021-Q1,3232446.7,2020,,F,1,A,6,USD
OECD.SDD.NAD:DSD_NAMAIN1@DF_QNA_EXPENDITURE_USD(1.1),Q,Y,USA,S13,S1,P3,_Z,_Z,_T,USD_PPP,LR,LA,T0102,2021-Q2,3199183.7,2020,,F,1,A,6,USD
OECD.SDD.NAD:DSD_NAMAIN1@DF_QNA_EXPENDITURE_USD(1.1),Q,Y,USA,S13,S1,P3,_Z,_Z,_T,USD_PPP,LR,LA,T0102,2021-Q3,3174567,2020,,F,1,A,6,USD
OECD.SDD.NAD:DSD_NAMAIN1@DF_QNA_EXPENDITURE_USD(1.1),Q,Y,USA,S13,S1,P3,_Z,_Z,_T,USD_PPP,LR,LA,T0102,2021-Q4,3177284.1,2020,,F,1,A,6,USD
OECD.SDD.NAD:DSD_NAMAIN1@DF_QNA_EXPENDITURE_USD(1.1),Q,Y,USA,S13,S1,P3,_Z,_Z,_T,USD_PPP,LR,LA,T0102,2022-Q1,3146304.5,2020,,F,1,A,6,USD
OECD.SDD.NAD:DSD_NAMAIN1@DF_QNA_EXPENDITURE_USD(1.1),Q,Y,USA,S13,S1,P3,_Z,_Z,_T,USD_PPP,LR,LA,T0102,2022-Q2,3134477.3,2020,,F,1,A,6,USD
OECD.SDD.NAD:DSD_NAMAIN1@DF_QNA_EXPENDITURE_USD(1.1),Q,Y,USA,S13,S1,P3,_Z,_Z,_T,USD_PPP,LR,LA,T0102,2022-Q3,3153559.4,2020,,F,1,A,6,USD
OECD.SDD.NAD:DSD_NAMAIN1@DF_QNA_EXPENDITURE_USD(1.1),Q,Y,USA,S13,S1,P3,_Z,_Z,_T,USD_PPP,LR,LA,T0102,2022-Q4,3180672.1,2020,,F,1,A,6,USD
OECD.SDD.NAD:DSD_NAMAIN1@DF_QNA_EXPENDITURE_USD(1.1),Q,Y,USA,S13,S1,P3,_Z,_Z,_T,USD_PPP,LR,LA,T0102,2023-Q1,3213180.1,2020,,F,1,A,6,USD
OECD.SDD.NAD:DSD_NAMAIN1@DF_QNA_EXPENDITURE_USD(1.1),Q,Y,USA,S13,S1,P3,_Z,_Z,_T,USD_PPP,LR,LA,T0102,2023-Q2,3223420.7,2020,,F,1,A,6,USD
OECD.SDD.NAD:DSD_NAMAIN1@DF_QNA_EXPENDITURE_USD(1.1),Q,Y,USA,S13,S1,P3,_Z,_Z,_T,USD_PPP,LR,LA,T0102,2023-Q3,3264118.7,2020,,F,1,A,6,USD
OECD.SDD.NAD:DSD_NAMAIN1@DF_QNA_EXPENDITURE_USD(1.1),Q,Y,USA,S13,S1,P3,_Z,_Z,_T,USD_PPP,LR,LA,T0102,2023-Q4,3287466.9,2020,,F,1,A,6,USD
OECD.SDD.NAD:DSD_NAMAIN1@DF_QNA_EXPENDITURE_USD(1.1),Q,Y,USA,S13,S1,P3,_Z,_Z,_T,USD_PPP,LR,LA,T0102,2024-Q1,3310629.6,2020,,F,1,A,6,USD
OECD.SDD.NAD:DSD_NAMAIN1@DF_QNA_EXPENDITURE_USD(1.1),Q,Y,USA,S13,S1,P3,_Z,_Z,_T,USD_PPP,LR,LA,T0102,2024-Q2,3333058.8,2020,,F,1,A,6,USD
OECD.SDD.NAD:DSD_NAMAIN1@DF_QNA_EXPENDITURE_USD(1.1),Q,Y,USA,S13,S1,P3,_Z,_Z,_T,USD_PPP,LR,LA,T0102,2024-Q3,3369869.5,2020,,F,1,A,6,USD
OECD.SDD.NAD:DSD_NAMAIN1@DF_QNA_EXPENDITURE_USD(1.1),Q,Y,USA,S13,S1,P3,_Z,_Z,_T,USD_PPP,LR,LA,T0102,2024-Q4,3397504.2,2020,,F,1,A,6,USD
OECD.SDD.NAD:DSD_NAMAIN1@DF_QNA_EXPENDITURE_USD(1.1),Q,Y,USA,S13,S1,P3,_Z,_Z,_T,USD_PPP,LR,LA,T0102,2025-Q1,3382980.3,2020,,F,1,A,6,USD
OECD.SDD.NAD:DSD_NAMAIN1@DF_QNA_EXPENDITURE_USD(1.1),Q,Y,USA,S13,S1,P3,_Z,_Z,_T,USD_PPP,LR,LA,T0102,2025-Q2,3374428.9,2020,,F,1,A,6,USD
OECD.SDD.NAD:DSD_NAMAIN1@DF_QNA_EXPENDITURE_USD(1.1),Q,Y,USA,S13,S1,P3,_Z,_Z,_T,USD_PPP,LR,LA,T0102,2025-Q3,3396649.9,2020,,F,1,A,6,USD
OECD.SDD.NAD:DSD_NAMAIN1@DF_QNA_EXPENDITURE_USD(1.1),Q,Y,USA,S13,S1,P3,_Z,_Z,_T,USD_PPP,LR,LA,T0102,2025-Q4,3335155.7,2020,,F,1,A,6,USD
OECD.SDD.NAD:DSD_NAMAIN1@DF_QNA_EXPENDITURE_USD(1.1),Q,Y,USA,S13,S1,P3,_Z,_Z,_T,USD_PPP,V,LA,T0102,2000-Q1,1400740,,,F,1,A,6,USD
OECD.SDD.NAD:DSD_NAMAIN1@DF_QNA_EXPENDITURE_USD(1.1),Q,Y,USA,S13,S1,P3,_Z,_Z,_T,USD_PPP,V,LA,T0102,2000-Q2,1436707,,,F,1,A,6,USD
OECD.SDD.NAD:DSD_NAMAIN1@DF_QNA_EXPENDITURE_USD(1.1),Q,Y,USA,S13,S1,P3,_Z,_Z,_T,USD_PPP,V,LA,T0102,2000-Q3,1445874,,,F,1,A,6,USD
OECD.SDD.NAD:DSD_NAMAIN1@DF_QNA_EXPENDITURE_USD(1.1),Q,Y,USA,S13,S1,P3,_Z,_Z,_T,USD_PPP,V,LA,T0102,2000-Q4,1467031,,,F,1,A,6,USD
OECD.SDD.NAD:DSD_NAMAIN1@DF_QNA_EXPENDITURE_USD(1.1),Q,Y,USA,S13,S1,P3,_Z,_Z,_T,USD_PPP,V,LA,T0102,2001-Q1,1505376,,,F,1,A,6,USD
OECD.SDD.NAD:DSD_NAMAIN1@DF_QNA_EXPENDITURE_USD(1.1),Q,Y,USA,S13,S1,P3,_Z,_Z,_T,USD_PPP,V,LA,T0102,2001-Q2,1528813,,,F,1,A,6,USD
OECD.SDD.NAD:DSD_NAMAIN1@DF_QNA_EXPENDITURE_USD(1.1),Q,Y,USA,S13,S1,P3,_Z,_Z,_T,USD_PPP,V,LA,T0102,2001-Q3,1549927,,,F,1,A,6,USD
OECD.SDD.NAD:DSD_NAMAIN1@DF_QNA_EXPENDITURE_USD(1.1),Q,Y,USA,S13,S1,P3,_Z,_Z,_T,USD_PPP,V,LA,T0102,2001-Q4,1568487,,,F,1,A,6,USD
OECD.SDD.NAD:DSD_NAMAIN1@DF_QNA_EXPENDITURE_USD(1.1),Q,Y,USA,S13,S1,P3,_Z,_Z,_T,USD_PPP,V,LA,T0102,2002-Q1,1605292,,,F,1,A,6,USD
OECD.SDD.NAD:DSD_NAMAIN1@DF_QNA_EXPENDITURE_USD(1.1),Q,Y,USA,S13,S1,P3,_Z,_Z,_T,USD_PPP,V,LA,T0102,2002-Q2,1636032,,,F,1,A,6,USD
OECD.SDD.NAD:DSD_NAMAIN1@DF_QNA_EXPENDITURE_USD(1.1),Q,Y,USA,S13,S1,P3,_Z,_Z,_T,USD_PPP,V,LA,T0102,2002-Q3,1654189,,,F,1,A,6,USD
OECD.SDD.NAD:DSD_NAMAIN1@DF_QNA_EXPENDITURE_USD(1.1),Q,Y,USA,S13,S1,P3,_Z,_Z,_T,USD_PPP,V,LA,T0102,2002-Q4,1687762,,,F,1,A,6,USD
OECD.SDD.NAD:DSD_NAMAIN1@DF_QNA_EXPENDITURE_USD(1.1),Q,Y,USA,S13,S1,P3,_Z,_Z,_T,USD_PPP,V,LA,T0102,2003-Q1,1714899,,,F,1,A,6,USD
OECD.SDD.NAD:DSD_NAMAIN1@DF_QNA_EXPENDITURE_USD(1.1),Q,Y,USA,S13,S1,P3,_Z,_Z,_T,USD_PPP,V,LA,T0102,2003-Q2,1740502,,,F,1,A,6,USD
OECD.SDD.NAD:DSD_NAMAIN1@DF_QNA_EXPENDITURE_USD(1.1),Q,Y,USA,S13,S1,P3,_Z,_Z,_T,USD_PPP,V,LA,T0102,2003-Q3,1751361,,,F,1,A,6,USD
OECD.SDD.NAD:DSD_NAMAIN1@DF_QNA_EXPENDITURE_USD(1.1),Q,Y,USA,S13,S1,P3,_Z,_Z,_T,USD_PPP,V,LA,T0102,2003-Q4,1778750,,,F,1,A,6,USD
OECD.SDD.NAD:DSD_NAMAIN1@DF_QNA_EXPENDITURE_USD(1.1),Q,Y,USA,S13,S1,P3,_Z,_Z,_T,USD_PPP,V,LA,T0102,2004-Q1,1812273,,,F,1,A,6,USD
OECD.SDD.NAD:DSD_NAMAIN1@DF_QNA_EXPENDITURE_USD(1.1),Q,Y,USA,S13,S1,P3,_Z,_Z,_T,USD_PPP,V,LA,T0102,2004-Q2,1837411,,,F,1,A,6,USD
OECD.SDD.NAD:DSD_NAMAIN1@DF_QNA_EXPENDITURE_USD(1.1),Q,Y,USA,S13,S1,P3,_Z,_Z,_T,USD_PPP,V,LA,T0102,2004-Q3,1866277,,,F,1,A,6,USD
OECD.SDD.NAD:DSD_NAMAIN1@DF_QNA_EXPENDITURE_USD(1.1),Q,Y,USA,S13,S1,P3,_Z,_Z,_T,USD_PPP,V,LA,T0102,2004-Q4,1891719,,,F,1,A,6,USD
OECD.SDD.NAD:DSD_NAMAIN1@DF_QNA_EXPENDITURE_USD(1.1),Q,Y,USA,S13,S1,P3,_Z,_Z,_T,USD_PPP,V,LA,T0102,2005-Q1,1924577,,,F,1,A,6,USD
OECD.SDD.NAD:DSD_NAMAIN1@DF_QNA_EXPENDITURE_USD(1.1),Q,Y,USA,S13,S1,P3,_Z,_Z,_T,USD_PPP,V,LA,T0102,2005-Q2,1942015,,,F,1,A,6,USD
OECD.SDD.NAD:DSD_NAMAIN1@DF_QNA_EXPENDITURE_USD(1.1),Q,Y,USA,S13,S1,P3,_Z,_Z,_T,USD_PPP,V,LA,T0102,2005-Q3,1977107,,,F,1,A,6,USD
OECD.SDD.NAD:DSD_NAMAIN1@DF_QNA_EXPENDITURE_USD(1.1),Q,Y,USA,S13,S1,P3,_Z,_Z,_T,USD_PPP,V,LA,T0102,2005-Q4,2004410,,,F,1,A,6,USD
OECD.SDD.NAD:DSD_NAMAIN1@DF_QNA_EXPENDITURE_USD(1.1),Q,Y,USA,S13,S1,P3,_Z,_Z,_T,USD_PPP,V,LA,T0102,2006-Q1,2040401,,,F,1,A,6,USD
OECD.SDD.NAD:DSD_NAMAIN1@DF_QNA_EXPENDITURE_USD(1.1),Q,Y,USA,S13,S1,P3,_Z,_Z,_T,USD_PPP,V,LA,T0102,2006-Q2,2058753,,,F,1,A,6,USD
OECD.SDD.NAD:DSD_NAMAIN1@DF_QNA_EXPENDITURE_USD(1.1),Q,Y,USA,S13,S1,P3,_Z,_Z,_T,USD_PPP,V,LA,T0102,2006-Q3,2080203,,,F,1,A,6,USD
OECD.SDD.NAD:DSD_NAMAIN1@DF_QNA_EXPENDITURE_USD(1.1),Q,Y,USA,S13,S1,P3,_Z,_Z,_T,USD_PPP,V,LA,T0102,2006-Q4,2112456,,,F,1,A,6,USD
OECD.SDD.NAD:DSD_NAMAIN1@DF_QNA_EXPENDITURE_USD(1.1),Q,Y,USA,S13,S1,P3,_Z,_Z,_T,USD_PPP,V,LA,T0102,2007-Q1,2144207,,,F,1,A,6,USD
OECD.SDD.NAD:DSD_NAMAIN1@DF_QNA_EXPENDITURE_USD(1.1),Q,Y,USA,S13,S1,P3,_Z,_Z,_T,USD_PPP,V,LA,T0102,2007-Q2,2180314,,,F,1,A,6,USD
OECD.SDD.NAD:DSD_NAMAIN1@DF_QNA_EXPENDITURE_USD(1.1),Q,Y,USA,S13,S1,P3,_Z,_Z,_T,USD_PPP,V,LA,T0102,2007-Q3,2212744,,,F,1,A,6,USD
OECD.SDD.NAD:DSD_NAMAIN1@DF_QNA_EXPENDITURE_USD(1.1),Q,Y,USA,S13,S1,P3,_Z,_Z,_T,USD_PPP,V,LA,T0102,2007-Q4,2256863,,,F,1,A,6,USD
OECD.SDD.NAD:DSD_NAMAIN1@DF_QNA_EXPENDITURE_USD(1.1),Q,Y,USA,S13,S1,P3,_Z,_Z,_T,USD_PPP,V,LA,T0102,2008-Q1,2297995,,,F,1,A,6,USD
OECD.SDD.NAD:DSD_NAMAIN1@DF_QNA_EXPENDITURE_USD(1.1),Q,Y,USA,S13,S1,P3,_Z,_Z,_T,USD_PPP,V,LA,T0102,2008-Q2,2344055,,,F,1,A,6,USD
OECD.SDD.NAD:DSD_NAMAIN1@DF_QNA_EXPENDITURE_USD(1.1),Q,Y,USA,S13,S1,P3,_Z,_Z,_T,USD_PPP,V,LA,T0102,2008-Q3,2391292,,,F,1,A,6,USD
OECD.SDD.NAD:DSD_NAMAIN1@DF_QNA_EXPENDITURE_USD(1.1),Q,Y,USA,S13,S1,P3,_Z,_Z,_T,USD_PPP,V,LA,T0102,2008-Q4,2380419,,,F,1,A,6,USD
OECD.SDD.NAD:DSD_NAMAIN1@DF_QNA_EXPENDITURE_USD(1.1),Q,Y,USA,S13,S1,P3,_Z,_Z,_T,USD_PPP,V,LA,T0102,2009-Q1,2381999,,,F,1,A,6,USD
OECD.SDD.NAD:DSD_NAMAIN1@DF_QNA_EXPENDITURE_USD(1.1),Q,Y,USA,S13,S1,P3,_Z,_Z,_T,USD_PPP,V,LA,T0102,2009-Q2,2423922,,,F,1,A,6,USD
OECD.SDD.NAD:DSD_NAMAIN1@DF_QNA_EXPENDITURE_USD(1.1),Q,Y,USA,S13,S1,P3,_Z,_Z,_T,USD_PPP,V,LA,T0102,2009-Q3,2447113,,,F,1,A,6,USD
OECD.SDD.NAD:DSD_NAMAIN1@DF_QNA_EXPENDITURE_USD(1.1),Q,Y,USA,S13,S1,P3,_Z,_Z,_T,USD_PPP,V,LA,T0102,2009-Q4,2480682,,,F,1,A,6,USD
OECD.SDD.NAD:DSD_NAMAIN1@DF_QNA_EXPENDITURE_USD(1.1),Q,Y,USA,S13,S1,P3,_Z,_Z,_T,USD_PPP,V,LA,T0102,2010-Q1,2500641,,,F,1,A,6,USD
OECD.SDD.NAD:DSD_NAMAIN1@DF_QNA_EXPENDITURE_USD(1.1),Q,Y,USA,S13,S1,P3,_Z,_Z,_T,USD_PPP,V,LA,T0102,2010-Q2,2517742,,,F,1,A,6,USD
OECD.SDD.NAD:DSD_NAMAIN1@DF_QNA_EXPENDITURE_USD(1.1),Q,Y,USA,S13,S1,P3,_Z,_Z,_T,USD_PPP,V,LA,T0102,2010-Q3,2508885,,,F,1,A,6,USD
OECD.SDD.NAD:DSD_NAMAIN1@DF_QNA_EXPENDITURE_USD(1.1),Q,Y,USA,S13,S1,P3,_Z,_Z,_T,USD_PPP,V,LA,T0102,2010-Q4,2516921,,,F,1,A,6,USD
OECD.SDD.NAD:DSD_NAMAIN1@DF_QNA_EXPENDITURE_USD(1.1),Q,Y,USA,S13,S1,P3,_Z,_Z,_T,USD_PPP,V,LA,T0102,2011-Q1,2516417,,,F,1,A,6,USD
OECD.SDD.NAD:DSD_NAMAIN1@DF_QNA_EXPENDITURE_USD(1.1),Q,Y,USA,S13,S1,P3,_Z,_Z,_T,USD_PPP,V,LA,T0102,2011-Q2,2531982,,,F,1,A,6,USD
OECD.SDD.NAD:DSD_NAMAIN1@DF_QNA_EXPENDITURE_USD(1.1),Q,Y,USA,S13,S1,P3,_Z,_Z,_T,USD_PPP,V,LA,T0102,2011-Q3,2501810,,,F,1,A,6,USD
OECD.SDD.NAD:DSD_NAMAIN1@DF_QNA_EXPENDITURE_USD(1.1),Q,Y,USA,S13,S1,P3,_Z,_Z,_T,USD_PPP,V,LA,T0102,2011-Q4,2495035,,,F,1,A,6,USD
OECD.SDD.NAD:DSD_NAMAIN1@DF_QNA_EXPENDITURE_USD(1.1),Q,Y,USA,S13,S1,P3,_Z,_Z,_T,USD_PPP,V,LA,T0102,2012-Q1,2517184,,,F,1,A,6,USD
OECD.SDD.NAD:DSD_NAMAIN1@DF_QNA_EXPENDITURE_USD(1.1),Q,Y,USA,S13,S1,P3,_Z,_Z,_T,USD_PPP,V,LA,T0102,2012-Q2,2503340,,,F,1,A,6,USD
OECD.SDD.NAD:DSD_NAMAIN1@DF_QNA_EXPENDITURE_USD(1.1),Q,Y,USA,S13,S1,P3,_Z,_Z,_T,USD_PPP,V,LA,T0102,2012-Q3,2519684,,,F,1,A,6,USD
OECD.SDD.NAD:DSD_NAMAIN1@DF_QNA_EXPENDITURE_USD(1.1),Q,Y,USA,S13,S1,P3,_Z,_Z,_T,USD_PPP,V,LA,T0102,2012-Q4,2521550,,,F,1,A,6,USD
OECD.SDD.NAD:DSD_NAMAIN1@DF_QNA_EXPENDITURE_USD(1.1),Q,Y,USA,S13,S1,P3,_Z,_Z,_T,USD_PPP,V,LA,T0102,2013-Q1,2524169,,,F,1,A,6,USD
OECD.SDD.NAD:DSD_NAMAIN1@DF_QNA_EXPENDITURE_USD(1.1),Q,Y,USA,S13,S1,P3,_Z,_Z,_T,USD_PPP,V,LA,T0102,2013-Q2,2531613,,,F,1,A,6,USD
OECD.SDD.NAD:DSD_NAMAIN1@DF_QNA_EXPENDITURE_USD(1.1),Q,Y,USA,S13,S1,P3,_Z,_Z,_T,USD_PPP,V,LA,T0102,2013-Q3,2530734,,,F,1,A,6,USD
OECD.SDD.NAD:DSD_NAMAIN1@DF_QNA_EXPENDITURE_USD(1.1),Q,Y,USA,S13,S1,P3,_Z,_Z,_T,USD_PPP,V,LA,T0102,2013-Q4,2536463,,,F,1,A,6,USD
OECD.SDD.NAD:DSD_NAMAIN1@DF_QNA_EXPENDITURE_USD(1.1),Q,Y,USA,S13,S1,P3,_Z,_Z,_T,USD_PPP,V,LA,T0102,2014-Q1,2547392,,,F,1,A,6,USD
OECD.SDD.NAD:DSD_NAMAIN1@DF_QNA_EXPENDITURE_USD(1.1),Q,Y,USA,S13,S1,P3,_Z,_Z,_T,USD_PPP,V,LA,T0102,2014-Q2,2548426,,,F,1,A,6,USD
OECD.SDD.NAD:DSD_NAMAIN1@DF_QNA_EXPENDITURE_USD(1.1),Q,Y,USA,S13,S1,P3,_Z,_Z,_T,USD_PPP,V,LA,T0102,2014-Q3,2581399,,,F,1,A,6,USD
OECD.SDD.NAD:DSD_NAMAIN1@DF_QNA_EXPENDITURE_USD(1.1),Q,Y,USA,S13,S1,P3,_Z,_Z,_T,USD_PPP,V,LA,T0102,2014-Q4,2571889,,,F,1,A,6,USD
OECD.SDD.NAD:DSD_NAMAIN1@DF_QNA_EXPENDITURE_USD(1.1),Q,Y,USA,S13,S1,P3,_Z,_Z,_T,USD_PPP,V,LA,T0102,2015-Q1,2574327,,,F,1,A,6,USD
OECD.SDD.NAD:DSD_NAMAIN1@DF_QNA_EXPENDITURE_USD(1.1),Q,Y,USA,S13,S1,P3,_Z,_Z,_T,USD_PPP,V,LA,T0102,2015-Q2,2601375,,,F,1,A,6,USD
OECD.SDD.NAD:DSD_NAMAIN1@DF_QNA_EXPENDITURE_USD(1.1),Q,Y,USA,S13,S1,P3,_Z,_Z,_T,USD_PPP,V,LA,T0102,2015-Q3,2615896,,,F,1,A,6,USD
OECD.SDD.NAD:DSD_NAMAIN1@DF_QNA_EXPENDITURE_USD(1.1),Q,Y,USA,S13,S1,P3,_Z,_Z,_T,USD_PPP,V,LA,T0102,2015-Q4,2624356,,,F,1,A,6,USD
OECD.SDD.NAD:DSD_NAMAIN1@DF_QNA_EXPENDITURE_USD(1.1),Q,Y,USA,S13,S1,P3,_Z,_Z,_T,USD_PPP,V,LA,T0102,2016-Q1,2621296,,,F,1,A,6,USD
OECD.SDD.NAD:DSD_NAMAIN1@DF_QNA_EXPENDITURE_USD(1.1),Q,Y,USA,S13,S1,P3,_Z,_Z,_T,USD_PPP,V,LA,T0102,2016-Q2,2642923,,,F,1,A,6,USD
OECD.SDD.NAD:DSD_NAMAIN1@DF_QNA_EXPENDITURE_USD(1.1),Q,Y,USA,S13,S1,P3,_Z,_Z,_T,USD_PPP,V,LA,T0102,2016-Q3,2668281,,,F,1,A,6,USD
OECD.SDD.NAD:DSD_NAMAIN1@DF_QNA_EXPENDITURE_USD(1.1),Q,Y,USA,S13,S1,P3,_Z,_Z,_T,USD_PPP,V,LA,T0102,2016-Q4,2680996,,,F,1,A,6,USD
OECD.SDD.NAD:DSD_NAMAIN1@DF_QNA_EXPENDITURE_USD(1.1),Q,Y,USA,S13,S1,P3,_Z,_Z,_T,USD_PPP,V,LA,T0102,2017-Q1,2689905,,,F,1,A,6,USD
OECD.SDD.NAD:DSD_NAMAIN1@DF_QNA_EXPENDITURE_USD(1.1),Q,Y,USA,S13,S1,P3,_Z,_Z,_T,USD_PPP,V,LA,T0102,2017-Q2,2695724,,,F,1,A,6,USD
OECD.SDD.NAD:DSD_NAMAIN1@DF_QNA_EXPENDITURE_USD(1.1),Q,Y,USA,S13,S1,P3,_Z,_Z,_T,USD_PPP,V,LA,T0102,2017-Q3,2715851,,,F,1,A,6,USD
OECD.SDD.NAD:DSD_NAMAIN1@DF_QNA_EXPENDITURE_USD(1.1),Q,Y,USA,S13,S1,P3,_Z,_Z,_T,USD_PPP,V,LA,T0102,2017-Q4,2761375,,,F,1,A,6,USD
OECD.SDD.NAD:DSD_NAMAIN1@DF_QNA_EXPENDITURE_USD(1.1),Q,Y,USA,S13,S1,P3,_Z,_Z,_T,USD_PPP,V,LA,T0102,2018-Q1,2801299,,,F,1,A,6,USD
OECD.SDD.NAD:DSD_NAMAIN1@DF_QNA_EXPENDITURE_USD(1.1),Q,Y,USA,S13,S1,P3,_Z,_Z,_T,USD_PPP,V,LA,T0102,2018-Q2,2839147,,,F,1,A,6,USD
OECD.SDD.NAD:DSD_NAMAIN1@DF_QNA_EXPENDITURE_USD(1.1),Q,Y,USA,S13,S1,P3,_Z,_Z,_T,USD_PPP,V,LA,T0102,2018-Q3,2885521,,,F,1,A,6,USD
OECD.SDD.NAD:DSD_NAMAIN1@DF_QNA_EXPENDITURE_USD(1.1),Q,Y,USA,S13,S1,P3,_Z,_Z,_T,USD_PPP,V,LA,T0102,2018-Q4,2912960,,,F,1,A,6,USD
OECD.SDD.NAD:DSD_NAMAIN1@DF_QNA_EXPENDITURE_USD(1.1),Q,Y,USA,S13,S1,P3,_Z,_Z,_T,USD_PPP,V,LA,T0102,2019-Q1,2938925,,,F,1,A,6,USD
OECD.SDD.NAD:DSD_NAMAIN1@DF_QNA_EXPENDITURE_USD(1.1),Q,Y,USA,S13,S1,P3,_Z,_Z,_T,USD_PPP,V,LA,T0102,2019-Q2,2994223,,,F,1,A,6,USD
OECD.SDD.NAD:DSD_NAMAIN1@DF_QNA_EXPENDITURE_USD(1.1),Q,Y,USA,S13,S1,P3,_Z,_Z,_T,USD_PPP,V,LA,T0102,2019-Q3,3034139,,,F,1,A,6,USD
OECD.SDD.NAD:DSD_NAMAIN1@DF_QNA_EXPENDITURE_USD(1.1),Q,Y,USA,S13,S1,P3,_Z,_Z,_T,USD_PPP,V,LA,T0102,2019-Q4,3080936,,,F,1,A,6,USD
OECD.SDD.NAD:DSD_NAMAIN1@DF_QNA_EXPENDITURE_USD(1.1),Q,Y,USA,S13,S1,P3,_Z,_Z,_T,USD_PPP,V,LA,T0102,2020-Q1,3135123,,,F,1,A,6,USD
OECD.SDD.NAD:DSD_NAMAIN1@DF_QNA_EXPENDITURE_USD(1.1),Q,Y,USA,S13,S1,P3,_Z,_Z,_T,USD_PPP,V,LA,T0102,2020-Q2,3206087,,,F,1,A,6,USD
OECD.SDD.NAD:DSD_NAMAIN1@DF_QNA_EXPENDITURE_USD(1.1),Q,Y,USA,S13,S1,P3,_Z,_Z,_T,USD_PPP,V,LA,T0102,2020-Q3,3182441,,,F,1,A,6,USD
OECD.SDD.NAD:DSD_NAMAIN1@DF_QNA_EXPENDITURE_USD(1.1),Q,Y,USA,S13,S1,P3,_Z,_Z,_T,USD_PPP,V,LA,T0102,2020-Q4,3196783,,,F,1,A,6,USD
OECD.SDD.NAD:DSD_NAMAIN1@DF_QNA_EXPENDITURE_USD(1.1),Q,Y,USA,S13,S1,P3,_Z,_Z,_T,USD_PPP,V,LA,T0102,2021-Q1,3330277,,,F,1,A,6,USD
OECD.SDD.NAD:DSD_NAMAIN1@DF_QNA_EXPENDITURE_USD(1.1),Q,Y,USA,S13,S1,P3,_Z,_Z,_T,USD_PPP,V,LA,T0102,2021-Q2,3349949,,,F,1,A,6,USD
OECD.SDD.NAD:DSD_NAMAIN1@DF_QNA_EXPENDITURE_USD(1.1),Q,Y,USA,S13,S1,P3,_Z,_Z,_T,USD_PPP,V,LA,T0102,2021-Q3,3387710,,,F,1,A,6,USD
OECD.SDD.NAD:DSD_NAMAIN1@DF_QNA_EXPENDITURE_USD(1.1),Q,Y,USA,S13,S1,P3,_Z,_Z,_T,USD_PPP,V,LA,T0102,2021-Q4,3437624,,,F,1,A,6,USD
OECD.SDD.NAD:DSD_NAMAIN1@DF_QNA_EXPENDITURE_USD(1.1),Q,Y,USA,S13,S1,P3,_Z,_Z,_T,USD_PPP,V,LA,T0102,2022-Q1,3467915,,,F,1,A,6,USD
OECD.SDD.NAD:DSD_NAMAIN1@DF_QNA_EXPENDITURE_USD(1.1),Q,Y,USA,S13,S1,P3,_Z,_Z,_T,USD_PPP,V,LA,T0102,2022-Q2,3551583,,,F,1,A,6,USD
OECD.SDD.NAD:DSD_NAMAIN1@DF_QNA_EXPENDITURE_USD(1.1),Q,Y,USA,S13,S1,P3,_Z,_Z,_T,USD_PPP,V,LA,T0102,2022-Q3,3586581,,,F,1,A,6,USD
OECD.SDD.NAD:DSD_NAMAIN1@DF_QNA_EXPENDITURE_USD(1.1),Q,Y,USA,S13,S1,P3,_Z,_Z,_T,USD_PPP,V,LA,T0102,2022-Q4,3647873,,,F,1,A,6,USD
OECD.SDD.NAD:DSD_NAMAIN1@DF_QNA_EXPENDITURE_USD(1.1),Q,Y,USA,S13,S1,P3,_Z,_Z,_T,USD_PPP,V,LA,T0102,2023-Q1,3700860,,,F,1,A,6,USD
OECD.SDD.NAD:DSD_NAMAIN1@DF_QNA_EXPENDITURE_USD(1.1),Q,Y,USA,S13,S1,P3,_Z,_Z,_T,USD_PPP,V,LA,T0102,2023-Q2,3706160,,,F,1,A,6,USD
OECD.SDD.NAD:DSD_NAMAIN1@DF_QNA_EXPENDITURE_USD(1.1),Q,Y,USA,S13,S1,P3,_Z,_Z,_T,USD_PPP,V,LA,T0102,2023-Q3,3808367,,,F,1,A,6,USD
OECD.SDD.NAD:DSD_NAMAIN1@DF_QNA_EXPENDITURE_USD(1.1),Q,Y,USA,S13,S1,P3,_Z,_Z,_T,USD_PPP,V,LA,T0102,2023-Q4,3848126,,,F,1,A,6,USD
OECD.SDD.NAD:DSD_NAMAIN1@DF_QNA_EXPENDITURE_USD(1.1),Q,Y,USA,S13,S1,P3,_Z,_Z,_T,USD_PPP,V,LA,T0102,2024-Q1,3914569,,,F,1,A,6,USD
OECD.SDD.NAD:DSD_NAMAIN1@DF_QNA_EXPENDITURE_USD(1.1),Q,Y,USA,S13,S1,P3,_Z,_Z,_T,USD_PPP,V,LA,T0102,2024-Q2,3959502,,,F,1,A,6,USD
OECD.SDD.NAD:DSD_NAMAIN1@DF_QNA_EXPENDITURE_USD(1.1),Q,Y,USA,S13,S1,P3,_Z,_Z,_T,USD_PPP,V,LA,T0102,2024-Q3,4021875,,,F,1,A,6,USD
OECD.SDD.NAD:DSD_NAMAIN1@DF_QNA_EXPENDITURE_USD(1.1),Q,Y,USA,S13,S1,P3,_Z,_Z,_T,USD_PPP,V,LA,T0102,2024-Q4,4071414,,,F,1,A,6,USD
OECD.SDD.NAD:DSD_NAMAIN1@DF_QNA_EXPENDITURE_USD(1.1),Q,Y,USA,S13,S1,P3,_Z,_Z,_T,USD_PPP,V,LA,T0102,2025-Q1,4104868,,,F,1,A,6,USD
OECD.SDD.NAD:DSD_NAMAIN1@DF_QNA_EXPENDITURE_USD(1.1),Q,Y,USA,S13,S1,P3,_Z,_Z,_T,USD_PPP,V,LA,T0102,2025-Q2,4131969,,,F,1,A,6,USD
OECD.SDD.NAD:DSD_NAMAIN1@DF_QNA_EXPENDITURE_USD(1.1),Q,Y,USA,S13,S1,P3,_Z,_Z,_T,USD_PPP,V,LA,T0102,2025-Q3,4208461,,,F,1,A,6,USD
OECD.SDD.NAD:DSD_NAMAIN1@DF_QNA_EXPENDITURE_USD(1.1),Q,Y,USA,S13,S1,P3,_Z,_Z,_T,USD_PPP,V,LA,T0102,2025-Q4,4215945,,,F,1,A,6,USD
OECD.SDD.NAD:DSD_NAMAIN1@DF_QNA_EXPENDITURE_USD(1.1),Q,Y,USA,S13,S1,P3,_Z,_Z,_T,USD_PPP,V,LA,T0102,2026-Q1,4274767,,,F,1,A,6,USD
OECD.SDD.NAD:DSD_NAMAIN1@DF_QNA_EXPENDITURE_USD(1.1),Q,Y,USA,S13,S1,P3,_Z,_Z,_T,USD_PPP,V,LA,T0102,2026-Q2,4384931,,,F,1,A,6,USD
OECD.SDD.NAD:DSD_NAMAIN1@DF_QNA_EXPENDITURE_USD(1.1),Q,Y,USA,S13,S1,P3,_Z,_Z,_T,USD_PPP,LR,LA,T0102,2026-Q1,3378425.2,2020,,F,1,A,6,USD
OECD.SDD.NAD:DSD_NAMAIN1@DF_QNA_EXPENDITURE_USD(1.1),Q,Y,USA,S13,S1,P3,_Z,_Z,_T,USD_PPP,LR,LA,T0102,2026-Q2,3368358.3,2020,,F,1,A,6,USD
OECD.SDD.NAD:DSD_NAMAIN1@DF_QNA_EXPENDITURE_USD(1.1),Q,Y,USA,S1M,S1,P3,_Z,_Z,_T,USD_PPP,V,LA,T0102,2026-Q1,21634948,,,F,1,A,6,USD
OECD.SDD.NAD:DSD_NAMAIN1@DF_QNA_EXPENDITURE_USD(1.1),Q,Y,USA,S1M,S1,P3,_Z,_Z,_T,USD_PPP,V,LA,T0102,2026-Q2,22100126,,,F,1,A,6,USD
OECD.SDD.NAD:DSD_NAMAIN1@DF_QNA_EXPENDITURE_USD(1.1),Q,Y,USA,S1M,S1,P3,_Z,_Z,_T,USD_PPP,LR,LA,T0102,2026-Q1,17466456,2020,,F,1,A,6,USD
OECD.SDD.NAD:DSD_NAMAIN1@DF_QNA_EXPENDITURE_USD(1.1),Q,Y,USA,S1M,S1,P3,_Z,_Z,_T,USD_PPP,LR,LA,T0102,2026-Q2,17615033.2,2020,,F,1,A,6,USD
OECD.SDD.NAD:DSD_NAMAIN1@DF_QNA_EXPENDITURE_USD(1.1),Q,Y,USA,S1,S1,P51G,_Z,_T,_Z,USD_PPP,LR,LA,T0102,2026-Q1,5583664.1,2020,,F,1,A,6,USD
OECD.SDD.NAD:DSD_NAMAIN1@DF_QNA_EXPENDITURE_USD(1.1),Q,Y,USA,S1,S1,P51G,_Z,_T,_Z,USD_PPP,LR,LA,T0102,2026-Q2,5662281.1,2020,,F,1,A,6,USD
OECD.SDD.NAD:DSD_NAMAIN1@DF_QNA_EXPENDITURE_USD(1.1),Q,Y,USA,S1,S1,B1GQ,_Z,_Z,_Z,USD_PPP,LR,LA,T0102,2026-Q1,25480700.2,2020,,F,1,A,6,USD
OECD.SDD.NAD:DSD_NAMAIN1@DF_QNA_EXPENDITURE_USD(1.1),Q,Y,USA,S1,S1,B1GQ,_Z,_Z,_Z,USD_PPP,LR,LA,T0102,2026-Q2,25574690.5,2020,,F,1,A,6,USD
OECD.SDD.NAD:DSD_NAMAIN1@DF_QNA_EXPENDITURE_USD(1.1),Q,Y,USA,S1,S1,P51G,_Z,_T,_Z,USD_PPP,V,LA,T0102,2026-Q1,6804017,,,F,1,A,6,USD
OECD.SDD.NAD:DSD_NAMAIN1@DF_QNA_EXPENDITURE_USD(1.1),Q,Y,USA,S1,S1,P51G,_Z,_T,_Z,USD_PPP,V,LA,T0102,2026-Q2,6967918,,,F,1,A,6,USD
OECD.SDD.NAD:DSD_NAMAIN1@DF_QNA_EXPENDITURE_USD(1.1),Q,Y,USA,S1,S1,B1GQ,_Z,_Z,_Z,USD_PPP,V,LA,T0102,2026-Q1,31865721,,,F,1,A,6,USD
OECD.SDD.NAD:DSD_NAMAIN1@DF_QNA_EXPENDITURE_USD(1.1),Q,Y,USA,S1,S1,B1GQ,_Z,_Z,_Z,USD_PPP,V,LA,T0102,2026-Q2,32486066,,,F,1,A,6,USD
